packet_rate,avg_latency,byte_rate,flow_count,tcp_ratio,udp_ratio,icmp_ratio,congested
39.8113,46.6326,739.3272,10,0.6851,0.2289,0.0859,0
255.885,21.3629,4649.3324,15,0.8434,0.1566,0.0,0
17.0907,4.6217,20183.7724,13,0.5402,0.2185,0.2413,0
923.9116,412.3887,353230.2599,29,0.6476,0.0654,0.287,1
280.0585,30.1814,39911.0127,5,0.5279,0.3265,0.1456,0
1337.6061,199.492,159160.3974,90,0.9348,0.0652,0.0,1
218.7084,17.2143,30489.3645,7,0.6791,0.2099,0.111,0
803.3444,377.2207,331517.0125,91,0.9009,0.0991,0.0,1
141.2106,22.5949,23494.9043,7,0.524,0.358,0.1181,0
169.3022,23.0056,39483.9983,9,0.5521,0.3491,0.0988,0
239.976,29.4094,47304.4881,17,0.8195,0.1805,0.0,0
261.5179,22.5976,3548.485,14,0.8826,0.1174,0.0,0
53.0473,20.7725,39039.6773,10,0.8504,0.1496,0.0,0
227.5771,28.1991,44414.7209,1,0.792,0.208,0.0,0
149.349,3.2974,32234.64,18,0.6568,0.0749,0.2683,0
186.5477,4.6706,1007.4697,16,0.7499,0.2501,0.0,0
185.7183,44.1071,35822.7103,5,0.752,0.2152,0.0328,0
104.4795,24.4819,2317.2099,19,0.8011,0.1989,0.0,0
108.1086,43.2068,14833.7217,13,0.5877,0.1629,0.2494,0
30.8366,36.4945,16910.2658,19,0.6807,0.3018,0.0175,0
1355.2102,229.3529,375213.4766,71,0.8414,0.0676,0.091,1
76.1107,17.9477,19315.3946,12,0.5862,0.2781,0.1357,0
912.0482,304.3027,161152.7877,48,0.897,0.0317,0.0713,1
666.4533,217.9647,165707.9622,62,0.9434,0.0088,0.0479,1
87.149,1.0624,7287.9062,11,0.5139,0.3658,0.1203,0
505.5781,195.4569,276665.9779,72,0.7302,0.0058,0.2639,1
21.5845,4.9061,17233.3052,4,0.5325,0.1423,0.3252,0
27.6407,30.8346,38956.2913,6,0.5649,0.2386,0.1965,0
260.3139,5.3547,5337.6441,2,0.8901,0.1099,0.0,0
101.7075,20.5174,27762.083,3,0.5586,0.2635,0.1779,0
1739.1491,181.6435,433602.3077,63,0.624,0.1381,0.2379,1
149.7974,22.0958,42846.3514,5,0.8359,0.1641,0.0,0
1657.9135,355.4358,294918.1913,27,0.74,0.2224,0.0376,1
1885.3862,362.5322,97332.9992,69,0.8294,0.0535,0.117,1
1886.9059,256.0668,268965.2029,31,0.906,0.0479,0.0461,1
188.4167,11.383,16513.7102,16,0.7254,0.1923,0.0823,0
1111.9484,153.8325,126382.7141,54,0.8507,0.1493,0.0,1
1261.6409,154.3573,134800.2795,56,0.8084,0.1916,0.0,1
294.967,22.0717,10153.2546,13,0.7796,0.2204,0.0,0
154.0038,13.8955,45427.8819,4,0.7209,0.2229,0.0563,0
271.3205,3.4347,26264.5424,13,0.5564,0.3442,0.0994,0
925.0093,467.1621,366843.7141,37,0.9719,0.0281,0.0,1
130.18,31.5055,10739.5406,14,0.7615,0.2385,0.0,0
792.205,204.993,469001.7367,25,0.6455,0.0447,0.3099,1
27.8626,43.3585,14260.948,12,0.6631,0.2234,0.1135,0
85.5651,28.2864,23292.2691,2,0.5413,0.3977,0.061,0
130.8433,13.9401,37120.1124,13,0.7324,0.2676,0.0,0
1466.9402,133.203,326981.0559,90,0.6128,0.195,0.1922,1
1559.1365,209.3085,389343.1835,98,0.6752,0.0698,0.255,1
173.5876,4.4791,20279.3839,11,0.5924,0.0791,0.3285,0
132.6951,26.4169,28571.3146,18,0.7207,0.2656,0.0137,0
1872.5953,169.67,135358.8263,59,0.7469,0.1605,0.0926,1
244.5904,11.2943,25789.9141,19,0.8787,0.1213,0.0,0
1393.8345,247.2547,483914.7103,78,0.8242,0.1338,0.042,1
1366.2781,107.2608,234143.6665,97,0.9063,0.0937,0.0,1
93.4779,47.9055,34267.0206,6,0.5456,0.3292,0.1253,0
256.1139,2.6696,20567.3499,1,0.8615,0.1385,0.0,0
1827.736,333.1511,274182.4961,18,0.8734,0.1072,0.0194,1
1266.9781,471.2181,119455.926,92,0.8759,0.0308,0.0932,1
547.0594,238.6909,174038.1068,16,0.9421,0.0579,0.0,1
44.8906,31.5152,39450.6343,14,0.7758,0.2242,0.0,0
241.3691,14.6298,31793.4437,8,0.6848,0.3152,0.0,0
32.2547,8.4003,21173.0957,8,0.7091,0.1041,0.1868,0
81.0079,9.0963,31116.7561,14,0.8839,0.1161,0.0,0
588.9343,330.9983,440031.5808,83,0.7478,0.2522,0.0,1
111.1696,4.4009,8422.1556,13,0.6373,0.1672,0.1955,0
1079.7157,206.6749,136402.6821,59,0.9551,0.0228,0.0221,1
136.1754,4.9953,5698.1918,6,0.5825,0.0709,0.3467,0
16.6131,12.303,29988.7656,14,0.594,0.2651,0.1409,0
1590.7741,92.0009,99240.2683,93,0.7948,0.2052,0.0,1
287.9694,7.7507,27262.505,13,0.5449,0.3585,0.0966,0
92.6654,27.2892,49097.6384,16,0.5039,0.2759,0.2202,0
889.2974,404.9447,278845.5846,88,0.6763,0.2247,0.099,1
204.327,6.0643,24702.4722,16,0.6208,0.1033,0.2759,0
193.4457,18.5851,8686.8455,16,0.8569,0.08,0.0631,0
79.9979,16.3955,23033.4026,7,0.7479,0.1378,0.1143,0
774.0401,472.8385,472114.0313,93,0.7263,0.0056,0.2681,1
446.3924,411.5629,283139.3271,31,0.9425,0.0575,0.0,1
134.6875,9.8725,5542.8817,1,0.861,0.139,0.0,0
222.9858,4.7762,22028.9596,3,0.6872,0.0597,0.2531,0
242.2795,47.5667,39820.2042,16,0.8242,0.1758,0.0,0
271.6873,1.5324,30273.0087,8,0.8826,0.1174,0.0,0
171.8064,9.9898,29209.9406,18,0.5835,0.1723,0.2442,0
95.5616,37.0694,26896.3263,17,0.7111,0.2889,0.0,0
1172.3088,134.1688,358386.3871,40,0.8733,0.1267,0.0,1
1004.1957,301.3699,159022.1266,77,0.6482,0.06,0.2919,1
1300.81,263.0887,469311.1493,53,0.97,0.03,0.0,1
192.3949,10.6007,24976.7209,13,0.788,0.212,0.0,0
128.4227,9.5378,23213.0792,11,0.6748,0.2506,0.0746,0
72.2296,22.9578,47281.6161,12,0.8859,0.1141,0.0,0
231.3822,24.3294,8416.8982,13,0.662,0.338,0.0,0
1221.6789,307.7637,199277.3932,65,0.9218,0.0782,0.0,1
788.1673,279.2066,148068.4927,84,0.6435,0.0319,0.3246,1
1686.3871,212.0878,257727.8144,34,0.8019,0.0585,0.1396,1
418.2337,252.571,245397.2717,18,0.745,0.2538,0.0012,1
118.3782,36.5376,40094.105,15,0.6147,0.2678,0.1175,0
1277.6441,396.1388,482881.5185,71,0.9561,0.0439,0.0,1
1100.4944,318.273,359109.2388,61,0.9697,0.0303,0.0,1
293.9768,37.4458,787.6656,19,0.6543,0.3163,0.0294,0
272.504,22.9793,46424.4447,17,0.5481,0.3895,0.0624,0
173.9764,48.0302,13113.7286,16,0.8624,0.1376,0.0,0
795.8905,449.9677,275980.9743,94,0.8012,0.0655,0.1333,1
1251.8971,403.6053,246579.591,57,0.7206,0.1422,0.1372,1
214.8108,16.2901,5178.9778,6,0.6312,0.1085,0.2603,0
157.3685,3.4423,31436.3793,4,0.8391,0.1609,0.0,0
298.1275,11.9613,41710.8887,6,0.8309,0.1691,0.0,0
118.9123,43.2806,42261.5287,10,0.5415,0.2375,0.221,0
1021.5651,238.2418,309544.8204,54,0.846,0.1336,0.0204,1
1378.1263,414.2508,476755.9061,89,0.8488,0.0785,0.0727,1
16.2675,33.4202,9553.7412,3,0.7053,0.2947,0.0,0
669.2208,406.5457,477375.2131,24,0.889,0.0739,0.0371,1
14.8081,19.6597,27030.6293,8,0.6276,0.2637,0.1086,0
251.6411,47.9068,16118.6527,16,0.8049,0.102,0.0931,0
253.6165,22.3676,21730.8833,3,0.8455,0.1545,0.0,0
214.1071,15.6726,25786.3408,2,0.8886,0.1114,0.0,0
14.0967,19.4349,18094.3726,11,0.5879,0.1727,0.2395,0
75.2722,29.6256,38823.3831,2,0.5177,0.2182,0.2642,0
284.093,44.0969,48316.4819,5,0.5464,0.3073,0.1463,0
225.0902,20.8655,12506.7689,14,0.8643,0.1357,0.0,0
103.4107,24.6809,896.1755,17,0.7223,0.2293,0.0484,0
209.7814,24.1024,12029.6847,17,0.8869,0.1131,0.0,0
1045.8091,409.3553,376179.3108,40,0.8919,0.0538,0.0543,1
240.8831,30.9633,36905.2363,17,0.8242,0.1758,0.0,0
1183.282,285.8064,184192.2898,36,0.8645,0.1355,0.0,1
586.931,230.4388,233789.6045,49,0.8601,0.1399,0.0,1
42.435,31.7491,46435.7476,13,0.8238,0.0933,0.0829,0
139.513,20.0417,20625.9516,8,0.751,0.249,0.0,0
124.1937,41.6338,531.0449,5,0.5612,0.242,0.1968,0
1171.8559,91.1479,191031.0263,88,0.7503,0.2497,0.0,1
39.0833,15.5883,10219.2171,5,0.6706,0.3294,0.0,0
167.1042,4.7153,31083.3978,3,0.5298,0.0961,0.3741,0
1010.1215,461.6506,116817.5099,78,0.8719,0.1281,0.0,1
1500.1516,256.6159,392098.2885,15,0.765,0.0524,0.1826,1
105.0742,25.9806,48701.8618,14,0.844,0.156,0.0,0
180.7435,16.9719,42324.2711,18,0.7444,0.1414,0.1142,0
80.0089,18.0007,48766.921,18,0.8024,0.1976,0.0,0
111.9937,4.8789,22310.4955,1,0.7419,0.2581,0.0,0
1651.2993,354.3973,432879.0305,88,0.6852,0.2797,0.0351,1
124.0575,8.6793,11747.8861,1,0.5501,0.3204,0.1295,0
70.7011,32.5264,23571.3273,1,0.8092,0.1908,0.0,0
213.0029,29.0679,25451.431,2,0.7373,0.2627,0.0,0
101.1876,37.871,13280.0016,12,0.7485,0.2515,0.0,0
293.5959,36.4187,44504.6727,15,0.5455,0.1601,0.2944,0
1203.2643,353.519,417515.7204,79,0.9604,0.0396,0.0,1
28.8725,49.957,15892.2742,9,0.6023,0.3028,0.0949,0
56.5806,2.1912,38892.4004,18,0.5906,0.1887,0.2207,0
70.5071,39.9993,39798.2993,11,0.535,0.3395,0.1255,0
1748.4186,300.3054,196745.391,87,0.7412,0.1147,0.1441,1
283.2972,12.3113,3911.6069,10,0.636,0.1013,0.2627,0
134.5206,37.4364,46220.5451,8,0.8346,0.1442,0.0212,0
135.0848,23.1243,39131.6235,17,0.7418,0.2582,0.0,0
493.7345,275.8096,192509.8114,98,0.9502,0.0498,0.0,1
1324.0215,320.5284,251162.5517,18,0.8462,0.1538,0.0,1
151.9142,40.0523,24934.2723,16,0.7629,0.1098,0.1273,0
1760.3209,389.4286,84810.0238,19,0.9888,0.0112,0.0,1
12.4538,23.0343,40175.3428,1,0.8044,0.1014,0.0942,0
64.5854,42.1813,17562.4183,14,0.8556,0.1421,0.0023,0
286.4291,26.4236,16330.8503,11,0.8174,0.1826,0.0,0
17.6789,40.8335,18031.5321,7,0.6195,0.2896,0.0909,0
36.4392,46.2071,45375.6185,1,0.6999,0.25,0.0501,0
143.1458,29.5656,22401.2002,2,0.6205,0.0535,0.326,0
20.6241,28.3889,8064.8428,5,0.7784,0.1314,0.0903,0
171.7036,11.3152,41614.2803,9,0.8836,0.0962,0.0202,0
76.6674,12.2612,13574.1646,6,0.5155,0.1004,0.3841,0
234.1195,33.7313,6996.6979,12,0.5406,0.2282,0.2313,0
126.3668,38.2162,866.7654,19,0.5969,0.2414,0.1617,0
159.2425,21.0254,14783.3051,11,0.8869,0.1131,0.0,0
193.1827,5.583,33248.7394,10,0.8258,0.1742,0.0,0
134.454,48.0259,13971.6579,8,0.7843,0.2157,0.0,0
279.4803,42.2982,41519.7436,7,0.5791,0.1025,0.3185,0
227.8408,36.5253,26961.1622,10,0.6218,0.0972,0.281,0
226.5887,43.2999,8995.4287,4,0.8544,0.1456,0.0,0
983.7559,316.0951,131736.223,69,0.755,0.1027,0.1423,1
31.7904,6.7472,49960.9669,9,0.867,0.133,0.0,0
76.0583,40.4,33042.2328,14,0.886,0.114,0.0,0
89.7879,10.0723,19379.5693,2,0.7778,0.2222,0.0,0
138.9595,30.6454,21725.2002,6,0.7578,0.1992,0.0429,0
41.5134,10.2028,31808.4151,14,0.8385,0.1615,0.0,0
130.8341,21.8703,12167.9051,9,0.587,0.1698,0.2432,0
175.4477,21.7408,35473.7306,18,0.7771,0.2229,0.0,0
109.8009,5.1679,39765.5856,16,0.5779,0.1787,0.2435,0
175.1971,15.8527,34470.5694,3,0.6109,0.2406,0.1485,0
64.6575,34.9787,40724.0281,4,0.542,0.0526,0.4054,0
969.9639,318.7843,478056.0703,84,0.9895,0.0105,0.0,1
1016.6468,392.9609,318855.7576,47,0.7775,0.2225,0.0,1
141.9194,48.8093,1915.3135,7,0.725,0.1198,0.1552,0
189.216,4.1595,2262.0328,18,0.8411,0.1589,0.0,0
222.9024,26.5654,1205.4497,8,0.7227,0.0705,0.2067,0
821.1644,466.2126,162497.4993,44,0.7366,0.2634,0.0,1
266.5045,33.1238,14634.5023,17,0.6321,0.0805,0.2873,0
211.2731,29.9171,2246.0502,13,0.6013,0.296,0.1027,0
81.0172,2.5467,11159.2649,11,0.6985,0.0621,0.2395,0
164.0911,19.363,18897.3072,16,0.6188,0.3221,0.0591,0
76.5992,47.4644,1709.2666,8,0.8381,0.1619,0.0,0
83.884,17.6216,26234.2955,18,0.5788,0.0645,0.3567,0
257.9975,17.7382,33163.1671,6,0.7769,0.2231,0.0,0
205.9671,27.1945,31224.9029,3,0.8105,0.1895,0.0,0
474.2083,155.6866,475493.6392,63,0.621,0.0262,0.3528,1
292.8673,2.2569,18129.6947,9,0.5524,0.0571,0.3904,0
160.0765,36.6104,2624.9544,12,0.6314,0.1358,0.2328,0
50.1884,49.2455,26789.5159,9,0.7403,0.2597,0.0,0
159.2291,48.09,43631.9647,5,0.633,0.0722,0.2948,0
54.9107,46.6645,19380.3328,5,0.6958,0.1837,0.1205,0
1830.2634,172.3061,243505.1514,19,0.9901,0.0099,0.0,1
688.2202,91.6267,80521.9255,79,0.952,0.048,0.0,1
69.6877,42.6281,32194.3362,2,0.8119,0.1548,0.0333,0
136.8855,1.2064,16519.6968,17,0.5236,0.0802,0.3962,0
277.6743,35.4976,28368.6923,10,0.8201,0.1799,0.0,0
146.8454,17.0309,4200.1635,18,0.5498,0.0594,0.3908,0
200.7886,19.1814,24268.7796,13,0.6135,0.2832,0.1034,0
75.4219,30.327,34067.9757,7,0.643,0.2277,0.1293,0
65.8954,28.5594,34376.9055,3,0.6566,0.159,0.1844,0
195.8577,48.1155,42086.3724,19,0.8197,0.1803,0.0,0
158.6595,12.129,7282.5264,6,0.8584,0.1416,0.0,0
235.7963,39.6344,15397.4277,5,0.7686,0.1992,0.0322,0
19.5872,34.0614,47576.0279,3,0.8976,0.1024,0.0,0
241.206,41.4386,38638.6304,2,0.8942,0.1058,0.0,0
51.2101,23.9978,500.9524,5,0.7281,0.2509,0.021,0
1274.6485,320.1226,99175.069,59,0.6899,0.2835,0.0266,1
165.5811,49.5112,15065.0856,6,0.5785,0.3693,0.0521,0
39.0955,14.3879,19435.3181,3,0.5405,0.0714,0.3882,0
1685.4244,293.5362,257413.5951,16,0.7768,0.1924,0.0308,1
670.5414,151.6542,338086.2105,71,0.7841,0.1809,0.035,1
176.3964,3.9121,9663.9116,1,0.5952,0.3413,0.0636,0
827.4816,113.15,360206.3409,64,0.9802,0.0198,0.0,1
191.7642,2.6644,6407.9888,8,0.7447,0.2553,0.0,0
235.4474,27.2806,29949.9028,9,0.6741,0.2016,0.1243,0
778.4639,145.182,285393.7081,58,0.8988,0.1012,0.0,1
299.9319,11.0171,5107.3644,11,0.723,0.1511,0.1259,0
50.1332,39.4497,48532.1656,9,0.7403,0.1574,0.1023,0
224.9948,6.4386,43344.1162,16,0.7666,0.2334,0.0,0
1027.1755,80.2704,362522.7065,15,0.683,0.1436,0.1734,1
1241.5751,473.2118,342267.1591,93,0.7951,0.2049,0.0,1
1008.67,173.6991,137664.2591,15,0.7573,0.2427,0.0,1
1146.0234,265.1605,140569.002,34,0.7832,0.152,0.0648,1
149.5989,11.5077,30154.0244,5,0.6215,0.1414,0.237,0
168.3557,5.6716,17987.0195,10,0.5778,0.0831,0.3392,0
278.9931,9.7239,33432.7399,4,0.8388,0.1612,0.0,0
153.3353,28.9793,34135.2196,8,0.8213,0.1787,0.0,0
181.6039,2.046,46562.6207,2,0.6757,0.323,0.0013,0
32.6951,44.5519,34266.4223,1,0.7173,0.1637,0.1189,0
86.8562,18.1342,5163.9655,9,0.6615,0.2285,0.1101,0
631.8484,136.2864,162790.3413,44,0.618,0.1419,0.2401,1
1040.2374,99.5639,232502.8827,30,0.6843,0.132,0.1837,1
1823.1237,88.9364,499698.7541,69,0.9004,0.0996,0.0,1
567.9725,237.367,120670.2638,56,0.7789,0.1643,0.0568,1
201.0636,40.0825,37703.3967,10,0.7428,0.2572,0.0,0
816.349,173.9893,267160.361,68,0.9916,0.0084,0.0,1
98.6821,26.7134,22375.166,4,0.8926,0.1074,0.0,0
49.7913,38.894,34448.106,6,0.5874,0.1696,0.243,0
252.1865,46.8272,1275.6564,12,0.7233,0.2767,0.0,0
59.3925,47.1131,35344.9625,16,0.5786,0.3492,0.0722,0
268.6476,38.067,2288.3537,18,0.6702,0.1804,0.1494,0
82.369,10.9848,11354.9369,16,0.8854,0.1146,0.0,0
246.6735,19.9293,38322.6587,8,0.8438,0.0677,0.0885,0
36.5524,25.9439,19232.9305,19,0.812,0.188,0.0,0
252.4171,24.8896,2660.0626,4,0.6066,0.2017,0.1917,0
112.296,10.9326,37876.2089,14,0.5059,0.3229,0.1713,0
192.782,26.8106,38540.0808,18,0.5842,0.0698,0.346,0
273.0872,37.2645,43255.6084,10,0.7546,0.0929,0.1525,0
1855.8485,359.6766,415162.037,83,0.9114,0.077,0.0116,1
57.2576,7.7217,30970.7819,9,0.7241,0.2319,0.044,0
230.4798,43.8357,20948.6497,8,0.8443,0.1094,0.0463,0
84.7293,27.1355,3466.9987,3,0.8296,0.0811,0.0893,0
26.6179,3.3074,41359.3336,14,0.5999,0.0856,0.3145,0
43.7349,13.7716,3892.1181,12,0.7309,0.1739,0.0952,0
1488.4402,205.2228,181682.0127,69,0.6493,0.028,0.3227,1
858.1054,188.9024,296122.751,18,0.9553,0.0158,0.029,1
283.5809,3.7186,11925.1135,3,0.6904,0.3096,0.0,0
1324.8358,117.8027,119487.835,95,0.8104,0.1326,0.0571,1
60.0285,15.7973,39436.3543,7,0.7262,0.2181,0.0557,0
244.6012,27.6856,45748.5085,7,0.8005,0.1995,0.0,0
250.9041,10.0791,26829.665,2,0.776,0.224,0.0,0
147.7143,9.5501,48048.2491,2,0.8439,0.1561,0.0,0
258.946,14.5438,17108.2371,2,0.7065,0.1404,0.153,0
220.6063,14.3801,32478.621,14,0.8343,0.1657,0.0,0
47.8871,8.2317,29814.9748,12,0.5115,0.1779,0.3106,0
1646.0527,211.9886,319143.9917,77,0.9978,0.0022,0.0,1
701.7767,367.4573,220872.5747,99,0.653,0.0728,0.2741,1
145.8179,32.1524,46611.8921,9,0.5717,0.331,0.0973,0
222.7135,27.4241,29798.0302,4,0.876,0.124,0.0,0
65.7131,21.1469,8757.5602,3,0.6372,0.0601,0.3027,0
1498.5779,462.581,404612.6687,35,0.6116,0.277,0.1115,1
819.8531,419.5382,482034.7204,43,0.6793,0.2234,0.0973,1
276.5812,28.6319,15098.2867,16,0.7761,0.199,0.0249,0
1692.867,244.1437,235973.6915,68,0.7315,0.2255,0.043,1
115.8018,12.1381,7571.1189,16,0.5987,0.3239,0.0775,0
97.5949,28.6149,18205.8397,17,0.8681,0.1319,0.0,0
85.4536,49.0872,5514.4245,15,0.6152,0.2577,0.127,0
958.3414,493.9708,133096.2078,74,0.6563,0.2282,0.1155,1
1830.8761,490.7102,492832.7538,64,0.7394,0.2278,0.0328,1
1537.6078,317.3594,374535.7732,43,0.708,0.1808,0.1111,1
118.4863,2.9734,23799.2033,3,0.8426,0.1574,0.0,0
710.4104,484.2237,124612.7093,39,0.6611,0.0306,0.3083,1
39.9522,35.3268,24569.1748,8,0.8773,0.1227,0.0,0
260.5914,8.206,4295.0371,7,0.6368,0.2691,0.0941,0
154.3322,36.5847,38802.1131,6,0.6677,0.3323,0.0,0
212.9151,39.104,1029.6504,19,0.7633,0.2367,0.0,0
284.7674,49.0274,18629.0069,5,0.7625,0.2243,0.0132,0
39.8708,43.1354,43420.298,8,0.8729,0.1271,0.0,0
78.5483,46.8842,1530.2599,19,0.8566,0.1434,0.0,0
184.6146,24.3508,7683.4465,10,0.7802,0.1249,0.0949,0
297.9945,7.6089,12974.4092,1,0.7475,0.2525,0.0,0
258.6959,24.4186,4000.5652,10,0.769,0.231,0.0,0
1528.864,438.4038,171972.2312,49,0.9813,0.0187,0.0,1
52.4963,28.2544,26352.6006,9,0.8522,0.1478,0.0,0
68.1933,48.8037,2443.5802,18,0.5077,0.2082,0.2841,0
1767.5996,323.3787,257889.7575,39,0.6636,0.0344,0.302,1
114.1137,40.3748,14002.4687,12,0.5573,0.2913,0.1514,0
288.9503,1.2985,22014.8,19,0.7279,0.0954,0.1767,0
259.9293,35.6408,40123.0472,19,0.5361,0.1118,0.352,0
61.7481,12.8424,3143.6698,6,0.87,0.1045,0.0255,0
28.3523,45.4087,4847.5935,13,0.7312,0.2688,0.0,0
296.1231,12.3245,27659.3427,3,0.8255,0.1745,0.0,0
261.725,14.2239,18626.1927,5,0.7506,0.2494,0.0,0
278.1486,12.0743,33051.9942,13,0.769,0.231,0.0,0
670.592,306.7375,488390.0418,36,0.6055,0.1549,0.2396,1
215.4592,24.0725,36874.8703,17,0.8799,0.1201,0.0,0
501.5064,233.475,343814.5509,38,0.7708,0.1003,0.1289,1
422.361,386.7306,181189.1607,92,0.6687,0.251,0.0803,1
251.6752,25.0474,901.4398,16,0.8221,0.1779,0.0,0
135.8614,43.6793,26568.7639,6,0.7075,0.2925,0.0,0
124.0029,4.8626,25075.1059,7,0.6445,0.3555,0.0,0
235.9401,35.4558,3265.8941,10,0.7854,0.2146,0.0,0
1742.9587,208.0748,238990.7967,40,0.69,0.0763,0.2337,1
1824.5329,123.8558,379933.3133,37,0.7561,0.0806,0.1633,1
1582.0386,397.3922,158983.7622,38,0.8695,0.1305,0.0,1
692.0934,370.8858,418702.9893,86,0.8531,0.1227,0.0242,1
1002.8571,153.2375,105259.0268,92,0.759,0.2137,0.0273,1
170.9623,9.908,28182.2567,19,0.5361,0.3595,0.1044,0
1239.0878,243.9352,184568.1167,30,0.7511,0.1801,0.0687,1
902.7451,197.4381,227615.1408,36,0.7499,0.2222,0.0279,1
52.0878,19.9837,16265.9267,7,0.7839,0.2161,0.0,0
853.1585,195.1303,445766.6539,72,0.767,0.0905,0.1425,1
191.9196,6.178,6106.2504,7,0.8782,0.108,0.0138,0
128.1351,36.4158,33709.4589,8,0.807,0.193,0.0,0
125.0354,35.8176,11834.4803,16,0.5386,0.3113,0.1501,0
1978.6515,486.5252,144210.0377,69,0.9279,0.0721,0.0,1
241.781,9.138,45935.4949,9,0.5518,0.1435,0.3047,0
282.595,17.9129,24743.0052,15,0.5479,0.3307,0.1215,0
247.7667,18.1939,33216.2507,10,0.8891,0.1037,0.0072,0
139.032,42.5443,43246.3259,7,0.7507,0.2493,0.0,0
286.0314,31.4679,15780.4712,2,0.7567,0.2009,0.0424,0
200.3066,46.3119,44616.0707,3,0.8265,0.1735,0.0,0
216.0449,40.8924,29814.6321,3,0.5436,0.2056,0.2508,0
116.35,40.6935,8312.7121,5,0.5481,0.2448,0.2071,0
119.6782,31.1006,47807.6993,9,0.8588,0.1412,0.0,0
290.9382,34.7328,15806.5568,18,0.5446,0.1784,0.277,0
1918.5108,414.6133,314446.1496,50,0.6532,0.2679,0.0789,1
217.918,35.3782,36163.7811,15,0.5968,0.1051,0.2981,0
249.3659,24.3938,28691.1842,16,0.7835,0.2165,0.0,0
46.484,9.6998,36152.5834,15,0.8779,0.1221,0.0,0
1608.4292,149.0467,448449.7422,63,0.7023,0.2114,0.0862,1
109.9459,41.7694,47579.4771,6,0.7071,0.1015,0.1914,0
184.0793,12.6638,29290.596,8,0.5149,0.3103,0.1748,0
197.3369,34.2077,14210.1814,17,0.7899,0.1466,0.0635,0
221.6089,12.6294,1984.6181,17,0.5073,0.0772,0.4155,0
112.7077,16.1019,28327.046,7,0.6762,0.1073,0.2165,0
232.3939,8.8534,16146.2819,15,0.7591,0.1449,0.096,0
241.5453,33.1401,23408.101,6,0.8697,0.1303,0.0,0
162.9459,25.157,11760.0627,11,0.8773,0.1227,0.0,0
488.2177,178.9674,305833.4169,86,0.84,0.0618,0.0983,1
50.2098,33.7012,11688.4004,5,0.6939,0.1183,0.1877,0
105.7584,29.4111,3572.2211,11,0.5216,0.3074,0.171,0
97.0726,31.6484,27596.7642,11,0.7654,0.2346,0.0,0
89.7302,49.5976,29490.3578,9,0.6873,0.0999,0.2128,0
1374.6209,193.4583,347246.6687,86,0.6088,0.0914,0.2997,1
1661.9703,474.1513,219612.1347,65,0.6386,0.2117,0.1497,1
67.1183,16.74,42133.6822,9,0.5987,0.0875,0.3138,0
1357.4332,157.3951,215938.7294,94,0.6351,0.1775,0.1874,1
55.8926,2.3877,27547.5475,16,0.7662,0.1967,0.0371,0
87.9599,44.1514,44456.863,4,0.5798,0.2805,0.1397,0
253.8739,34.872,25007.4725,8,0.8219,0.1781,0.0,0
141.9283,18.7215,15425.1613,5,0.8529,0.0784,0.0687,0
261.3842,21.3061,23510.0048,2,0.5285,0.2605,0.211,0
1139.7393,81.8022,147942.4068,90,0.8257,0.1691,0.0052,1
181.7318,16.0,42983.8196,6,0.8742,0.1258,0.0,0
1930.0519,476.4985,271427.3076,99,0.6469,0.049,0.3041,1
102.7668,9.8698,44746.7045,11,0.5138,0.3583,0.1279,0
258.3064,33.12,13762.199,3,0.5905,0.3114,0.0982,0
71.7096,24.4732,20591.9437,6,0.5896,0.3057,0.1047,0
280.229,35.3829,6907.4047,13,0.5312,0.3686,0.1002,0
176.4761,21.4191,6295.7524,12,0.5767,0.2422,0.1811,0
278.1396,33.1156,33477.026,7,0.7759,0.2241,0.0,0
1679.6055,193.3687,256042.41,87,0.8243,0.0306,0.1451,1
82.3616,22.5478,26109.2887,17,0.7005,0.1195,0.18,0
71.6757,6.7085,38944.9002,16,0.5531,0.3992,0.0477,0
86.4079,32.1226,35890.8648,13,0.8117,0.1883,0.0,0
1021.1392,438.5289,285970.8043,67,0.9454,0.0546,0.0,1
163.9194,33.5978,31002.7951,3,0.5218,0.3086,0.1696,0
257.5528,13.9949,40845.0586,6,0.6008,0.3001,0.0991,0
59.2121,3.5609,46208.0259,9,0.5999,0.1721,0.228,0
22.9482,24.2623,30878.0086,16,0.862,0.138,0.0,0
229.4574,41.4696,22915.8893,2,0.8928,0.1072,0.0,0
244.0303,5.4063,42784.2044,10,0.8021,0.1979,0.0,0
1655.5007,259.0336,141803.6494,89,0.6934,0.0865,0.2201,1
276.6473,19.8964,2121.8561,13,0.7052,0.146,0.1488,0
95.945,34.1025,39173.9914,3,0.5605,0.3119,0.1276,0
258.3838,43.0106,44304.6074,10,0.7025,0.2975,0.0,0
93.6152,34.3223,5653.3316,5,0.8377,0.1623,0.0,0
779.6484,240.3384,158425.3954,27,0.9383,0.0617,0.0,1
1196.2724,457.4076,362719.967,70,0.7443,0.1888,0.0669,1
269.7804,14.9321,42817.2579,4,0.6856,0.2233,0.0911,0
1242.9802,122.6899,131512.5342,42,0.8738,0.1262,0.0,1
73.5649,6.8778,43802.8787,5,0.5923,0.1034,0.3043,0
295.5122,18.9172,1544.5531,14,0.8384,0.1616,0.0,0
1820.4623,406.9961,237905.8827,24,0.7565,0.0126,0.2309,1
248.3454,23.264,32980.0016,18,0.7211,0.1971,0.0818,0
54.5241,3.4091,49790.5963,17,0.868,0.132,0.0,0
211.8048,44.7532,11495.4814,10,0.8962,0.1038,0.0,0
73.6473,21.1159,13579.4949,12,0.8728,0.1272,0.0,0
284.773,48.0189,9490.3514,3,0.5691,0.2425,0.1884,0
859.597,169.471,345384.1154,46,0.7918,0.0182,0.1899,1
124.8147,34.0603,38931.9973,15,0.8291,0.1229,0.048,0
230.3787,25.2827,12440.3821,3,0.6683,0.144,0.1877,0
75.9434,13.8875,1111.6589,10,0.7432,0.0866,0.1703,0
173.3443,41.6305,6794.9364,9,0.7574,0.2426,0.0,0
98.4371,10.421,3877.1455,18,0.7204,0.2661,0.0135,0
247.7242,26.1479,31391.5945,16,0.5732,0.0995,0.3272,0
226.2458,9.4614,34298.5445,4,0.6383,0.2466,0.1152,0
182.198,16.9347,48610.5415,4,0.7154,0.0587,0.2259,0
261.6443,19.5899,49738.1971,14,0.8985,0.1015,0.0,0
587.0929,276.1549,119206.7004,94,0.6417,0.0398,0.3184,1
150.4714,41.8349,40513.0343,13,0.594,0.0885,0.3176,0
1830.8674,123.5886,361568.6472,21,0.9053,0.0947,0.0,1
85.1947,25.4841,26602.7618,17,0.8603,0.1069,0.0328,0
1527.121,463.6729,183498.9982,28,0.7881,0.2119,0.0,1
116.9007,15.1959,4655.801,6,0.8341,0.1659,0.0,0
1236.5738,459.3764,129646.2573,36,0.7832,0.176,0.0408,1
231.5148,21.629,26656.725,18,0.8665,0.1014,0.0321,0
297.6242,28.8619,20584.7204,9,0.8054,0.1946,0.0,0
83.9862,43.4888,7415.6336,9,0.7682,0.2031,0.0287,0
84.9384,15.328,45908.5691,16,0.7924,0.207,0.0007,0
574.8266,424.4973,181229.4852,24,0.8668,0.1332,0.0,1
178.8873,29.6535,33059.7727,12,0.8621,0.1379,0.0,0
1066.1749,470.803,328541.3215,69,0.9712,0.0288,0.0,1
257.8128,38.2876,45691.9948,9,0.6774,0.2281,0.0945,0
98.5894,21.7197,13671.0857,19,0.747,0.191,0.0621,0
147.2747,32.1166,19621.9689,7,0.8901,0.1099,0.0,0
1067.9249,283.7496,146945.1141,47,0.9215,0.017,0.0615,1
78.9806,22.2381,36183.5305,19,0.7706,0.2157,0.0138,0
1285.5703,143.3983,348010.4605,40,0.8131,0.1869,0.0,1
81.5503,8.3479,1072.0604,14,0.7701,0.1231,0.1068,0
808.8536,327.2159,144941.5924,52,0.822,0.1776,0.0004,1
1986.6178,478.4786,210759.734,62,0.6745,0.1648,0.1607,1
248.4419,25.6863,17880.7957,6,0.6515,0.0765,0.272,0
279.0789,20.1102,8321.0786,19,0.5266,0.2993,0.1741,0
99.6824,5.3824,4003.4999,9,0.6196,0.3644,0.0159,0
187.1391,8.7291,48439.6802,3,0.5622,0.2176,0.2202,0
1648.6915,420.7546,140215.7916,26,0.773,0.227,0.0,1
1151.7064,238.4585,485925.4985,21,0.8734,0.1266,0.0,1
967.6891,392.9506,351865.0141,25,0.9525,0.0085,0.039,1
823.8877,409.3118,419466.9375,30,0.9484,0.0516,0.0,1
24.4242,15.9049,24014.6699,17,0.7034,0.1688,0.1278,0
105.1492,9.6252,3609.4217,9,0.5515,0.3322,0.1163,0
25.467,20.2303,33946.2106,12,0.5914,0.1286,0.28,0
187.1752,23.0931,17383.933,10,0.8153,0.1847,0.0,0
24.0266,46.5133,22628.4127,17,0.7296,0.2588,0.0116,0
105.1898,39.9191,8491.3842,3,0.6232,0.1576,0.2192,0
200.973,34.3834,15933.5039,18,0.7946,0.2054,0.0,0
190.3209,20.1499,31137.5402,2,0.7917,0.2083,0.0,0
151.593,48.1999,40050.7578,2,0.5901,0.1179,0.292,0
273.2318,5.0422,4929.2391,19,0.8209,0.069,0.1101,0
99.7289,38.9986,20284.2508,18,0.7606,0.2394,0.0,0
81.0791,24.8469,24141.8944,11,0.708,0.2649,0.0271,0
283.7934,22.4597,34424.1892,13,0.5422,0.3065,0.1513,0
79.9812,46.9002,48788.8911,18,0.6317,0.3221,0.0463,0
47.4242,12.0448,31884.9923,17,0.5645,0.186,0.2495,0
195.3717,39.6509,32402.6694,17,0.6772,0.1711,0.1517,0
191.7792,44.6165,30142.9617,18,0.7904,0.2096,0.0,0
166.1341,46.8115,10450.7788,3,0.5023,0.209,0.2886,0
60.7259,31.0765,24925.6596,19,0.7419,0.1433,0.1147,0
201.3859,17.7702,43131.9946,14,0.772,0.12,0.108,0
23.5276,6.0482,29305.1514,5,0.8265,0.0855,0.088,0
1083.1455,285.4811,237305.2917,58,0.66,0.0485,0.2916,1
231.9432,9.9742,17644.0745,6,0.6966,0.3034,0.0,0
103.9314,19.2319,39407.8063,19,0.7856,0.2144,0.0,0
905.9834,81.1786,322439.8714,45,0.9105,0.0895,0.0,1
285.2773,15.8982,4924.7413,4,0.6784,0.0578,0.2638,0
11.5717,44.3103,35677.4115,15,0.5387,0.185,0.2763,0
155.3576,2.1829,23991.0592,13,0.6931,0.079,0.2278,0
83.2065,17.7852,42168.5437,19,0.5539,0.2563,0.1897,0
1379.8688,423.7989,300285.7607,47,0.9214,0.0786,0.0,1
42.3017,20.7992,21265.7664,3,0.7282,0.2718,0.0,0
296.8296,18.87,11403.0783,10,0.7908,0.2038,0.0054,0
606.4471,423.1511,451277.0483,56,0.9462,0.0538,0.0,1
255.3252,30.4811,18205.1402,7,0.5148,0.2767,0.2085,0
217.4681,6.6371,41638.7173,11,0.825,0.175,0.0,0
27.6051,7.8701,20204.441,2,0.6765,0.3235,0.0,0
1078.3715,376.4648,92616.2465,87,0.8144,0.1856,0.0,1
193.4094,18.3081,41082.7741,18,0.6651,0.1182,0.2166,0
249.7335,29.6428,36396.2333,19,0.8442,0.1558,0.0,0
401.1341,374.7392,106299.4351,44,0.6217,0.2088,0.1695,1
190.6337,32.5788,20091.5998,10,0.8802,0.1198,0.0,0
1457.6268,183.0092,379189.9241,57,0.754,0.246,0.0,1
226.5518,30.9793,36077.2921,18,0.5639,0.2172,0.2189,0
138.5901,5.3517,45999.2957,10,0.7543,0.2457,0.0,0
27.7782,33.7415,49799.5381,9,0.5757,0.2316,0.1927,0
1114.1132,188.4216,352657.3686,15,0.6836,0.2192,0.0972,1
295.4137,38.7806,39782.0922,6,0.6179,0.1841,0.1981,0
164.4947,5.6266,4101.9177,9,0.5534,0.3065,0.1401,0
153.9611,36.778,34755.6842,10,0.6382,0.1122,0.2496,0
1721.2872,288.3147,198908.7875,77,0.609,0.2893,0.1017,1
523.7118,197.661,447619.4056,67,0.7402,0.035,0.2249,1
167.7916,8.1543,41535.8376,8,0.6702,0.3227,0.0071,0
181.6808,9.7218,36105.6414,4,0.7804,0.0947,0.1249,0
14.258,43.5088,19545.6111,3,0.721,0.1016,0.1774,0
1370.766,291.995,483289.6834,40,0.6375,0.2753,0.0872,1
267.7507,27.458,19460.5324,14,0.8648,0.0509,0.0844,0
1258.404,207.0941,240274.7524,51,0.6914,0.1384,0.1702,1
1330.9974,184.2456,152993.7649,36,0.8871,0.0619,0.051,1
1472.4866,187.4365,440429.736,54,0.7765,0.0254,0.1981,1
117.6713,36.1305,34835.7194,3,0.6327,0.2644,0.1029,0
248.8656,5.5299,26909.6926,5,0.8364,0.0988,0.0649,0
255.8233,23.7841,29906.236,15,0.8358,0.1642,0.0,0
244.0138,9.3809,14857.2954,15,0.7046,0.2367,0.0587,0
153.2371,33.0956,20634.1555,18,0.8573,0.1427,0.0,0
226.1531,20.5395,10852.046,8,0.8369,0.1631,0.0,0
90.2326,17.5092,47597.0665,17,0.7423,0.0796,0.1781,0
432.8886,449.3339,486493.678,80,0.9493,0.0365,0.0142,1
1960.1682,169.2842,147066.2409,68,0.7082,0.1041,0.1876,1
68.1631,33.2766,28319.3569,4,0.8215,0.1785,0.0,0
290.5778,2.2325,34602.7748,1,0.6996,0.3004,0.0,0
29.4751,4.123,10300.2423,1,0.6407,0.1351,0.2243,0
1696.7849,191.5731,420096.9263,97,0.839,0.161,0.0,1
1939.6787,285.8845,445707.1255,31,0.713,0.1738,0.1132,1
168.1476,47.6366,17594.275,5,0.6462,0.1016,0.2522,0
99.223,6.822,15867.4928,12,0.6638,0.0961,0.2402,0
209.4727,9.4616,5079.3896,12,0.5591,0.1548,0.286,0
223.2791,14.4976,30432.0627,11,0.816,0.184,0.0,0
213.2555,34.1668,31133.9185,11,0.5407,0.1773,0.2819,0
67.9734,47.1532,38905.8763,5,0.883,0.117,0.0,0
101.9419,2.2091,779.2642,4,0.5624,0.0746,0.3631,0
114.3032,29.4405,42101.4592,10,0.8913,0.1087,0.0,0
633.1085,191.2924,485119.7822,26,0.6104,0.1134,0.2761,1
1293.5153,347.037,467795.3163,47,0.6224,0.1946,0.183,1
1718.0936,346.4167,428558.3579,40,0.6037,0.1302,0.2661,1
257.0606,3.913,48103.3301,17,0.713,0.1055,0.1816,0
254.0152,28.1245,16399.0207,2,0.8141,0.1859,0.0,0
128.2981,3.0063,25514.5851,13,0.667,0.1232,0.2098,0
611.2708,214.0943,445871.3495,64,0.9581,0.0419,0.0,1
286.0593,13.9367,17180.8313,3,0.8256,0.1744,0.0,0
151.7193,39.3741,44605.52,17,0.6062,0.1332,0.2606,0
133.5316,41.7406,27586.0856,14,0.6321,0.0704,0.2974,0
133.8345,7.2638,14125.1101,4,0.5777,0.0762,0.3461,0
147.5708,33.3178,12476.4355,2,0.7172,0.2009,0.0819,0
59.8486,26.3815,41899.9112,13,0.7573,0.221,0.0217,0
295.7557,26.2092,40352.876,2,0.8016,0.0796,0.1188,0
1934.8227,80.8638,244305.4932,43,0.9966,0.0034,0.0,1
59.4557,34.0162,1879.1864,14,0.8704,0.1296,0.0,0
1332.8768,474.9896,294498.9366,20,0.8395,0.1605,0.0,1
64.4014,38.2145,2499.8771,3,0.5511,0.3212,0.1278,0
258.576,29.673,25804.7471,1,0.5128,0.3848,0.1024,0
35.7893,21.8145,18298.9797,4,0.7504,0.1907,0.0589,0
117.2955,44.8174,42462.1569,18,0.8679,0.1321,0.0,0
139.127,1.438,49917.8507,16,0.6394,0.3366,0.0241,0
138.293,42.2906,22655.2638,11,0.7164,0.2836,0.0,0
49.5765,48.4806,12987.1473,11,0.5877,0.1625,0.2498,0
249.6112,43.0707,31631.2399,6,0.5314,0.1439,0.3247,0
1023.4554,265.4663,389553.2043,79,0.6792,0.1791,0.1417,1
159.4557,49.4132,3730.264,11,0.7012,0.1222,0.1766,0
68.5768,18.2217,38061.0292,13,0.6394,0.3166,0.044,0
1355.162,199.3132,475258.0261,77,0.9239,0.0761,0.0,1
279.8985,39.9136,4432.823,3,0.6936,0.3064,0.0,0
103.1148,6.3541,40547.4425,11,0.7615,0.1758,0.0627,0
273.6101,41.6313,41496.9955,15,0.7469,0.0527,0.2004,0
1787.8253,274.3441,490699.6429,94,0.9242,0.0604,0.0154,1
146.1391,11.9082,24115.5132,6,0.6392,0.338,0.0229,0
63.9802,35.4729,36248.6802,4,0.6057,0.2599,0.1344,0
137.9021,11.9147,19573.0308,5,0.5896,0.1373,0.2731,0
634.1288,96.281,273388.0043,17,0.9084,0.0916,0.0,1
203.9215,34.6376,14442.8587,2,0.5905,0.1683,0.2412,0
58.5336,40.2184,38111.692,1,0.6368,0.0608,0.3025,0
45.6615,12.5633,44350.1972,12,0.7528,0.222,0.0252,0
276.4127,34.8176,35994.7726,7,0.7248,0.1174,0.1577,0
48.5535,37.1093,8907.4073,17,0.874,0.126,0.0,0
542.9663,473.9567,178077.9761,74,0.7994,0.2006,0.0,1
567.4637,220.7633,447818.0059,69,0.8857,0.0298,0.0845,1
212.4903,30.3811,20195.6233,3,0.6404,0.0937,0.2659,0
108.4333,16.7981,13152.4004,12,0.7122,0.1093,0.1785,0
36.1499,30.2064,20552.4257,16,0.797,0.203,0.0,0
50.5384,7.3674,45208.5326,4,0.6406,0.355,0.0044,0
252.7156,44.8779,23695.3108,2,0.6441,0.3432,0.0127,0
285.1645,8.7566,10665.1805,13,0.6785,0.3215,0.0,0
193.3387,16.7533,8045.4051,14,0.8131,0.1869,0.0,0
87.3157,8.4439,17490.204,11,0.8648,0.1352,0.0,0
1813.3929,325.8348,334762.1488,18,0.7982,0.0586,0.1432,1
21.6439,20.1154,26086.8458,16,0.8362,0.1382,0.0255,0
287.2354,2.7074,7668.0837,6,0.792,0.1121,0.0959,0
295.5276,15.6623,12602.0492,11,0.5403,0.3032,0.1565,0
1634.476,414.5508,451416.7164,51,0.8848,0.0542,0.061,1
169.1968,21.9693,4363.2202,3,0.6472,0.3528,0.0,0
1450.9529,349.4077,199104.6603,28,0.7173,0.2221,0.0607,1
132.6121,22.3767,36741.1273,16,0.6548,0.0901,0.2551,0
67.1169,39.4492,3904.7134,18,0.6065,0.1231,0.2704,0
203.178,45.1754,24334.612,16,0.6729,0.2423,0.0848,0
1927.5888,420.0001,459766.8654,74,0.7956,0.0697,0.1347,1
135.1405,47.9354,48047.7235,14,0.8692,0.1079,0.0229,0
239.1705,36.5043,19829.8862,13,0.784,0.216,0.0,0
1546.7331,498.9471,384982.3519,27,0.773,0.1771,0.0499,1
165.2933,17.6721,37453.7367,9,0.8765,0.1235,0.0,0
962.6189,152.9345,278779.4017,42,0.6299,0.0149,0.3552,1
136.0923,9.8951,37844.5367,5,0.6963,0.3037,0.0,0
44.6928,7.224,38547.8692,16,0.825,0.175,0.0,0
294.8863,9.4144,31260.3935,11,0.5025,0.3959,0.1017,0
97.7724,8.2971,6603.4887,16,0.6872,0.1711,0.1417,0
263.4576,47.3021,17220.4232,4,0.6631,0.3026,0.0343,0
523.3475,89.8918,465983.3241,27,0.855,0.145,0.0,1
200.2614,17.95,29945.5609,6,0.5611,0.3075,0.1314,0
47.2297,44.548,39148.1315,9,0.877,0.123,0.0,0
460.1726,470.9342,180629.0864,28,0.9132,0.0868,0.0,1
79.8684,10.7646,46711.5934,5,0.7566,0.1389,0.1045,0
89.6254,7.5877,30835.6813,16,0.6916,0.131,0.1774,0
282.1958,8.723,45283.7363,15,0.6252,0.3748,0.0,0
94.7482,21.7331,4012.6841,6,0.598,0.1775,0.2245,0
77.3514,27.7506,10292.7858,2,0.8242,0.1758,0.0,0
88.9501,12.7727,44729.8736,9,0.6222,0.2091,0.1687,0
120.609,31.1165,28999.5338,14,0.7435,0.2565,0.0,0
73.1615,21.8485,48431.309,16,0.6252,0.2366,0.1382,0
626.0993,190.8067,402447.1299,69,0.66,0.0856,0.2544,1
1315.8656,461.7167,256086.7739,60,0.7321,0.1294,0.1386,1
28.8783,3.2494,37199.4421,3,0.7131,0.0657,0.2212,0
257.0611,31.9003,35364.9912,13,0.6221,0.2015,0.1764,0
57.4373,41.0133,29365.0248,9,0.7982,0.2018,0.0,0
119.8048,32.91,19005.4067,12,0.8164,0.1836,0.0,0
45.8886,34.614,24505.1273,15,0.5735,0.2926,0.1339,0
38.8578,23.4846,15156.6719,18,0.6846,0.0715,0.2439,0
54.6809,5.0956,5853.5133,8,0.7165,0.2389,0.0446,0
228.1201,45.533,30956.1363,14,0.7273,0.127,0.1457,0
177.517,48.6388,12478.3714,13,0.6732,0.1618,0.165,0
1202.0319,176.534,143860.5181,22,0.7101,0.0291,0.2609,1
76.0652,37.1856,47438.0873,15,0.7788,0.2212,0.0,0
30.8972,19.0582,35463.3787,15,0.5775,0.1528,0.2697,0
216.6196,37.8324,21160.0164,17,0.601,0.399,0.0,0
200.8897,10.0327,10660.2391,10,0.6683,0.1972,0.1346,0
80.0318,43.4636,6262.3145,11,0.6989,0.3011,0.0,0
54.8093,33.1985,42907.6264,11,0.5496,0.285,0.1655,0
232.902,3.7703,25083.784,15,0.8231,0.1769,0.0,0
191.1816,37.7345,27149.4532,15,0.6955,0.1341,0.1705,0
204.2461,9.4364,43708.4648,4,0.6469,0.1386,0.2145,0
30.639,24.3665,42636.0621,4,0.5682,0.1342,0.2976,0
158.2787,45.7939,43560.905,13,0.6647,0.0652,0.2701,0
35.8222,49.8253,19532.7879,7,0.7642,0.2358,0.0,0
34.9025,21.0664,45108.8044,19,0.7659,0.2341,0.0,0
46.8112,48.3798,44502.6635,17,0.8838,0.1162,0.0,0
185.144,27.2789,5086.1473,18,0.8489,0.1072,0.0439,0
68.5274,29.4962,9142.7231,9,0.8538,0.1462,0.0,0
171.2044,15.2574,652.4614,2,0.8784,0.1216,0.0,0
1777.6803,364.5284,354449.2386,67,0.6432,0.1191,0.2377,1
1163.3992,164.2184,158849.2836,66,0.9762,0.0217,0.0021,1
49.9141,36.1221,18720.2673,11,0.8392,0.1608,0.0,0
65.3109,42.3641,49252.0046,2,0.5758,0.3254,0.0989,0
176.1979,39.2507,3687.3022,7,0.6645,0.2356,0.0999,0
284.3478,35.0093,41637.7893,3,0.8856,0.1144,0.0,0
161.8968,15.7879,25725.958,7,0.5643,0.0937,0.342,0
287.7968,5.1976,49438.2876,13,0.6845,0.0889,0.2266,0
93.6804,25.1873,19335.6009,16,0.6062,0.2467,0.1472,0
708.4356,382.5955,360655.4632,81,0.7253,0.1472,0.1275,1
94.6494,42.2916,34421.4989,13,0.7847,0.2153,0.0,0
267.21,6.3955,20229.2942,3,0.6639,0.3361,0.0,0
139.7414,3.4792,26717.4999,1,0.5832,0.3077,0.1091,0
1516.8531,469.6012,98982.7583,35,0.7673,0.0453,0.1874,1
113.0544,6.1903,49588.8685,4,0.7315,0.1382,0.1303,0
91.9977,26.3312,40183.0838,16,0.716,0.284,0.0,0
86.8724,30.6807,30465.7228,12,0.7457,0.2543,0.0,0
1719.6402,194.9739,306312.1366,62,0.713,0.0878,0.1992,1
1761.9617,133.3609,132926.9088,87,0.6516,0.1708,0.1776,1
188.3465,41.6173,22215.4098,15,0.8122,0.1878,0.0,0
260.6002,23.1969,49112.1242,17,0.5458,0.3611,0.093,0
834.4726,144.1281,259111.1303,51,0.7864,0.2032,0.0104,1
234.925,40.5873,5573.4971,17,0.6978,0.3022,0.0,0
1214.7057,166.2105,382816.6762,51,0.8461,0.1539,0.0,1
948.7124,356.5391,102468.4745,80,0.8837,0.1163,0.0,1
164.2159,12.5232,3243.0826,10,0.7367,0.1944,0.0689,0
1490.386,328.4565,462900.047,45,0.7593,0.1955,0.0452,1
44.99,27.8646,34308.7912,17,0.8164,0.1836,0.0,0
199.6522,24.209,48941.0383,14,0.7803,0.1046,0.1151,0
124.5039,15.6283,4840.8625,19,0.8189,0.1811,0.0,0
227.8839,18.9366,34775.3676,5,0.7634,0.2366,0.0,0
294.3244,14.5165,13948.5577,3,0.6185,0.285,0.0965,0
297.7889,13.7407,37572.0269,1,0.8849,0.1151,0.0,0
200.811,35.0048,2550.5231,19,0.6494,0.1021,0.2485,0
155.3506,4.6777,2332.8163,8,0.7763,0.2237,0.0,0
73.5605,5.9403,6114.928,11,0.6103,0.2643,0.1253,0
222.3947,16.6113,4445.6962,13,0.5626,0.108,0.3295,0
1909.3842,95.9257,100045.5118,27,0.9315,0.0549,0.0137,1
29.163,36.4991,27329.3846,11,0.5735,0.2942,0.1322,0
269.4645,9.0478,38419.9968,7,0.8604,0.1396,0.0,0
1080.2061,262.9258,115703.7597,83,0.6427,0.2165,0.1408,1
170.4783,1.4686,39720.2178,12,0.8825,0.1175,0.0,0
1859.6615,327.4446,326997.4389,46,0.9564,0.0436,0.0,1
142.9826,47.8807,16616.2795,1,0.6855,0.2718,0.0427,0
277.3572,34.2019,34719.5346,3,0.7764,0.1181,0.1055,0
10.1504,32.3395,46958.8923,17,0.6905,0.3095,0.0,0
1146.2428,430.4014,285679.3023,41,0.987,0.013,0.0,1
113.0093,45.69,7706.2578,6,0.6042,0.053,0.3428,0
1477.1253,188.0121,246565.2049,57,0.6503,0.1065,0.2432,1
121.7571,12.4865,3448.759,17,0.672,0.0616,0.2664,0
1996.158,118.4211,310336.637,25,0.9661,0.0339,0.0,1
708.4194,459.2614,232072.3805,62,0.8514,0.0062,0.1424,1
1779.7752,160.602,102071.3406,17,0.9935,0.0065,0.0,1
85.6134,42.1496,19188.4364,13,0.5794,0.2996,0.1211,0
1056.5649,359.9868,256173.9113,45,0.9656,0.0309,0.0035,1
745.1192,249.3138,413922.0985,54,0.7114,0.1136,0.175,1
127.4079,19.5435,39021.8248,6,0.6587,0.2123,0.129,0
87.5265,19.8798,23153.3942,6,0.6292,0.3708,0.0,0
252.4067,18.928,40661.7385,13,0.658,0.1131,0.2289,0
200.0832,15.6043,38080.4949,15,0.5272,0.2031,0.2696,0
131.8472,18.881,3192.403,6,0.5701,0.1396,0.2903,0
189.4116,38.4079,15167.4087,15,0.5888,0.3821,0.0291,0
1534.0207,380.7067,300986.7017,24,0.6243,0.2407,0.135,1
160.7286,13.8104,11748.1073,1,0.5045,0.3353,0.1602,0
55.6818,35.8277,37573.8407,11,0.7768,0.1475,0.0757,0
1581.2536,360.1602,323362.4668,66,0.692,0.2403,0.0677,1
237.3777,19.487,46977.7935,3,0.8922,0.1078,0.0,0
112.9674,42.8021,5824.3435,7,0.6193,0.1947,0.186,0
277.4837,29.6227,9868.2561,18,0.609,0.3504,0.0406,0
1303.5295,358.7876,308712.0096,36,0.6357,0.0718,0.2925,1
159.1246,17.8399,49414.259,2,0.7272,0.2425,0.0303,0
931.7778,338.1393,134031.9228,82,0.6461,0.258,0.096,1
1339.0206,448.3678,391706.7404,96,0.8745,0.1255,0.0,1
83.4235,44.5368,45448.2703,18,0.7763,0.117,0.1067,0
1324.9414,140.9173,395026.9252,89,0.878,0.122,0.0,1
220.9195,26.2912,7138.2337,15,0.8228,0.1772,0.0,0
211.3361,8.5712,3366.2529,12,0.601,0.3563,0.0427,0
216.3947,10.2481,46218.6868,15,0.7808,0.1072,0.1119,0
1061.4272,238.6713,221341.1334,33,0.7453,0.1568,0.0979,1
269.7341,29.4746,1336.0972,2,0.8327,0.1128,0.0545,0
1001.7511,102.0992,87296.014,33,0.8154,0.0897,0.0949,1
1812.1373,274.4484,195719.1336,29,0.7562,0.2127,0.0311,1
663.9349,245.5808,333862.5817,56,0.6908,0.0967,0.2125,1
186.2788,7.4875,24057.7551,14,0.8614,0.1386,0.0,0
268.1748,3.9609,47094.0916,6,0.6607,0.2229,0.1164,0
65.1268,38.902,43954.6727,10,0.7062,0.2389,0.0549,0
48.5486,20.8656,22786.3728,13,0.6586,0.2401,0.1014,0
90.7958,47.4099,35193.8798,13,0.8874,0.1126,0.0,0
1268.7554,337.0928,303063.4981,93,0.9295,0.0705,0.0,1
156.6602,4.0719,1013.6093,13,0.5433,0.1345,0.3223,0
85.3883,14.8457,13630.6504,7,0.6244,0.0866,0.289,0
153.9237,1.8609,33639.3823,6,0.7681,0.2252,0.0068,0
150.0521,45.6902,39106.5872,15,0.899,0.101,0.0,0
299.3179,22.1379,49117.8059,13,0.7988,0.2012,0.0,0
204.9567,5.342,38499.2628,6,0.8859,0.1141,0.0,0
474.3651,270.281,148430.5297,27,0.6119,0.1312,0.2569,1
50.4577,8.8602,32754.5577,7,0.817,0.1194,0.0635,0
129.6047,39.2648,45093.093,2,0.6282,0.194,0.1778,0
264.9381,25.5467,48701.491,6,0.5175,0.3778,0.1047,0
10.2871,16.0132,14670.6878,9,0.8318,0.1682,0.0,0
253.9491,6.5292,8439.1185,8,0.7207,0.1276,0.1517,0
1312.4224,257.1872,238955.5377,27,0.7611,0.1714,0.0675,1
69.7289,49.1478,24958.0844,7,0.7841,0.1331,0.0828,0
142.9789,7.6471,19974.3275,1,0.6616,0.3192,0.0192,0
232.2704,41.6985,49796.4666,7,0.7131,0.1428,0.1442,0
1292.1945,273.6762,423381.829,80,0.868,0.132,0.0,1
149.464,25.1551,13866.3547,14,0.8749,0.1251,0.0,0
56.3242,45.8051,45385.8716,13,0.7703,0.2297,0.0,0
86.6517,26.1946,12263.5324,7,0.7557,0.2443,0.0,0
552.2337,314.2406,93087.5197,57,0.9476,0.0524,0.0,1
296.1111,39.5461,26776.6078,13,0.5949,0.1734,0.2317,0
40.6254,9.4071,18561.6964,14,0.8306,0.0823,0.0872,0
73.5888,32.5213,24869.1807,6,0.6715,0.1148,0.2138,0
137.4208,23.5466,6231.8497,3,0.8558,0.1442,0.0,0
1231.583,425.0643,121220.2185,55,0.6968,0.2461,0.0571,1
1194.2287,98.3053,142097.3846,61,0.9514,0.0486,0.0,1
296.1987,27.8261,48010.7897,18,0.5815,0.179,0.2394,0
993.3604,236.6867,280521.6795,54,0.714,0.1892,0.0968,1
1498.2996,167.1132,100132.9555,70,0.9495,0.039,0.0115,1
276.4587,25.0702,30851.1951,3,0.5587,0.1469,0.2943,0
136.35,28.6074,5787.3121,12,0.8498,0.0801,0.0701,0
108.9196,49.9093,20575.2093,10,0.8241,0.1759,0.0,0
1203.0648,397.9009,456657.8653,39,0.7312,0.1027,0.1661,1
1660.0058,376.7941,413349.3056,98,0.8851,0.1026,0.0123,1
1794.7638,489.0388,269569.1371,93,0.7192,0.0635,0.2173,1
242.3937,43.9412,26310.6342,3,0.7278,0.2051,0.0672,0
76.7299,42.5381,15526.7134,16,0.6747,0.1692,0.1561,0
171.1282,22.1863,39014.3038,5,0.7564,0.1969,0.0466,0
283.4017,44.4662,24130.8757,7,0.5808,0.3811,0.0381,0
1043.5115,301.8255,458550.0118,75,0.9258,0.0742,0.0,1
256.7892,46.2906,24500.9334,14,0.6142,0.3858,0.0,0
38.5118,3.9153,5044.1309,8,0.6263,0.3398,0.0339,0
131.6187,10.6817,936.5044,10,0.7589,0.086,0.155,0
48.8874,38.9259,32787.9281,3,0.5947,0.358,0.0473,0
78.9372,4.5225,4492.2446,18,0.5191,0.2618,0.2191,0
1109.4202,399.9622,427899.7785,75,0.7221,0.0361,0.2418,1
87.4108,41.9045,48942.0595,3,0.5342,0.0966,0.3692,0
836.2701,285.1181,495341.5502,91,0.9926,0.0074,0.0,1
263.6443,49.6916,5067.2115,2,0.7267,0.0843,0.1891,0
144.4743,4.5828,26029.5646,19,0.5049,0.0553,0.4398,0
1594.8992,324.5736,352312.4459,47,0.711,0.2128,0.0761,1
244.9609,3.8445,35814.0892,2,0.5919,0.2154,0.1927,0
141.3776,2.93,10282.8687,17,0.8662,0.1338,0.0,0
94.1897,45.948,14742.8025,4,0.611,0.0839,0.3051,0
147.1373,34.3095,9415.6705,11,0.7184,0.1243,0.1573,0
125.1977,20.7793,5577.7983,10,0.8423,0.1577,0.0,0
275.6782,40.1552,12848.3376,13,0.7761,0.2239,0.0,0
252.9379,44.6954,7549.0053,6,0.6992,0.3008,0.0,0
1164.3457,280.6142,202468.3059,40,0.6514,0.2017,0.1469,1
272.2637,15.0835,16520.5279,9,0.8622,0.0869,0.0508,0
190.5626,30.8844,13059.4984,19,0.6133,0.1985,0.1883,0
240.6174,48.5512,32242.9374,12,0.8386,0.0588,0.1025,0
261.5723,47.4899,14303.2833,13,0.8466,0.1534,0.0,0
91.6932,33.7018,31434.9668,19,0.7745,0.2255,0.0,0
227.2605,47.8165,25762.5153,1,0.6268,0.2788,0.0944,0
1239.4753,198.9226,412608.9093,15,0.7729,0.1578,0.0694,1
179.7399,9.9898,23606.5001,13,0.857,0.1214,0.0216,0
140.8446,46.0787,22475.1907,6,0.8159,0.1555,0.0286,0
1754.8254,359.2203,183519.2222,45,0.6446,0.1823,0.1731,1
169.686,3.8501,12441.7962,18,0.8776,0.1224,0.0,0
651.7404,467.4987,415539.685,77,0.9202,0.0798,0.0,1
15.2585,4.7208,6778.2014,4,0.5822,0.3442,0.0736,0
1366.0628,257.162,284046.9181,38,0.8846,0.1154,0.0,1
1287.2395,174.2825,414894.3268,50,0.6534,0.1034,0.2432,1
187.9456,32.7892,42429.0622,10,0.6114,0.325,0.0636,0
96.8976,39.4897,19925.5961,19,0.7349,0.1614,0.1038,0
1441.2388,289.8924,94044.3231,15,0.7859,0.2141,0.0,1
84.1564,16.0291,3632.1827,17,0.8452,0.0727,0.0821,0
1271.9741,493.5564,90119.1297,27,0.6139,0.079,0.3071,1
37.5958,16.933,14784.7068,2,0.8426,0.088,0.0695,0
68.6975,12.9675,35416.6525,12,0.7558,0.0616,0.1826,0
558.1887,113.0729,378235.7268,48,0.9229,0.0771,0.0,1
733.8551,91.564,88250.8322,47,0.6131,0.0115,0.3754,1
128.1031,5.8086,47220.1053,5,0.8928,0.1072,0.0,0
1958.8134,303.5592,294657.5531,68,0.6849,0.225,0.0902,1
1771.392,325.7326,477849.2569,16,0.6612,0.0926,0.2462,1
1580.468,419.2282,191568.6246,50,0.9486,0.0514,0.0,1
1597.1084,280.3639,466810.8879,33,0.9288,0.0712,0.0,1
161.421,48.1438,14338.4313,13,0.512,0.3671,0.121,0
758.3762,311.3815,221132.4834,46,0.7764,0.1452,0.0784,1
1322.3139,338.2855,352600.7254,17,0.9831,0.0169,0.0,1
1603.2219,163.5628,114235.775,48,0.6739,0.1198,0.2063,1
102.0909,26.215,12082.1987,18,0.7671,0.2329,0.0,0
157.2356,25.1846,27229.9661,12,0.7466,0.0621,0.1912,0
1005.6878,341.6381,200188.4648,40,0.7656,0.1079,0.1265,1
229.3291,16.3396,47984.2701,1,0.7134,0.1581,0.1285,0
869.6067,202.005,328302.226,86,0.8728,0.1272,0.0,1
203.1153,25.0605,33854.1689,16,0.5085,0.2391,0.2524,0
295.9486,49.9276,41896.364,7,0.7151,0.2849,0.0,0
226.9406,2.481,32351.044,14,0.7259,0.2066,0.0675,0
182.0302,30.8847,1310.0552,7,0.8377,0.1623,0.0,0
70.9558,7.8692,23958.0433,18,0.7148,0.2214,0.0638,0
196.0487,30.7249,28571.106,9,0.7468,0.2532,0.0,0
704.877,360.4074,84499.2285,28,0.9204,0.0796,0.0,1
140.9888,35.1041,13980.1175,15,0.8837,0.1163,0.0,0
206.2542,47.2409,42310.0542,16,0.5491,0.2429,0.2081,0
1896.2719,312.6244,203734.5783,43,0.7851,0.1086,0.1063,1
121.0523,19.6468,23074.1183,6,0.6972,0.3028,0.0,0
77.4404,12.606,43826.0179,11,0.5999,0.0863,0.3138,0
283.9136,16.797,24180.6492,14,0.7008,0.2992,0.0,0
1782.9206,89.6026,296085.7953,51,0.8865,0.0896,0.024,1
112.293,7.5376,47868.9025,6,0.5941,0.348,0.0578,0
202.058,21.6852,21373.4449,3,0.8704,0.1296,0.0,0
203.0976,19.1862,6816.0731,18,0.759,0.2051,0.0359,0
118.5134,23.5532,19571.8422,14,0.5392,0.0879,0.3729,0
148.9893,1.5557,27951.6428,5,0.7368,0.2632,0.0,0
95.5556,46.1267,4022.5451,6,0.8138,0.0979,0.0883,0
148.6045,18.319,13560.8988,7,0.5805,0.3286,0.0909,0
1688.2394,463.9201,316672.5089,22,0.7018,0.2707,0.0275,1
1631.0635,153.9466,334945.6526,82,0.902,0.098,0.0,1
86.498,34.4832,34023.7208,10,0.7143,0.0844,0.2012,0
1857.2108,395.0236,371899.7,94,0.6117,0.0921,0.2961,1
254.6406,35.6111,10647.1932,6,0.6243,0.3142,0.0615,0
56.6114,47.7382,44563.2681,5,0.7558,0.2442,0.0,0
1742.2405,218.1626,467789.0825,75,0.8501,0.1278,0.0221,1
43.3021,29.9196,18420.5663,13,0.5252,0.0876,0.3872,0
600.9621,89.2328,160566.6182,39,0.9643,0.0357,0.0,1
1986.9792,383.3805,466892.2338,96,0.8171,0.0765,0.1064,1
1647.2832,433.9115,264591.2769,68,0.6421,0.0072,0.3507,1
970.3289,105.4511,207667.5586,42,0.6452,0.0496,0.3051,1
1064.1564,129.2695,334028.5836,22,0.785,0.215,0.0,1
293.5469,13.6854,10444.4511,9,0.6242,0.0948,0.281,0
130.5467,20.1373,3174.5638,14,0.8799,0.0616,0.0585,0
47.4187,26.7331,21593.8593,11,0.6619,0.3102,0.0279,0
286.8644,18.5512,19470.5919,3,0.7107,0.092,0.1973,0
290.3555,33.9003,27853.1818,4,0.5584,0.1882,0.2534,0
924.9419,476.6974,407093.597,48,0.8362,0.1638,0.0,1
1016.9109,224.9978,407038.8233,24,0.7849,0.1692,0.0459,1
130.0402,27.3993,39078.2069,11,0.6766,0.3104,0.0129,0
237.0584,35.5745,7227.6689,13,0.8881,0.0542,0.0577,0
198.9945,47.8114,43371.0048,14,0.7652,0.2348,0.0,0
133.1012,23.309,48974.812,17,0.7645,0.2355,0.0,0
87.5169,42.4331,32347.5758,2,0.6521,0.0923,0.2556,0
90.5324,7.1764,18800.7737,9,0.6567,0.2969,0.0464,0
109.3547,41.4936,31854.8805,8,0.6778,0.3222,0.0,0
99.1852,7.9256,28465.8096,1,0.682,0.1243,0.1937,0
1453.8627,453.4809,316282.5644,93,0.656,0.135,0.209,1
89.9342,43.5237,34168.0386,3,0.5956,0.0513,0.353,0
195.3179,15.742,18398.9567,13,0.6953,0.1723,0.1324,0
122.4266,43.2194,10986.9719,12,0.7814,0.161,0.0576,0
290.3615,11.6169,17164.7658,2,0.79,0.21,0.0,0
169.6423,22.5207,48078.3734,3,0.6807,0.0975,0.2217,0
268.3298,29.6193,41336.3173,15,0.5801,0.231,0.189,0
133.5377,39.6527,44355.2974,3,0.6533,0.2463,0.1005,0
1865.845,377.0672,335311.4452,63,0.803,0.197,0.0,1
146.152,37.324,34495.2911,14,0.5383,0.3211,0.1405,0
136.685,37.509,40178.7244,7,0.5142,0.0508,0.4351,0
241.28,2.7334,12046.0854,14,0.7448,0.0581,0.1972,0
117.4333,32.6188,41289.8413,12,0.6262,0.074,0.2998,0
137.5993,48.7806,991.947,15,0.8203,0.1797,0.0,0
17.3955,4.916,34525.3153,18,0.6579,0.0883,0.2538,0
851.4716,83.0766,190974.6941,60,0.7071,0.1273,0.1656,1
297.0487,45.4045,31563.9568,19,0.6064,0.3254,0.0682,0
104.8626,6.0195,39526.4153,2,0.8156,0.1844,0.0,0
240.9753,12.554,24524.8282,19,0.6336,0.2543,0.1121,0
259.7602,37.5107,4462.3955,6,0.8005,0.1995,0.0,0
147.0791,49.628,28590.6641,11,0.8868,0.071,0.0423,0
184.8075,43.4566,17842.847,1,0.8342,0.1658,0.0,0
185.9042,43.5873,5635.3884,8,0.8753,0.1247,0.0,0
120.9861,28.9693,14170.6391,13,0.7123,0.2877,0.0,0
1330.3409,442.9683,451415.6592,23,0.6635,0.169,0.1674,1
242.5293,40.9346,19170.2923,4,0.5203,0.0858,0.3939,0
60.955,24.3918,16789.1759,17,0.8887,0.1113,0.0,0
709.5626,277.929,136163.1889,32,0.769,0.0583,0.1727,1
212.2119,48.1294,36927.4368,7,0.5868,0.3229,0.0904,0
1828.4365,192.8814,105525.6367,34,0.7292,0.1899,0.081,1
112.0597,41.0803,30527.2523,17,0.5237,0.3627,0.1136,0
239.1798,49.2358,28878.4514,11,0.6597,0.3403,0.0,0
141.4257,19.3577,8487.162,19,0.8399,0.099,0.061,0
151.5131,23.2353,34469.3755,19,0.818,0.182,0.0,0
145.8408,39.6148,38844.2789,12,0.8846,0.1154,0.0,0
44.6356,21.8804,35093.2157,13,0.5248,0.1138,0.3613,0
75.6662,31.4066,26488.612,17,0.7294,0.2706,0.0,0
973.177,452.4233,412019.0047,93,0.7317,0.1373,0.131,1
822.4616,384.3454,353411.8685,58,0.8774,0.1226,0.0,1
1765.1067,152.5554,241815.986,86,0.7977,0.2023,0.0,1
137.3715,2.896,37658.104,7,0.7815,0.2185,0.0,0
115.4057,28.6504,24901.0858,19,0.7613,0.2387,0.0,0
277.3372,25.009,9095.5253,7,0.5226,0.1429,0.3345,0
46.2686,11.2843,1080.6917,11,0.6746,0.2614,0.064,0
220.8012,6.5779,28286.9059,18,0.5526,0.0718,0.3756,0
258.2966,39.7275,35940.3461,11,0.5347,0.3356,0.1297,0
144.4515,14.5309,39091.9473,2,0.6001,0.09,0.3099,0
139.3853,20.8059,18189.5821,13,0.7622,0.078,0.1598,0
205.3213,49.7976,4080.9978,18,0.6406,0.061,0.2984,0
1954.5415,388.5777,270520.7931,24,0.6357,0.0879,0.2764,1
90.0179,4.5803,1043.2366,15,0.6427,0.3114,0.0459,0
247.3647,42.0761,6776.7119,15,0.5431,0.3784,0.0784,0
25.1677,48.2542,32804.461,19,0.7035,0.1341,0.1624,0
636.3846,283.0347,89546.5936,51,0.9475,0.0525,0.0,1
161.8054,40.0605,40776.6881,19,0.6796,0.3204,0.0,0
270.6873,20.5782,19366.8849,2,0.6942,0.0897,0.2161,0
38.9802,7.9314,13845.1306,8,0.764,0.1732,0.0628,0
1592.3636,327.8323,278849.256,64,0.6983,0.1069,0.1949,1
181.0957,34.1171,8152.5873,4,0.8234,0.1766,0.0,0
184.4163,2.5534,9964.4396,2,0.6672,0.3328,0.0,0
126.5939,9.4778,46544.1739,3,0.6976,0.2261,0.0763,0
30.301,46.6525,5988.9093,13,0.5221,0.3447,0.1332,0
705.2991,213.9995,392067.4325,25,0.8314,0.1491,0.0195,1
1566.7557,156.7485,221967.2367,32,0.7075,0.0646,0.2279,1
37.8105,34.4577,12430.0098,5,0.8412,0.1588,0.0,0
115.9036,41.669,1699.4106,17,0.7685,0.1233,0.1082,0
288.5702,10.9029,6892.9818,9,0.7989,0.2011,0.0,0
148.3669,41.5577,20714.1461,19,0.7831,0.2169,0.0,0
264.1059,27.9123,16097.4909,4,0.5539,0.3508,0.0953,0
66.8749,15.4981,6627.2694,15,0.8288,0.1712,0.0,0
1619.2516,493.0265,292476.5212,17,0.7911,0.0458,0.1631,1
32.4565,25.3126,18348.7688,13,0.8458,0.1542,0.0,0
80.8769,29.4318,22169.3029,6,0.5591,0.3886,0.0523,0
157.2295,27.9938,13780.204,9,0.5299,0.1624,0.3076,0
1862.8137,410.4167,407656.665,80,0.8921,0.1079,0.0,1
170.7933,13.8465,33586.6058,3,0.6748,0.1135,0.2117,0
159.074,35.3631,31621.8176,3,0.5116,0.0803,0.4081,0
1472.6004,274.7253,351118.7969,79,0.7337,0.2663,0.0,1
797.2648,379.3726,413603.8708,38,0.6681,0.1089,0.223,1
1074.916,224.7523,279798.1569,73,0.6125,0.1132,0.2743,1
184.9241,47.2041,36884.2602,8,0.7473,0.0784,0.1743,0
40.8617,45.564,43759.2048,3,0.5977,0.1497,0.2526,0
281.6342,3.1549,4307.7751,3,0.6326,0.2728,0.0946,0
148.2529,35.0328,27551.9291,9,0.5334,0.3563,0.1103,0
478.5919,262.8436,97505.5354,92,0.7044,0.1826,0.113,1
762.3626,338.6192,361627.3924,85,0.6174,0.019,0.3636,1
81.2529,1.3854,36099.2356,6,0.5062,0.3235,0.1703,0
98.9818,41.9448,13873.0105,2,0.8782,0.1218,0.0,0
99.7991,40.6943,1944.1184,4,0.8793,0.1207,0.0,0
38.5025,28.5264,44185.7127,12,0.6423,0.2983,0.0594,0
74.1368,12.0467,28220.2734,17,0.6408,0.1971,0.1621,0
123.4681,41.9379,43891.9107,9,0.7024,0.051,0.2466,0
244.4649,42.8984,5515.5137,5,0.6296,0.2057,0.1647,0
214.7686,27.4563,38083.5559,1,0.8536,0.1464,0.0,0
1472.9671,236.1565,300086.6603,83,0.7715,0.0397,0.1888,1
67.1241,1.596,45425.2106,14,0.6726,0.3274,0.0,0
206.5355,10.9321,5542.552,13,0.8574,0.1426,0.0,0
1364.3273,180.1727,255302.6871,80,0.8059,0.1584,0.0356,1
36.7547,15.3457,18456.7606,18,0.6748,0.3252,0.0,0
106.3509,9.7878,32331.7795,3,0.7035,0.2802,0.0163,0
74.304,27.7456,5424.3501,6,0.5272,0.3493,0.1235,0
908.6137,149.4965,201330.2763,78,0.803,0.0549,0.1421,1
163.0145,36.6067,34995.684,14,0.5721,0.1257,0.3022,0
63.802,39.9221,15351.9483,1,0.798,0.202,0.0,0
25.7708,49.9017,45898.0639,16,0.5453,0.065,0.3897,0
1417.8164,323.7371,147633.2249,40,0.7312,0.2478,0.021,1
1704.1714,225.4929,497847.3929,96,0.6147,0.1578,0.2275,1
798.992,97.7689,171484.8307,96,0.7602,0.027,0.2128,1
41.7622,48.3276,37576.7969,10,0.8025,0.1975,0.0,0
164.4192,35.8749,24773.5296,7,0.8435,0.0785,0.078,0
286.7378,47.4816,37343.8973,14,0.8728,0.0783,0.049,0
263.9949,13.9913,19086.9085,10,0.6927,0.1225,0.1848,0
1420.8313,200.7268,334739.514,80,0.8803,0.1197,0.0,1
29.9923,11.5369,30520.2313,4,0.7537,0.2463,0.0,0
219.9636,8.1689,3508.3914,16,0.7305,0.2135,0.056,0
20.201,35.7851,39196.5597,6,0.7404,0.1181,0.1415,0
206.0455,15.784,49565.2963,12,0.8234,0.1766,0.0,0
62.2563,3.4367,29760.081,13,0.5204,0.1155,0.3642,0
1085.2581,136.5021,432158.0285,99,0.7781,0.2053,0.0166,1
16.736,28.2531,34404.9027,8,0.6094,0.2419,0.1487,0
238.4794,36.9222,15749.119,4,0.8577,0.1423,0.0,0
182.0686,21.9902,16401.617,4,0.8826,0.1174,0.0,0
58.5358,16.3676,30607.5446,4,0.5862,0.0893,0.3245,0
1067.3256,194.6608,447909.8958,24,0.7697,0.081,0.1493,1
186.6676,17.8087,10094.3599,17,0.754,0.0749,0.171,0
1869.9685,440.2742,169112.6275,96,0.9598,0.0402,0.0,1
191.5542,25.9343,24239.2803,7,0.6521,0.2417,0.1061,0
257.4892,42.8835,23188.4117,3,0.6466,0.1936,0.1598,0
223.119,11.9443,46841.3736,11,0.7602,0.233,0.0068,0
201.2011,7.0727,2064.0862,9,0.821,0.0544,0.1246,0
237.9304,23.3456,46976.1105,18,0.6717,0.1102,0.2181,0
155.2851,16.4461,43087.0762,14,0.6032,0.1426,0.2542,0
214.2751,20.7829,18035.5941,12,0.7916,0.2084,0.0,0
1295.4288,298.2114,318986.5925,24,0.8386,0.1125,0.0489,1
56.253,49.3169,2290.4653,9,0.8633,0.0794,0.0573,0
149.9841,1.7291,2732.7088,3,0.8828,0.0869,0.0303,0
84.6663,13.7471,49674.1847,17,0.8523,0.1477,0.0,0
1614.9746,129.7259,295601.1415,66,0.6135,0.0318,0.3547,1
1613.8491,379.3938,410424.5649,23,0.7715,0.0499,0.1786,1
74.1745,10.564,47115.0614,10,0.6831,0.3169,0.0,0
886.7755,117.1466,329269.4066,91,0.6292,0.2689,0.1019,1
261.5528,6.1761,21159.746,8,0.6899,0.1203,0.1899,0
466.0834,344.7052,380169.4144,98,0.6155,0.2489,0.1356,1
233.2397,20.5911,36866.2525,2,0.5116,0.2156,0.2728,0
1811.0111,270.9568,135841.6301,88,0.7033,0.2095,0.0872,1
251.4767,16.0818,20441.0756,11,0.6131,0.0764,0.3106,0
279.1892,10.3202,30088.167,17,0.8987,0.0508,0.0505,0
533.2673,271.5941,130637.7641,88,0.7622,0.0242,0.2136,1
95.3537,32.8919,40060.098,19,0.7194,0.2525,0.0282,0
96.0942,27.0358,48213.7809,7,0.6126,0.1959,0.1915,0
119.8717,41.0119,30718.2617,17,0.7456,0.2287,0.0257,0
280.4192,7.1597,17576.1093,4,0.8611,0.1389,0.0,0
272.6695,47.1194,37535.0712,4,0.6086,0.2244,0.167,0
1993.8302,271.733,132168.4235,52,0.8042,0.0964,0.0994,1
1059.7111,359.4168,293194.9517,96,0.6115,0.199,0.1895,1
116.7874,49.7857,9630.1375,11,0.5592,0.086,0.3548,0
198.5472,28.1491,21326.5499,6,0.6777,0.2478,0.0745,0
47.4828,4.2897,20121.0512,5,0.6597,0.2817,0.0586,0
124.4253,1.0559,3144.9951,8,0.884,0.116,0.0,0
269.7069,23.6231,2552.8098,12,0.6275,0.1464,0.226,0
45.654,26.5904,41384.7512,7,0.7693,0.1161,0.1146,0
36.1139,42.0706,13426.7062,4,0.7876,0.1834,0.0291,0
153.5198,4.1977,47096.1639,17,0.7281,0.1496,0.1223,0
229.794,47.208,38278.3218,4,0.6768,0.217,0.1061,0
197.6508,28.2232,41597.2826,12,0.6714,0.1635,0.1651,0
255.2008,16.5732,761.3115,4,0.7484,0.1652,0.0864,0
194.1523,23.1357,7823.3602,9,0.5961,0.1456,0.2582,0
221.9987,32.6286,46321.7803,1,0.5814,0.2528,0.1658,0
1668.352,476.5457,435214.5037,95,0.984,0.016,0.0,1
158.2402,46.7287,1798.8994,14,0.587,0.3385,0.0746,0
236.0091,26.9994,35279.2744,8,0.5161,0.0631,0.4209,0
556.7807,156.2925,317213.4423,33,0.7623,0.2101,0.0275,1
40.7407,46.1576,12693.8433,3,0.7165,0.2835,0.0,0
951.6926,400.3105,165755.8912,78,0.6789,0.1179,0.2032,1
139.3492,36.9829,24752.8443,6,0.7179,0.0751,0.2069,0
1395.1695,466.7956,269740.5298,72,0.8458,0.0767,0.0774,1
96.4555,28.1061,45607.8355,12,0.8311,0.1359,0.0331,0
1039.3753,135.5284,488301.2363,90,0.9748,0.0252,0.0,1
671.684,449.6726,401986.2049,87,0.9129,0.0689,0.0182,1
1587.4731,461.3188,468789.9544,50,0.7212,0.1273,0.1515,1
195.1914,30.777,11491.7417,14,0.7656,0.1933,0.0411,0
256.4006,43.923,25408.503,5,0.705,0.2097,0.0853,0
248.7061,13.0424,45827.838,13,0.8546,0.1454,0.0,0
1502.7154,249.5534,135958.6487,39,0.8134,0.0439,0.1427,1
152.2763,30.6832,12532.0957,18,0.5862,0.3213,0.0924,0
715.4186,86.0241,412225.1859,89,0.9079,0.0921,0.0,1
130.3071,4.0371,10861.5155,12,0.5767,0.377,0.0463,0
212.935,24.176,28151.7786,6,0.7909,0.0595,0.1496,0
1565.0288,314.7579,488862.4877,18,0.7294,0.2054,0.0652,1
237.1899,36.3478,36763.4921,19,0.8438,0.1562,0.0,0
83.6261,32.0663,24615.8919,13,0.6533,0.1348,0.2119,0
628.9328,271.0645,161595.2264,64,0.64,0.0045,0.3555,1
38.9601,45.4652,25928.7808,3,0.7866,0.2134,0.0,0
45.8168,1.0339,30177.6489,14,0.7343,0.2588,0.0068,0
1841.7791,392.0917,201099.4268,41,0.971,0.029,0.0,1
785.316,239.6411,185878.2894,67,0.8167,0.1833,0.0,1
197.4638,1.1786,10841.0808,8,0.7549,0.19,0.0551,0
80.9232,34.8272,28479.3067,19,0.7753,0.091,0.1337,0
971.4715,356.6397,304074.6759,95,0.9843,0.0157,0.0,1
297.6133,43.5833,40140.6616,11,0.5654,0.2123,0.2223,0
1295.565,452.5312,243789.7594,91,0.9261,0.0739,0.0,1
264.9429,49.5318,8816.8323,18,0.6928,0.1509,0.1563,0
1339.9118,391.9312,398803.4663,42,0.6472,0.2052,0.1476,1
1956.3248,447.0567,240737.059,52,0.8369,0.1631,0.0,1
168.6298,9.4864,49705.7937,16,0.5417,0.295,0.1632,0
292.2442,20.5864,23880.1747,12,0.6675,0.1143,0.2182,0
176.4204,5.0972,35750.9819,16,0.5454,0.3234,0.1312,0
210.8405,33.6613,22425.9808,19,0.8818,0.0707,0.0475,0
20.1256,28.0737,45980.383,15,0.6305,0.2114,0.1581,0
136.9528,1.9028,30726.8684,14,0.5108,0.1197,0.3695,0
1533.8412,269.1121,361416.6987,31,0.8033,0.1246,0.072,1
1505.7662,285.9664,350254.8266,96,0.8263,0.0339,0.1397,1
1393.156,126.4033,486338.7959,44,0.9049,0.0951,0.0,1
281.4538,26.003,44822.412,7,0.8788,0.1212,0.0,0
189.3367,44.3393,36020.8585,17,0.8735,0.1265,0.0,0
107.5505,8.7182,32293.6967,15,0.854,0.146,0.0,0
200.2155,12.2133,3063.2346,6,0.6834,0.3052,0.0113,0
185.6962,37.9749,25705.951,16,0.5379,0.3173,0.1448,0
1866.4178,178.8543,226771.827,49,0.7862,0.0783,0.1355,1
1158.9791,198.2996,354681.8927,46,0.7891,0.0205,0.1904,1
237.0425,40.828,15410.5648,3,0.7845,0.0586,0.1569,0
1190.432,99.2704,253794.5172,29,0.6149,0.1988,0.1863,1
251.3148,22.6685,1031.6552,18,0.8171,0.1829,0.0,0
46.0883,40.4543,3000.336,12,0.6323,0.1399,0.2278,0
204.8846,20.3277,19023.5085,9,0.784,0.0668,0.1492,0
577.2765,191.2791,234444.4213,73,0.7318,0.2647,0.0035,1
777.5738,440.37,169204.0607,97,0.6015,0.299,0.0995,1
92.9182,37.7574,4533.3173,6,0.7424,0.1832,0.0743,0
12.1624,48.0832,2756.8132,10,0.7958,0.1123,0.0919,0
140.3426,21.5034,30078.3103,16,0.8753,0.1247,0.0,0
60.7436,36.1396,36972.6727,6,0.5266,0.2825,0.1908,0
974.0513,376.4082,350927.3364,51,0.8517,0.1483,0.0,1
240.7555,33.5449,13452.3239,2,0.5133,0.1471,0.3397,0
563.1161,148.7347,250300.3843,42,0.9895,0.0105,0.0,1
126.2088,2.9105,13665.7444,8,0.6493,0.2688,0.0819,0
1657.0162,422.6471,99273.7584,79,0.7107,0.1259,0.1634,1
242.7844,42.6462,24104.8892,2,0.7055,0.2945,0.0,0
136.992,4.2823,35290.153,12,0.8777,0.1223,0.0,0
30.84,9.5952,28378.5022,15,0.5564,0.2922,0.1514,0
1529.6838,446.0341,459415.6413,56,0.713,0.2591,0.0279,1
297.1933,38.4859,29374.813,10,0.5846,0.1811,0.2343,0
1081.7024,459.0608,440210.8068,72,0.7205,0.1809,0.0986,1
156.8773,35.3086,2515.9273,3,0.647,0.1893,0.1637,0
725.9355,359.7544,152780.2342,31,0.8623,0.096,0.0417,1
99.7676,35.4259,46832.6095,2,0.8367,0.1633,0.0,0
86.146,45.6878,16596.3839,6,0.6456,0.1114,0.2429,0
281.8203,11.4039,33137.8416,8,0.6516,0.1525,0.1958,0
219.8861,38.87,34610.2768,11,0.7721,0.0514,0.1765,0
222.7053,20.6527,49672.3529,9,0.6796,0.2711,0.0493,0
41.0505,13.9772,16668.3688,10,0.5933,0.181,0.2257,0
67.2698,26.321,24073.2114,7,0.6092,0.1506,0.2402,0
1062.2033,111.9287,313518.4728,46,0.6333,0.0782,0.2885,1
260.5192,48.0915,8288.6367,14,0.6379,0.1428,0.2193,0
110.8254,34.9537,40702.2935,2,0.8479,0.1521,0.0,0
112.8901,31.0571,29195.6644,9,0.7224,0.2555,0.0221,0
121.5063,29.7781,12431.7376,1,0.7993,0.0874,0.1133,0
181.4125,23.3227,24680.714,11,0.5254,0.0722,0.4024,0
115.5156,11.0587,43981.0977,4,0.8861,0.1139,0.0,0
891.5255,106.4552,174703.9218,52,0.9648,0.0352,0.0,1
229.3859,20.977,21040.3568,2,0.7313,0.2339,0.0348,0
704.1916,434.9855,417919.0662,60,0.7805,0.1526,0.0669,1
234.1396,15.1373,26152.5387,14,0.6112,0.359,0.0298,0
1156.3928,136.8201,207036.6514,58,0.757,0.0885,0.1544,1
158.7568,4.7615,7302.6036,7,0.6066,0.3543,0.039,0
263.8771,43.9651,25806.3929,5,0.5819,0.2189,0.1992,0
465.12,185.933,126539.4119,33,0.9375,0.0625,0.0,1
217.386,16.1192,21615.063,3,0.7055,0.2844,0.0101,0
234.1691,22.5261,39089.1751,10,0.6654,0.1792,0.1554,0
269.7449,28.9232,1253.1285,7,0.7398,0.2602,0.0,0
1367.2059,496.7789,300246.432,96,0.8206,0.1236,0.0558,1
1357.6746,91.7771,83802.9495,37,0.6407,0.1442,0.2151,1
1188.082,408.6226,328780.587,38,0.8774,0.0017,0.1209,1
77.6778,35.8569,35882.9573,15,0.6224,0.152,0.2256,0
217.2456,5.4926,40620.415,4,0.5948,0.1646,0.2406,0
13.7254,7.9397,45250.102,8,0.5234,0.1333,0.3433,0
1508.2862,434.4719,466796.7206,92,0.7785,0.1547,0.0668,1
276.4514,32.1865,18993.1005,5,0.656,0.1546,0.1894,0
1650.1154,151.2126,423053.6612,33,0.996,0.004,0.0,1
23.1002,12.9987,10430.0651,11,0.7227,0.2773,0.0,0
285.038,3.4726,46939.9805,9,0.5938,0.2976,0.1086,0
199.4756,10.8834,15972.484,2,0.5086,0.1106,0.3808,0
1763.7174,399.8444,428428.7121,25,0.7733,0.0255,0.2012,1
579.1329,277.7786,157216.4038,48,0.8815,0.0662,0.0523,1
280.4873,22.2069,2370.2302,4,0.6471,0.2858,0.0671,0
260.5816,11.6365,32673.3379,8,0.6333,0.3231,0.0436,0
1148.1741,228.2301,303188.1707,16,0.8719,0.1281,0.0,1
68.7208,42.553,37845.2949,2,0.507,0.2172,0.2758,0
632.2156,252.7185,298858.5336,18,0.7618,0.1676,0.0706,1
156.9798,34.8061,4936.9326,8,0.691,0.309,0.0,0
711.0437,258.5503,254982.5865,20,0.7499,0.027,0.2231,1
1313.7388,262.365,131289.111,88,0.7393,0.2057,0.0551,1
249.6247,30.8196,43751.1184,1,0.8406,0.1594,0.0,0
37.4211,38.577,47299.0715,8,0.8374,0.1626,0.0,0
254.9826,23.2227,29508.4155,17,0.6309,0.2177,0.1515,0
15.9285,31.2372,10336.8896,6,0.5088,0.3587,0.1325,0
144.995,35.0525,35698.0848,3,0.6858,0.2044,0.1098,0
167.4335,31.4707,21290.6628,14,0.5898,0.2336,0.1766,0
1685.2317,357.459,114290.8199,68,0.8951,0.1049,0.0,1
875.4004,295.9922,366456.2036,36,0.7499,0.2048,0.0454,1
159.3325,36.0717,8510.7623,16,0.7008,0.2992,0.0,0
283.8671,23.625,2425.9896,13,0.5292,0.3653,0.1055,0
1701.8898,229.3489,424581.9375,85,0.7716,0.04,0.1884,1
227.1271,7.413,3609.6919,6,0.6373,0.1321,0.2307,0
137.132,40.7476,39397.5653,15,0.7852,0.0855,0.1293,0
44.4454,42.3084,6651.0689,13,0.5114,0.122,0.3667,0
199.983,42.0858,35213.4062,14,0.787,0.213,0.0,0
1404.2605,148.0354,488918.036,17,0.6027,0.0752,0.3221,1
91.1408,31.9788,18943.4893,17,0.7188,0.2773,0.0039,0
295.0663,49.9738,43002.1935,8,0.7852,0.1776,0.0371,0
178.318,49.6539,14868.802,10,0.6392,0.1013,0.2596,0
196.4931,6.701,45721.4138,9,0.7779,0.2034,0.0187,0
52.309,42.4923,7909.1751,2,0.5404,0.2567,0.2029,0
64.9467,39.4168,24531.108,12,0.8982,0.1018,0.0,0
149.1416,39.2318,25045.7536,4,0.8631,0.1369,0.0,0
234.467,9.5387,6247.5625,17,0.8053,0.0589,0.1357,0
288.7655,42.2639,4330.3825,13,0.5028,0.2139,0.2832,0
215.9049,26.409,41037.8098,11,0.7123,0.1622,0.1255,0
176.4554,28.8614,46432.0035,11,0.567,0.2603,0.1727,0
97.0927,46.7774,36204.3559,16,0.7797,0.078,0.1422,0
237.9505,18.3126,10223.0937,3,0.7408,0.1879,0.0713,0
26.5973,9.7528,47067.6239,6,0.7885,0.2115,0.0,0
1043.8895,425.8573,339477.9228,38,0.8628,0.0251,0.1122,1
284.9628,38.6694,14664.443,7,0.6122,0.1226,0.2652,0
94.1139,39.7777,42734.3494,18,0.7902,0.2098,0.0,0
154.1072,12.429,24825.8579,5,0.5727,0.2841,0.1432,0
1891.6895,351.2046,396713.6917,38,0.8907,0.1088,0.0004,1
273.4992,8.9977,6366.8392,12,0.8514,0.1486,0.0,0
150.2295,10.9285,20900.379,19,0.7532,0.2468,0.0,0
247.5852,42.7935,6673.4428,18,0.6601,0.1141,0.2258,0
149.209,49.8916,18527.1886,10,0.7461,0.0561,0.1978,0
117.7475,46.3589,46885.4758,11,0.8553,0.1447,0.0,0
1372.8435,336.8573,368861.1064,75,0.6062,0.2795,0.1143,1
27.3491,3.2027,19911.7671,7,0.504,0.0809,0.4151,0
291.1126,8.8611,10247.2491,11,0.8881,0.1119,0.0,0
1389.1042,476.0619,470686.753,42,0.8937,0.1063,0.0,1
281.7449,38.2555,49130.3142,10,0.5235,0.0923,0.3843,0
210.2184,10.7812,37987.6603,4,0.7022,0.2857,0.0121,0
92.1416,36.7842,17393.7319,19,0.8509,0.0963,0.0528,0
1506.7617,464.0626,120692.7132,86,0.8082,0.0236,0.1682,1
274.3313,5.9962,40420.3329,7,0.8371,0.1629,0.0,0
16.9514,22.4825,15479.7346,2,0.5514,0.2346,0.2141,0
224.36,49.935,43593.5473,10,0.6564,0.1993,0.1443,0
1884.3164,447.4256,277606.5123,50,0.8902,0.1098,0.0,1
222.3999,35.1044,46576.5023,1,0.6443,0.3557,0.0,0
408.0169,167.1219,365568.0289,84,0.8684,0.1316,0.0,1
498.7365,173.6949,433967.3637,50,0.9467,0.0533,0.0,1
1528.6139,395.274,290982.7581,56,0.8779,0.1221,0.0,1
870.6557,366.2044,401252.2007,83,0.9594,0.0406,0.0,1
194.1037,24.555,39944.7093,3,0.8151,0.1849,0.0,0
238.1284,19.1908,11230.1927,14,0.7922,0.1362,0.0716,0
542.901,363.434,423511.3304,41,0.7042,0.2731,0.0227,1
207.5855,22.8906,41905.331,2,0.6884,0.3116,0.0,0
42.11,28.6489,1579.4168,15,0.634,0.2537,0.1123,0
24.0851,12.2775,627.6543,16,0.7134,0.114,0.1725,0
1508.409,171.6105,89599.7873,77,0.8999,0.1001,0.0,1
214.4133,44.0483,27576.8963,13,0.7993,0.2007,0.0,0
780.3861,339.9737,446266.5408,49,0.8759,0.0203,0.1037,1
1690.7113,449.2629,219426.652,54,0.8687,0.0977,0.0336,1
225.7163,21.2585,36579.9709,18,0.8946,0.1054,0.0,0
48.0494,15.6254,3305.639,18,0.6956,0.2816,0.0228,0
156.5653,18.6987,23336.2116,8,0.8593,0.1407,0.0,0
138.2711,21.0335,45380.9102,11,0.7334,0.2666,0.0,0
95.8495,31.5694,20370.2076,7,0.6269,0.185,0.1881,0
79.8834,20.4227,37502.5446,15,0.805,0.1803,0.0146,0
253.3302,4.3787,11837.9632,12,0.8661,0.1339,0.0,0
886.4924,174.8618,317639.607,33,0.6698,0.2146,0.1155,1
488.7928,391.3655,272418.8496,65,0.6752,0.2081,0.1167,1
1114.9333,294.719,414673.5527,78,0.9459,0.0541,0.0,1
195.9451,5.7143,38908.9226,11,0.701,0.2422,0.0568,0
123.8904,25.6928,36061.4209,14,0.7327,0.2628,0.0045,0
178.9669,8.9621,28363.4625,16,0.7229,0.2771,0.0,0
36.0221,6.3634,37664.0528,3,0.5708,0.113,0.3162,0
67.9405,24.5437,15174.1125,8,0.786,0.0888,0.1252,0
258.4068,43.2593,9136.1053,6,0.6737,0.2573,0.069,0
164.1677,3.751,40607.6714,11,0.5465,0.0747,0.3788,0
204.6571,49.2411,11888.4093,2,0.8025,0.1618,0.0357,0
1494.1516,88.662,456810.7682,55,0.8562,0.1438,0.0,1
472.7012,406.497,345586.4575,63,0.7144,0.2856,0.0,1
833.2589,149.1056,102038.3745,91,0.9225,0.0775,0.0,1
108.2217,36.3392,22869.3945,10,0.868,0.132,0.0,0
110.639,1.2814,41914.6976,13,0.7143,0.2079,0.0778,0
196.4131,18.7274,32823.3799,4,0.6032,0.3263,0.0704,0
1963.8487,145.6922,161087.4683,31,0.9074,0.0926,0.0,1
231.8497,42.3406,5834.0449,10,0.5554,0.0894,0.3552,0
279.5837,29.1024,7206.9271,17,0.6177,0.294,0.0883,0
805.1385,330.0467,317379.16,79,0.7909,0.2091,0.0,1
11.2763,42.6469,38421.4217,13,0.5017,0.3657,0.1327,0
53.4229,16.2408,14230.419,16,0.8638,0.1362,0.0,0
834.0714,288.2102,287086.2335,43,0.6216,0.2979,0.0805,1
265.7662,17.5567,11990.0376,14,0.5259,0.2801,0.1939,0
1720.8649,282.6051,488906.6147,75,0.7843,0.2154,0.0003,1
106.973,17.5595,25174.7561,7,0.594,0.3979,0.008,0
52.1516,18.0245,5072.3174,6,0.7257,0.0941,0.1802,0
188.7146,44.7758,40370.5941,7,0.8765,0.1235,0.0,0
136.0352,26.6441,12578.8779,10,0.7673,0.2327,0.0,0
68.6695,10.2984,44549.6946,11,0.7896,0.2104,0.0,0
256.3286,47.8877,27510.5703,15,0.8413,0.1587,0.0,0
1021.09,317.5568,183121.782,29,0.8791,0.1209,0.0,1
1911.5753,427.1232,226151.0987,52,0.7517,0.1837,0.0646,1
276.5881,14.4409,47348.8401,7,0.6471,0.3145,0.0384,0
580.4413,374.8922,278629.7626,50,0.7417,0.0774,0.1808,1
134.0893,17.7157,31708.3006,14,0.5434,0.2468,0.2098,0
242.382,42.0429,24718.0595,9,0.641,0.0624,0.2966,0
17.2348,47.2994,46121.5003,11,0.7962,0.0658,0.138,0
1705.7531,349.9964,451625.3467,67,0.7301,0.212,0.0579,1
289.4607,18.0555,37353.9048,3,0.5839,0.2263,0.1897,0
275.4366,41.1074,37307.0587,13,0.5339,0.0912,0.3749,0
611.1307,301.9964,491106.9257,84,0.6604,0.0863,0.2533,1
160.1061,18.8846,33213.6209,9,0.8092,0.1908,0.0,0
947.8587,214.3066,232556.2137,97,0.6047,0.2814,0.114,1
143.9257,27.092,43408.5788,10,0.5132,0.2003,0.2865,0
1630.6964,330.766,173534.6842,51,0.9397,0.0603,0.0,1
1480.4841,240.3778,308944.0672,85,0.6656,0.2154,0.1189,1
297.2812,11.9646,31710.3188,10,0.5307,0.3498,0.1195,0
286.3628,25.7919,7873.4314,8,0.6842,0.0833,0.2325,0
143.0648,40.1016,45176.7678,17,0.5861,0.2731,0.1408,0
26.2155,34.0942,13966.4605,16,0.6509,0.142,0.2071,0
66.2895,12.1092,30080.0446,13,0.5816,0.0644,0.354,0
1136.5991,237.5628,460102.5066,32,0.6703,0.0587,0.271,1
747.7461,148.4988,384227.2455,22,0.9394,0.0606,0.0,1
749.57,200.4325,323250.9043,79,0.7579,0.1607,0.0814,1
291.9004,43.8661,42375.668,9,0.6135,0.1104,0.2761,0
1732.7221,328.9655,385648.667,66,0.9436,0.0564,0.0,1
212.4752,28.2139,4866.1927,9,0.7405,0.2386,0.0209,0
10.4816,22.336,47377.9188,17,0.6832,0.3168,0.0,0
234.4473,25.6856,22877.8567,10,0.5632,0.385,0.0518,0
103.7072,12.3657,44946.6763,12,0.6204,0.3159,0.0638,0
75.7426,31.2369,8378.8801,6,0.8862,0.1138,0.0,0
276.9051,32.8021,2310.1936,9,0.8712,0.1288,0.0,0
890.6535,294.4166,225314.9709,50,0.8339,0.001,0.1651,1
274.159,31.5902,24502.3742,4,0.8452,0.1548,0.0,0
73.5438,20.5955,47893.5702,7,0.7813,0.2187,0.0,0
110.8825,36.7093,31708.492,12,0.6525,0.0962,0.2513,0
214.3452,41.6914,33762.0626,13,0.8641,0.1359,0.0,0
1274.9038,127.7272,183871.159,64,0.7162,0.207,0.0768,1
184.7658,29.6057,21120.2537,3,0.5617,0.1708,0.2675,0
22.1398,5.9412,1443.1724,18,0.6514,0.1112,0.2374,0
67.3525,46.4842,11560.8167,6,0.8913,0.1087,0.0,0
1548.6672,119.2603,428210.6756,29,0.7543,0.2354,0.0103,1
30.3902,49.7186,26391.0404,17,0.7467,0.1824,0.0709,0
118.783,5.001,3896.186,13,0.5343,0.0769,0.3889,0
154.9657,40.3147,43145.7366,5,0.8488,0.1177,0.0335,0
21.8423,30.6908,40970.9458,4,0.7102,0.2898,0.0,0
128.7557,1.1648,10496.1752,11,0.5468,0.3347,0.1184,0
789.6031,233.9909,475438.2041,96,0.9644,0.0356,0.0,1
550.4505,121.3619,255883.0623,70,0.8129,0.0137,0.1734,1
127.2402,3.6813,26724.2609,6,0.802,0.198,0.0,0
103.3305,29.2935,2848.8339,9,0.7651,0.2349,0.0,0
1528.8799,421.084,382306.1041,31,0.6781,0.2618,0.0601,1
1085.3329,308.8796,414964.6795,17,0.8059,0.0655,0.1286,1
11.0487,32.2819,32059.0322,14,0.6342,0.2339,0.132,0
99.4166,4.6848,4568.4428,18,0.6488,0.2252,0.126,0
69.2977,5.204,46037.0661,9,0.7642,0.2358,0.0,0
199.0691,32.8774,39318.0491,17,0.5713,0.2714,0.1573,0
48.0067,28.9847,38390.3938,6,0.5584,0.1406,0.301,0
190.3253,14.5621,30595.1219,19,0.7207,0.2793,0.0,0
237.0287,45.5475,38687.4585,10,0.6357,0.2569,0.1074,0
255.2811,14.8405,2429.9535,3,0.8452,0.1094,0.0455,0
261.016,24.0172,17353.8319,10,0.621,0.3385,0.0405,0
195.6497,44.121,28724.6879,13,0.7083,0.2088,0.0829,0
1003.5106,463.8083,242022.6874,83,0.6061,0.2197,0.1741,1
28.507,42.9843,8422.6334,18,0.835,0.0983,0.0667,0
184.9294,26.4822,37618.0081,4,0.7532,0.0745,0.1723,0
665.6969,108.7785,454440.806,36,0.8844,0.0247,0.0909,1
408.364,184.9421,241102.7322,28,0.8768,0.1232,0.0,1
171.2316,8.4291,10910.0941,19,0.5682,0.3732,0.0586,0
281.7482,2.1594,8675.0419,1,0.8719,0.0891,0.0391,0
610.8554,94.2822,241089.757,58,0.6573,0.2386,0.1041,1
136.5115,27.2867,23797.8155,11,0.6642,0.1432,0.1927,0
1193.6742,219.3293,496949.2737,56,0.8751,0.0349,0.0899,1
440.649,360.3842,86381.1154,69,0.7328,0.1968,0.0704,1
112.3147,41.6055,26701.7545,18,0.5426,0.3105,0.1468,0
105.0642,16.9094,26649.63,17,0.5624,0.3929,0.0447,0
110.4788,8.1606,17389.1368,17,0.8737,0.0555,0.0708,0
1451.5713,303.5754,169269.2988,97,0.9825,0.0175,0.0,1
772.8068,390.5999,393601.5481,99,0.7205,0.1462,0.1334,1
60.6158,25.8736,34045.8345,12,0.7426,0.0907,0.1667,0
268.036,8.0116,2716.2194,8,0.7551,0.2449,0.0,0
181.414,13.2405,41044.4343,18,0.8996,0.1004,0.0,0
1124.3762,188.7672,413943.859,96,0.7161,0.2839,0.0,1
221.0855,2.3547,13542.1792,6,0.6027,0.2879,0.1094,0
184.2759,9.2982,12909.3159,18,0.7349,0.2546,0.0105,0
1087.1762,359.4603,209689.8824,68,0.7073,0.2446,0.0481,1
205.319,9.615,12462.5956,17,0.7162,0.1887,0.0951,0
25.1423,39.8048,31531.2218,18,0.7946,0.2003,0.0051,0
252.4736,40.667,24058.4653,14,0.5671,0.3411,0.0918,0
403.4179,120.5483,437705.2803,72,0.7345,0.217,0.0485,1
1083.0548,372.3888,311483.5899,36,0.7077,0.0242,0.268,1
253.1138,30.0211,34787.1903,16,0.7402,0.1194,0.1404,0
141.4512,11.16,30531.8501,16,0.79,0.0931,0.1169,0
25.6154,9.3413,19408.8447,13,0.5359,0.3883,0.0759,0
83.8187,28.5333,2658.5404,7,0.7952,0.2048,0.0,0
753.8048,172.8005,198013.2294,76,0.7211,0.1946,0.0843,1
180.2659,46.0243,39799.1589,6,0.7617,0.2219,0.0164,0
1706.9025,194.4566,197337.1686,88,0.9334,0.0666,0.0,1
176.4151,31.9443,39081.3532,11,0.8218,0.1782,0.0,0
1356.7113,353.0325,101164.2786,65,0.7291,0.0117,0.2592,1
281.2086,19.1259,2175.3826,8,0.6176,0.3824,0.0,0
273.8934,11.5022,21398.7959,11,0.5735,0.1453,0.2811,0
291.0027,24.1731,25455.0679,13,0.8513,0.1487,0.0,0
53.6317,43.4256,40602.0115,14,0.8677,0.1323,0.0,0
262.2584,46.4215,43979.8847,14,0.6961,0.3039,0.0,0
1894.7312,184.1175,395530.7169,77,0.9046,0.0796,0.0157,1
1436.9906,176.1313,438115.3423,80,0.972,0.028,0.0,1
136.9741,31.0185,26710.7829,2,0.7374,0.2626,0.0,0
175.6385,39.824,34482.2651,10,0.6496,0.3395,0.0108,0
15.875,31.2686,39682.9733,6,0.5878,0.2401,0.1721,0
270.5193,48.1127,2632.1711,6,0.8473,0.1527,0.0,0
164.8326,36.5169,21434.7179,2,0.5847,0.157,0.2583,0
1705.7947,449.6894,486975.7851,58,0.8148,0.1852,0.0,1
212.0502,23.1032,19751.5944,4,0.7591,0.2409,0.0,0
140.1145,38.7553,13080.4826,10,0.5471,0.2551,0.1978,0
88.63,48.7759,13261.573,18,0.5669,0.1634,0.2697,0
187.977,11.853,41543.9657,16,0.8981,0.0549,0.047,0
55.5333,28.3691,30690.9126,15,0.5138,0.0938,0.3924,0
83.7042,45.6095,21269.1846,4,0.5131,0.1079,0.3789,0
750.0838,273.3364,283955.6665,82,0.6627,0.0167,0.3206,1
1439.6505,139.6702,496141.3046,83,0.7964,0.0367,0.1669,1
281.935,30.9816,28408.3689,16,0.7767,0.2233,0.0,0
139.5833,11.0724,35909.4771,9,0.5578,0.3904,0.0519,0
148.9154,43.2096,47231.1524,16,0.8681,0.1319,0.0,0
1075.4503,166.4601,277876.5702,36,0.7942,0.1136,0.0922,1
1715.1467,484.8672,449026.2165,50,0.7614,0.1991,0.0395,1
40.2015,20.7579,24734.6459,14,0.5627,0.1413,0.296,0
147.3079,7.8575,20945.4462,6,0.6167,0.1489,0.2344,0
203.5721,47.4677,20598.0287,6,0.6957,0.278,0.0263,0
123.3786,2.2085,32105.1968,15,0.6185,0.1047,0.2768,0
178.8284,46.8546,21803.0238,10,0.6747,0.1189,0.2064,0
198.7262,30.7295,25158.9318,8,0.7405,0.2595,0.0,0
281.4526,20.6101,4806.059,13,0.6814,0.0915,0.227,0
296.1465,33.343,29760.134,6,0.5788,0.1814,0.2397,0
286.3408,39.9079,27126.1501,9,0.7379,0.0529,0.2092,0
1956.2944,487.4809,152414.4047,38,0.7096,0.0039,0.2865,1
114.1021,10.32,13408.2167,18,0.7872,0.2128,0.0,0
890.8744,194.2756,489162.5326,48,0.6168,0.033,0.3501,1
63.8407,47.3471,49512.5094,14,0.516,0.2502,0.2338,0
125.2823,46.4669,18351.2432,11,0.804,0.196,0.0,0
177.7802,32.9032,48256.0502,9,0.7758,0.1776,0.0466,0
165.6047,14.6866,31623.1801,16,0.6112,0.2682,0.1205,0
82.4496,23.2763,43349.8527,19,0.5545,0.2563,0.1892,0
156.9172,27.362,14624.4764,18,0.5059,0.0774,0.4167,0
183.2115,31.4587,10947.6408,10,0.6468,0.2424,0.1108,0
145.6157,9.694,44704.2175,12,0.5199,0.1363,0.3439,0
1752.6933,217.3152,472793.0073,71,0.8245,0.0347,0.1408,1
116.747,36.1431,29245.2836,6,0.883,0.117,0.0,0
215.3465,25.4524,24015.074,16,0.5803,0.3046,0.1151,0
1432.5539,145.464,289996.6363,30,0.6943,0.226,0.0797,1
65.6139,6.0919,11532.5973,19,0.8516,0.1484,0.0,0
158.1544,13.7469,18802.2139,17,0.5256,0.0902,0.3842,0
126.8351,7.8602,46022.7402,14,0.6369,0.2194,0.1437,0
236.6251,39.4718,39797.6732,9,0.7794,0.2206,0.0,0
169.4053,25.5833,28687.4749,11,0.6906,0.3094,0.0,0
138.1734,3.9972,19863.5926,13,0.5299,0.0615,0.4086,0
196.4376,10.5771,1393.6862,4,0.579,0.3992,0.0218,0
47.7072,18.3281,30516.3564,11,0.6396,0.0725,0.2879,0
10.6482,15.3778,38220.5487,6,0.6852,0.2391,0.0757,0
275.7276,9.036,49839.8661,12,0.8931,0.0665,0.0404,0
62.7016,36.3862,33598.514,6,0.5445,0.3585,0.097,0
79.6825,35.5708,7293.4451,10,0.7753,0.2247,0.0,0
90.6671,7.185,24996.5923,18,0.7113,0.2887,0.0,0
20.1031,34.0759,25581.9054,11,0.5938,0.0913,0.3149,0
292.5882,31.7865,3945.8458,15,0.8351,0.1649,0.0,0
1536.6371,239.5973,285312.6652,79,0.9133,0.0309,0.0559,1
143.1669,6.1092,28448.5254,10,0.7089,0.2601,0.031,0
1640.7339,184.0984,80812.6781,33,0.7227,0.2347,0.0426,1
978.4756,294.066,381614.7245,72,0.6852,0.1832,0.1316,1
108.341,14.5406,31526.223,8,0.6857,0.076,0.2383,0
61.4769,14.7679,37172.3565,19,0.5919,0.17,0.2381,0
263.1445,7.1673,45145.6423,7,0.6654,0.1061,0.2285,0
100.5322,3.3689,31272.4519,7,0.7259,0.2741,0.0,0
123.5017,13.9993,28213.1839,2,0.5224,0.316,0.1616,0
1929.4462,148.5316,346926.6575,95,0.7286,0.2714,0.0,1
1016.6253,391.3826,386824.9361,87,0.852,0.0499,0.0981,1
13.4246,46.2139,13067.2782,3,0.6962,0.2777,0.0262,0
262.4124,40.9834,39952.3193,17,0.6767,0.3233,0.0,0
1869.2896,149.0751,365459.8486,91,0.943,0.057,0.0,1
139.1244,11.8603,44746.7226,4,0.5863,0.1505,0.2632,0
242.4029,35.2295,27028.291,2,0.7566,0.1288,0.1145,0
702.6534,463.4617,223503.2862,24,0.9543,0.0457,0.0,1
1008.0681,90.2302,222820.3422,56,0.8734,0.0667,0.0599,1
1351.1739,485.0769,492134.714,39,0.6545,0.2886,0.0569,1
89.5292,39.8013,36292.7584,3,0.6651,0.1484,0.1865,0
776.8202,344.4392,136614.1564,80,0.7946,0.1283,0.0771,1
136.8589,27.2953,49527.0818,16,0.7601,0.2399,0.0,0
1828.7632,251.0685,146036.9652,48,0.8343,0.093,0.0726,1
287.8468,20.0625,39318.3817,8,0.6848,0.2748,0.0404,0
1308.8356,402.9648,320358.0285,21,0.9214,0.015,0.0636,1
16.7165,32.6868,48497.5001,6,0.8311,0.1689,0.0,0
76.143,33.115,31357.4393,1,0.8228,0.1772,0.0,0
551.3066,440.5039,198334.0341,47,0.7059,0.2905,0.0036,1
57.7648,7.5713,8162.301,7,0.6709,0.2688,0.0604,0
1394.5538,348.1887,293765.5632,74,0.7229,0.0421,0.235,1
22.5662,49.6341,42543.9254,6,0.7134,0.2237,0.0629,0
146.9219,5.0608,34960.6198,3,0.7999,0.2001,0.0,0
582.4791,370.9611,320439.5196,58,0.8012,0.0132,0.1856,1
1353.725,88.678,333358.1072,56,0.9088,0.0747,0.0164,1
1129.4201,171.7954,357145.5203,77,0.7435,0.1007,0.1557,1
1212.65,264.2888,383354.1993,36,0.6841,0.0537,0.2622,1
291.0611,30.3382,43098.0373,13,0.6742,0.3258,0.0,0
670.8655,437.5398,317936.0939,80,0.6892,0.0735,0.2373,1
1886.9156,101.1377,301667.9618,49,0.6701,0.1276,0.2023,1
1727.7175,327.0626,447617.897,27,0.6121,0.1013,0.2866,1
52.8485,13.8635,12594.4644,14,0.5122,0.2276,0.2602,0
42.5157,26.1874,25417.8417,4,0.7357,0.2643,0.0,0
188.6653,35.1612,38324.483,14,0.7516,0.145,0.1034,0
275.9174,31.6285,8214.767,18,0.5459,0.0574,0.3967,0
913.3614,198.7629,112163.2052,58,0.9683,0.0084,0.0233,1
122.595,17.5018,34108.4047,13,0.5093,0.0948,0.3959,0
21.2296,31.4639,43143.0324,12,0.6888,0.0686,0.2427,0
1908.7013,218.098,318332.9444,50,0.6493,0.2627,0.088,1
210.9984,17.3323,1683.0182,3,0.819,0.181,0.0,0
277.0555,33.5172,16310.3058,1,0.6747,0.168,0.1573,0
1668.8538,495.1075,380244.2995,75,0.7232,0.043,0.2338,1
25.0689,17.005,46032.1357,2,0.6143,0.2102,0.1755,0
74.4801,25.933,25724.6449,7,0.8761,0.1239,0.0,0
1628.9418,207.1351,150637.7741,66,0.8719,0.1281,0.0,1
757.3112,289.7788,434447.578,82,0.7873,0.1818,0.0308,1
269.812,49.2274,49048.2637,1,0.8207,0.1793,0.0,0
111.8546,44.3175,43352.9251,13,0.8198,0.1802,0.0,0
247.7208,49.8903,24199.7713,19,0.6801,0.0809,0.239,0
132.52,41.0116,18708.9753,2,0.7527,0.2473,0.0,0
163.2945,24.7818,27224.9635,4,0.8924,0.1076,0.0,0
1449.3444,261.8819,123415.3082,80,0.6281,0.1422,0.2297,1
74.252,33.0483,21856.5903,1,0.7297,0.2703,0.0,0
122.9069,19.7433,10923.1939,16,0.8148,0.1852,0.0,0
226.4192,39.0999,18481.5658,18,0.5505,0.1049,0.3446,0
217.9356,3.7743,24994.1325,14,0.6991,0.3009,0.0,0
165.7801,16.1601,38652.4745,4,0.8003,0.1997,0.0,0
52.2914,21.9089,25526.8174,4,0.6259,0.0759,0.2983,0
278.6222,6.3584,28499.4268,1,0.6645,0.3355,0.0,0
1008.3137,136.1009,297362.0747,54,0.6448,0.2604,0.0948,1
1593.477,436.1103,80316.9516,77,0.9931,0.0069,0.0,1
217.9087,5.7132,33329.2972,16,0.5105,0.061,0.4285,0
266.2237,43.1727,11863.1028,15,0.7655,0.1942,0.0403,0
35.0697,43.045,17987.2119,1,0.5015,0.3203,0.1781,0
256.5795,36.1266,36967.4931,6,0.5308,0.0935,0.3756,0
715.4821,205.6566,435392.3633,35,0.6447,0.0833,0.272,1
67.5893,32.0662,16499.589,19,0.6648,0.089,0.2462,0
65.2507,49.2474,3889.063,5,0.6649,0.2807,0.0545,0
1607.1522,308.401,90392.6789,93,0.899,0.101,0.0,1
280.1347,15.8299,45676.3225,19,0.8802,0.1198,0.0,0
37.2661,49.5067,35893.5016,11,0.5333,0.2786,0.188,0
139.0212,41.9715,17981.9091,12,0.5303,0.398,0.0717,0
1786.0575,177.4959,256636.9594,98,0.6849,0.1386,0.1765,1
158.344,44.9848,26018.9346,4,0.8057,0.1943,0.0,0
1270.7008,467.7631,112181.8409,22,0.9213,0.0787,0.0,1
1927.5479,107.363,439882.5299,79,0.6798,0.1364,0.1837,1
163.1142,46.6897,28070.3994,8,0.7897,0.0523,0.1581,0
264.6285,26.5336,49575.7513,7,0.8097,0.1903,0.0,0
48.4372,44.7464,40648.012,4,0.8498,0.1502,0.0,0
88.7174,12.0478,29994.9209,3,0.7374,0.2626,0.0,0
152.0129,49.6487,31980.0853,17,0.5852,0.1174,0.2975,0
1488.9022,310.6121,496813.5062,93,0.9486,0.0514,0.0,1
163.187,49.0768,14985.3137,19,0.7247,0.2596,0.0157,0
146.3529,4.6556,45492.2848,5,0.6109,0.1783,0.2108,0
1783.1249,155.1099,305567.608,29,0.9727,0.0273,0.0,1
93.1992,39.5794,40504.9091,7,0.5406,0.2917,0.1677,0
203.203,16.8485,25797.278,16,0.7934,0.2066,0.0,0
248.7781,26.0242,16332.4838,14,0.7649,0.2351,0.0,0
138.2619,31.112,9654.7829,11,0.6857,0.3143,0.0,0
58.0042,33.171,14975.213,19,0.8019,0.1981,0.0,0
206.51,45.5576,45067.3261,7,0.7095,0.0643,0.2262,0
58.6256,39.9927,39492.1061,8,0.5308,0.277,0.1922,0
215.57,13.1386,15490.103,17,0.6863,0.3095,0.0042,0
1785.3951,274.1897,215279.0999,62,0.7611,0.1748,0.0641,1
280.5061,1.2689,8496.0254,16,0.5995,0.3414,0.0591,0
1972.279,306.8418,489311.1975,84,0.9652,0.0348,0.0,1
1235.8231,239.602,103039.6519,75,0.6504,0.2316,0.1181,1
33.4238,32.3742,11209.4643,5,0.517,0.0592,0.4239,0
272.6219,25.8561,29781.2738,14,0.7016,0.2984,0.0,0
1888.177,356.7772,456637.6964,39,0.6882,0.1163,0.1955,1
1300.9217,157.096,305090.5504,58,0.9616,0.0384,0.0,1
1983.6935,416.3069,375040.6227,87,0.9125,0.0875,0.0,1
1300.0874,248.7821,200736.3836,27,0.6457,0.2381,0.1161,1
222.1851,37.1618,28726.3633,14,0.8516,0.1484,0.0,0
742.1269,124.8144,213369.1522,31,0.7291,0.2504,0.0205,1
1661.5831,450.3197,442648.8503,35,0.9994,0.0006,0.0,1
165.1205,1.8648,2515.7008,11,0.8504,0.1496,0.0,0
182.3858,21.8569,22719.5616,14,0.82,0.18,0.0,0
1752.2266,201.4896,281554.4272,93,0.9339,0.062,0.0041,1
189.4858,45.4551,38304.2177,1,0.7664,0.1217,0.1119,0
177.0166,30.8856,24256.0872,16,0.7489,0.1253,0.1258,0
285.8538,17.0259,3491.7199,8,0.5499,0.1094,0.3406,0
282.4993,26.0373,8798.0302,12,0.7907,0.2093,0.0,0
105.9134,23.6163,44139.2936,5,0.5552,0.3892,0.0556,0
277.9961,45.5446,8053.7061,14,0.8658,0.1342,0.0,0
287.812,18.7437,13845.6966,17,0.5877,0.3398,0.0726,0
908.4269,460.5327,448120.958,73,0.6311,0.2494,0.1195,1
41.4136,1.1369,2187.9609,16,0.8499,0.1339,0.0162,0
1769.9819,153.9408,471659.1336,35,0.8959,0.1041,0.0,1
208.5128,49.2084,14893.21,2,0.6722,0.2044,0.1233,0
75.2569,38.5992,7870.0012,10,0.639,0.2846,0.0764,0
690.8633,185.5498,404396.8715,26,0.7873,0.1377,0.075,1
519.6837,200.1191,443559.4065,60,0.7032,0.2732,0.0236,1
600.7013,304.0014,200624.0355,18,0.7679,0.047,0.1851,1
273.6288,11.9036,25724.1028,5,0.6854,0.0818,0.2328,0
1943.7139,437.5852,177670.8294,33,0.8872,0.1128,0.0,1
164.7471,39.3306,34078.622,4,0.6042,0.2073,0.1885,0
191.3965,3.5354,30234.3478,12,0.8266,0.1143,0.059,0
1640.6679,300.591,465748.51,41,0.9328,0.0373,0.0299,1
247.8304,4.6231,44289.3707,7,0.8039,0.0674,0.1288,0
195.1206,24.171,6226.7149,16,0.7309,0.1009,0.1682,0
433.9569,407.0897,82574.1191,62,0.8439,0.1226,0.0335,1
635.1234,276.9921,223546.1453,98,0.7085,0.2465,0.045,1
170.2383,16.0661,41435.3624,5,0.7731,0.2269,0.0,0
267.0561,47.9202,37840.3414,17,0.8196,0.1804,0.0,0
209.3848,14.0824,29073.8425,16,0.6128,0.3872,0.0,0
184.0947,17.3496,8820.1902,17,0.5953,0.1713,0.2334,0
1186.8036,109.6483,266431.6941,76,0.8272,0.1367,0.0361,1
219.258,42.2969,7328.8457,4,0.7728,0.2259,0.0014,0
1124.884,424.0213,86723.1605,96,0.7025,0.1245,0.173,1
87.6839,37.6249,17878.2485,8,0.686,0.204,0.11,0
135.4477,4.7336,18350.106,11,0.6619,0.1662,0.1718,0
534.3963,461.6517,487572.772,20,0.9711,0.0289,0.0,1
1277.9297,174.6089,325196.196,52,0.6578,0.1587,0.1835,1
294.8394,2.3285,9154.5074,5,0.5254,0.1067,0.3679,0
185.1989,30.0648,11456.3396,10,0.7661,0.1783,0.0556,0
61.8882,32.2145,21286.6285,8,0.7921,0.2079,0.0,0
129.3599,28.0708,36754.109,18,0.8353,0.1647,0.0,0
256.3235,38.7687,16510.4984,9,0.8116,0.1328,0.0555,0
70.8306,8.4905,8415.7072,1,0.6995,0.1839,0.1166,0
132.5929,40.6257,31600.1504,3,0.512,0.3424,0.1455,0
293.9805,8.283,30200.671,18,0.8583,0.1417,0.0,0
86.9563,4.6315,28377.7626,1,0.8665,0.1335,0.0,0
265.8025,10.8173,10781.246,11,0.7797,0.1316,0.0887,0
1317.2441,247.8088,114442.5195,21,0.7558,0.083,0.1612,1
1866.1129,224.7748,234205.4844,39,0.9727,0.0273,0.0,1
55.3051,46.7262,18028.1056,8,0.6469,0.3531,0.0,0
659.6893,172.8635,487231.8934,76,0.8345,0.1643,0.0012,1
589.9466,250.4971,285430.4267,53,0.88,0.027,0.0929,1
224.5333,4.7788,21628.1568,4,0.8478,0.1366,0.0156,0
1879.9193,170.4083,316988.1555,45,0.8533,0.1467,0.0,1
943.389,462.3715,314351.0512,61,0.7301,0.1323,0.1376,1
1923.163,205.9143,336290.9641,59,0.793,0.057,0.15,1
89.2243,8.947,10613.2886,10,0.6346,0.2654,0.0999,0
596.3342,402.1472,92993.5854,45,0.7823,0.0818,0.136,1
1470.1455,315.8878,95483.1431,55,0.8271,0.0473,0.1256,1
93.4708,13.1394,38755.42,9,0.8757,0.1243,0.0,0
157.0851,33.324,32743.177,12,0.6295,0.3383,0.0322,0
28.6627,14.7964,49358.748,9,0.871,0.1064,0.0226,0
242.1093,34.1671,26369.6802,6,0.5669,0.153,0.2802,0
12.0796,38.4535,17034.3839,5,0.6853,0.0602,0.2545,0
186.9175,2.2373,40923.9897,8,0.8307,0.1693,0.0,0
172.8331,23.523,47973.5967,18,0.5494,0.1454,0.3052,0
156.2126,31.498,39233.9643,18,0.7313,0.1422,0.1265,0
45.371,42.985,6367.4327,6,0.7597,0.2403,0.0,0
80.991,18.0039,47336.0993,3,0.7616,0.2384,0.0,0
1888.8824,104.9661,256219.9876,57,0.8125,0.0428,0.1447,1
870.8412,278.9875,131585.0273,16,0.6403,0.2434,0.1163,1
89.5266,9.9729,1901.2726,1,0.6807,0.1959,0.1234,0
67.0926,31.3662,44008.985,1,0.7627,0.2373,0.0,0
88.4833,15.9525,29885.0598,17,0.59,0.2194,0.1907,0
131.333,40.4631,25396.1915,15,0.8089,0.1911,0.0,0
639.2046,436.8561,359774.4098,88,0.7275,0.2725,0.0,1
272.7116,24.1101,5363.6923,8,0.8957,0.1043,0.0,0
124.5835,40.0154,7444.9567,9,0.5103,0.2575,0.2322,0
1504.7685,226.3326,154963.3638,97,0.9905,0.0095,0.0,1
61.6589,11.5561,33880.9506,6,0.7499,0.2501,0.0,0
267.4362,27.7831,44164.968,2,0.5782,0.2098,0.212,0
200.9594,23.0718,32887.8669,7,0.6864,0.1672,0.1464,0
226.5143,33.102,572.2852,10,0.5908,0.2128,0.1964,0
165.73,26.757,10261.1284,12,0.5721,0.0723,0.3556,0
1934.5696,274.5895,420175.8078,68,0.6108,0.2018,0.1874,1
1949.2357,136.0766,220790.5082,50,0.6438,0.0272,0.329,1
117.1758,20.1329,41895.9843,1,0.6738,0.2426,0.0836,0
259.3073,8.7832,9727.8893,15,0.5715,0.3806,0.048,0
1260.2417,319.0148,441373.7498,41,0.6196,0.1292,0.2512,1
61.1734,3.6106,27538.9041,18,0.8117,0.1883,0.0,0
130.9046,15.7772,48950.5584,16,0.8078,0.1203,0.0719,0
1372.2109,154.2712,438426.1257,40,0.6127,0.1592,0.2281,1
264.595,46.5598,10085.535,13,0.5269,0.2846,0.1886,0
1595.9679,248.6761,270983.2805,73,0.7001,0.1304,0.1695,1
259.5634,32.9471,12298.1184,17,0.5926,0.2893,0.1181,0
273.9948,11.024,36500.9409,18,0.8512,0.1488,0.0,0
227.158,34.0491,17396.0843,4,0.7047,0.1265,0.1688,0
201.5311,13.0659,20488.0262,3,0.5868,0.3493,0.0639,0
229.3986,26.1439,27094.7649,17,0.5441,0.2876,0.1683,0
265.0454,20.043,39032.6616,10,0.5007,0.1741,0.3252,0
58.4411,8.1083,36194.4109,14,0.7484,0.2516,0.0,0
48.7138,10.9129,46778.6728,19,0.7585,0.2415,0.0,0
47.153,44.1276,33120.4356,2,0.6808,0.3192,0.0,0
57.9833,48.1627,13761.2128,15,0.8424,0.1576,0.0,0
248.2758,3.8507,21490.6154,3,0.6979,0.2341,0.068,0
223.9786,45.1963,20885.2777,6,0.7644,0.1313,0.1042,0
214.664,28.2765,31032.9851,6,0.8311,0.0794,0.0894,0
114.9257,8.8167,39784.5632,2,0.5551,0.3728,0.0721,0
119.7098,25.516,37051.7712,13,0.7843,0.2157,0.0,0
291.143,1.9581,21906.7927,3,0.7275,0.107,0.1655,0
79.1803,36.3456,20432.8355,5,0.6332,0.2496,0.1172,0
160.1848,23.6638,20977.8157,6,0.5715,0.1598,0.2687,0
100.2085,49.9974,20047.5694,10,0.5068,0.3343,0.1589,0
1736.523,328.5687,240632.2434,51,0.8903,0.1097,0.0,1
247.1666,28.1923,39495.8222,18,0.8551,0.1449,0.0,0
1237.7336,256.7959,191661.1885,67,0.6381,0.2763,0.0855,1
1585.9068,368.8777,237404.1763,20,0.9003,0.038,0.0617,1
79.0161,42.1342,45751.6156,9,0.6609,0.0879,0.2512,0
1216.1508,435.492,213670.2981,89,0.8554,0.1446,0.0,1
23.9515,42.419,2834.5094,15,0.6038,0.1671,0.2292,0
64.2993,9.431,16323.3057,19,0.8482,0.1518,0.0,0
82.8664,1.7425,27236.7394,15,0.5938,0.2894,0.1168,0
200.1001,35.5703,39381.3209,9,0.5483,0.1571,0.2946,0
217.5213,10.9532,11870.1889,6,0.6114,0.3523,0.0364,0
968.1751,351.3927,374173.5163,96,0.8231,0.1769,0.0,1
617.6344,357.6312,160678.6761,61,0.9029,0.0971,0.0,1
196.0815,24.2664,17620.26,8,0.5397,0.2448,0.2156,0
31.755,11.7288,26589.0838,14,0.8386,0.1614,0.0,0
226.2379,12.1654,12652.0356,9,0.7178,0.1158,0.1664,0
261.6034,23.2774,10041.8741,1,0.8816,0.1184,0.0,0
296.1425,24.9807,38617.5303,5,0.5412,0.0623,0.3966,0
153.3061,32.9334,38854.9119,15,0.6691,0.1962,0.1346,0
270.1134,39.8289,14018.2429,12,0.6689,0.0835,0.2475,0
493.189,372.1385,197095.7639,35,0.8776,0.1224,0.0,1
40.4441,32.2958,46549.1464,5,0.5627,0.3139,0.1234,0
427.6268,296.3077,344447.7028,36,0.7397,0.1519,0.1084,1
513.4744,268.2092,304375.6098,34,0.7751,0.1711,0.0537,1
223.8635,16.171,19004.6376,9,0.8606,0.1394,0.0,0
72.3563,10.6857,23948.7669,7,0.6768,0.1266,0.1966,0
432.5111,388.963,267315.8477,44,0.6302,0.0896,0.2802,1
27.9304,3.6542,31471.9897,9,0.7287,0.2656,0.0056,0
212.2367,41.8806,36379.4771,17,0.8734,0.1266,0.0,0
247.7971,3.8695,4494.3486,6,0.756,0.2335,0.0104,0
203.0486,41.3278,38897.663,7,0.7555,0.0597,0.1848,0
227.4147,24.6966,4687.7716,16,0.6951,0.3049,0.0,0
699.9568,134.0994,201003.2951,89,0.7981,0.2019,0.0,1
116.3466,5.291,42910.5857,4,0.5008,0.0695,0.4297,0
724.3395,277.2847,497767.9636,40,0.7379,0.2198,0.0423,1
1080.1712,105.1151,229819.6262,52,0.8532,0.0901,0.0567,1
262.6149,22.6718,36015.6027,9,0.8138,0.1477,0.0386,0
51.7229,46.2602,28580.291,10,0.6019,0.1938,0.2043,0
250.098,5.6692,46799.6052,8,0.5205,0.2806,0.1989,0
192.7034,35.0274,991.931,13,0.5624,0.1569,0.2807,0
441.9371,474.9334,116086.2337,25,0.9636,0.0364,0.0,1
1867.5614,277.0934,457261.3694,27,0.8617,0.1383,0.0,1
18.5932,22.8485,10443.5705,3,0.6692,0.1222,0.2087,0
246.2532,22.4196,27478.3099,9,0.5508,0.3764,0.0728,0
123.1182,10.122,32807.5598,9,0.578,0.2974,0.1246,0
1636.1224,493.5367,450481.4537,30,0.9495,0.0505,0.0,1
254.4011,17.6292,8211.2852,16,0.5757,0.0768,0.3474,0
200.0529,48.9157,598.0895,13,0.7308,0.1482,0.121,0
56.7688,40.1625,4784.9577,1,0.6706,0.3294,0.0,0
279.8723,48.044,31589.5146,13,0.5974,0.1949,0.2077,0
293.2082,30.2504,34287.3036,14,0.663,0.2633,0.0738,0
51.1545,10.8077,3505.7995,6,0.5411,0.2874,0.1715,0
119.8001,44.909,9860.8076,10,0.8328,0.1672,0.0,0
103.4727,6.0887,33920.0843,13,0.5857,0.2054,0.2089,0
235.3953,46.8854,36215.2269,7,0.8371,0.1446,0.0183,0
207.4072,7.2393,20715.3133,16,0.808,0.192,0.0,0
128.5141,2.3614,30212.5885,13,0.6103,0.0914,0.2983,0
140.7139,41.1802,25862.3874,6,0.587,0.3164,0.0966,0
163.9098,4.2734,27407.346,11,0.565,0.2766,0.1584,0
1305.2322,382.6091,92409.507,49,0.8319,0.1681,0.0,1
296.4825,22.241,5869.5418,1,0.8565,0.1073,0.0361,0
714.6345,251.3983,171671.437,94,0.8447,0.0063,0.149,1
122.6753,20.4544,2036.2767,3,0.6492,0.3065,0.0443,0
28.552,43.618,19112.8779,5,0.6939,0.1335,0.1726,0
184.0932,46.2729,19431.0527,19,0.6914,0.2286,0.0801,0
194.346,25.1043,2345.8786,12,0.899,0.101,0.0,0
150.9312,45.8578,870.9455,4,0.5545,0.1011,0.3444,0
726.9796,404.8516,427038.4486,81,0.7124,0.2617,0.0259,1
95.9524,25.5574,21183.9937,19,0.5021,0.2316,0.2663,0
79.8401,16.3487,25495.7728,18,0.8317,0.1051,0.0632,0
223.8067,31.5735,43863.2789,16,0.6653,0.2727,0.062,0
43.0656,15.7985,31088.8613,11,0.5204,0.2214,0.2582,0
1578.5419,138.4447,228246.1486,65,0.9365,0.0635,0.0,1
1766.0896,209.115,465809.7604,82,0.9913,0.0087,0.0,1
105.0979,32.9719,30385.3772,8,0.7955,0.2045,0.0,0
220.8447,23.781,38128.2272,12,0.7921,0.0638,0.144,0
189.7064,13.6614,11237.0869,15,0.843,0.1023,0.0547,0
1089.8311,267.7143,84192.3999,84,0.9214,0.0786,0.0,1
104.2297,15.0539,11676.5302,16,0.5975,0.2473,0.1552,0
298.4635,49.2285,40997.8741,8,0.6988,0.3012,0.0,0
103.1786,22.0161,24269.8994,1,0.7362,0.2638,0.0,0
48.8534,23.8577,34662.336,14,0.6725,0.1874,0.1401,0
51.0041,41.5393,13288.9888,4,0.832,0.168,0.0,0
252.7,39.6377,4593.2498,14,0.6451,0.0977,0.2572,0
88.2708,1.2596,14096.8038,6,0.7037,0.1662,0.1301,0
990.2044,226.2333,298890.3642,68,0.7448,0.2432,0.012,1
603.0066,282.2467,485478.354,61,0.8855,0.0289,0.0857,1
22.7518,6.7923,14992.9347,19,0.8525,0.1475,0.0,0
62.7265,18.3787,15982.339,13,0.8709,0.1291,0.0,0
225.3219,2.7446,13098.7705,4,0.8913,0.1087,0.0,0
116.3555,38.2535,47090.5002,5,0.5304,0.2974,0.1722,0
170.3686,18.5308,19631.4831,3,0.8402,0.1598,0.0,0
1651.6551,120.6888,241635.719,51,0.9471,0.0529,0.0,1
100.3519,23.0811,33946.6307,7,0.6613,0.1645,0.1742,0
28.1456,20.2633,29527.0145,15,0.8767,0.1233,0.0,0
278.8152,37.2175,44738.8246,14,0.5188,0.0659,0.4153,0
173.8002,7.918,46541.7437,8,0.8045,0.1955,0.0,0
80.0929,41.0336,3245.4943,17,0.7679,0.0964,0.1358,0
104.8897,47.6721,17068.4674,18,0.718,0.282,0.0,0
117.4822,43.5974,35063.7705,10,0.8985,0.1015,0.0,0
220.5798,19.0689,27043.5363,2,0.8186,0.1814,0.0,0
83.8837,28.7095,28339.5855,17,0.5165,0.1344,0.3491,0
230.5583,2.9968,22033.7234,16,0.7615,0.2385,0.0,0
1192.4627,221.2885,163602.8332,39,0.6377,0.2802,0.0821,1
1308.1207,277.8116,130583.5198,35,0.8381,0.107,0.0549,1
57.8255,14.2676,32170.9138,19,0.599,0.0948,0.3062,0
54.6494,29.9688,37814.8377,8,0.7153,0.141,0.1437,0
1119.2886,343.2385,314892.6519,66,0.7842,0.0718,0.144,1
289.6682,34.8241,41850.1669,8,0.7344,0.119,0.1465,0
41.9653,20.6134,34583.7805,10,0.6597,0.3403,0.0,0
63.4499,38.0064,25390.5447,14,0.5232,0.3281,0.1487,0
758.896,493.8382,471844.6195,40,0.6013,0.1704,0.2282,1
659.7371,198.7038,196709.8069,42,0.9171,0.0373,0.0457,1
260.9752,10.2255,23998.4597,16,0.8306,0.1694,0.0,0
222.0516,25.1939,47299.0503,15,0.7992,0.1811,0.0197,0
297.1422,8.3337,8511.9222,15,0.5035,0.1565,0.34,0
152.5668,9.256,10384.6126,5,0.6553,0.1044,0.2403,0
1239.2063,206.0684,118167.5443,75,0.8381,0.1619,0.0,1
706.9032,412.0733,409887.8295,44,0.8317,0.1683,0.0,1
795.6903,313.0647,248580.6617,23,0.6907,0.2467,0.0626,1
883.378,494.7474,357404.4343,81,0.7693,0.0076,0.2231,1
267.7485,26.1878,29519.8478,13,0.532,0.3195,0.1486,0
1456.2312,194.4177,136258.9264,80,0.752,0.0619,0.1861,1
118.0837,44.4881,16876.6295,17,0.6973,0.1748,0.1279,0
1138.1864,252.9333,140214.5766,37,0.9468,0.0532,0.0,1
1846.0386,114.8074,117840.4773,43,0.647,0.1572,0.1957,1
267.2413,46.9932,28969.8109,15,0.5861,0.2263,0.1876,0
182.4638,44.7056,46727.3495,7,0.6922,0.1579,0.15,0
227.4951,17.0286,1200.4615,12,0.7558,0.1959,0.0483,0
11.3779,8.1178,29747.5154,5,0.687,0.0774,0.2355,0
278.2848,2.863,5566.169,15,0.5333,0.393,0.0736,0
1558.831,437.0735,305579.2123,73,0.8696,0.1304,0.0,1
63.2246,10.0275,23592.5767,8,0.8277,0.1723,0.0,0
76.7613,43.276,35947.9897,13,0.6903,0.3075,0.0022,0
1273.5544,443.0521,208043.2683,68,0.6494,0.0796,0.2711,1
1838.2954,468.5948,428384.1613,77,0.8025,0.1036,0.0939,1
769.5351,96.6993,288779.201,25,0.6365,0.2181,0.1454,1
11.375,45.2278,29645.5734,15,0.6631,0.3369,0.0,0
67.4697,25.4281,24718.7008,15,0.7085,0.2547,0.0368,0
130.8979,7.4315,36772.248,19,0.8865,0.1135,0.0,0
222.7123,37.2199,10540.9697,2,0.8194,0.1063,0.0743,0
299.3259,40.4306,49836.2141,15,0.697,0.303,0.0,0
240.5579,48.5184,8203.9109,17,0.8875,0.1125,0.0,0
167.3378,20.2123,47149.1186,9,0.8538,0.0772,0.069,0
156.3181,13.5047,6109.1225,6,0.8217,0.1783,0.0,0
157.4223,32.7693,37256.1362,15,0.8939,0.1061,0.0,0
222.3725,26.6169,40565.1631,9,0.7163,0.174,0.1097,0
240.4777,47.8773,36047.3116,7,0.5805,0.2712,0.1483,0
1446.1131,247.1699,440634.859,36,0.8139,0.0002,0.1859,1
137.3383,31.955,23191.2128,9,0.7736,0.082,0.1444,0
93.5804,1.2595,28094.2905,1,0.5899,0.2295,0.1806,0
500.2675,469.1154,492477.0957,66,0.9909,0.0091,0.0,1
129.6458,13.1394,43284.7255,2,0.7939,0.2061,0.0,0
71.4668,11.3477,7424.3927,19,0.877,0.0921,0.031,0
70.036,25.3036,35862.8923,17,0.7468,0.1747,0.0785,0
738.1571,334.0592,357895.5115,16,0.6308,0.2695,0.0997,1
52.9046,2.9795,10908.5627,4,0.8636,0.1364,0.0,0
123.8859,38.2063,46216.7851,10,0.8348,0.1112,0.0541,0
39.8988,49.7382,47123.0115,12,0.7077,0.2529,0.0394,0
54.3991,32.6159,37446.0006,5,0.8017,0.1983,0.0,0
1118.6644,295.4341,257067.9808,45,0.8247,0.0159,0.1594,1
194.9007,28.3119,6230.3212,1,0.5255,0.2716,0.2029,0
216.4562,5.4325,46224.1528,16,0.5018,0.3071,0.1911,0
200.0925,47.988,4741.6077,5,0.8658,0.1342,0.0,0
250.4741,39.5427,27314.0541,5,0.6303,0.2445,0.1251,0
243.1698,19.7074,12728.3264,6,0.5944,0.0974,0.3082,0
239.9714,35.7648,33971.3864,6,0.5862,0.0616,0.3522,0
77.8425,2.2524,48063.6089,14,0.8315,0.1665,0.0019,0
474.1432,215.3034,326525.9692,78,0.9378,0.0622,0.0,1
116.8198,27.8413,29692.5225,15,0.7049,0.1859,0.1093,0
120.4727,37.8218,22647.4565,7,0.7867,0.2133,0.0,0
70.881,22.41,7637.3102,10,0.8078,0.1922,0.0,0
169.0353,43.2745,20959.7881,1,0.6191,0.2629,0.118,0
117.5714,8.5283,29221.0448,4,0.6572,0.3428,0.0,0
104.8268,20.7304,47992.9272,7,0.7885,0.1739,0.0376,0
290.2781,44.2878,35545.4511,7,0.775,0.225,0.0,0
1701.5168,383.2577,96470.7813,44,0.9753,0.0247,0.0,1
237.3305,40.7245,30976.3323,19,0.8047,0.133,0.0624,0
124.5489,5.8156,15213.1341,11,0.7609,0.1252,0.114,0
1172.8625,157.0192,134726.9419,83,0.6109,0.199,0.1901,1
184.699,38.691,33996.2145,14,0.7052,0.2948,0.0,0
15.5199,28.7044,3014.8779,13,0.7856,0.2144,0.0,0
841.9652,106.5137,167241.3934,17,0.7243,0.251,0.0247,1
244.6234,5.7521,18216.2207,14,0.8318,0.1682,0.0,0
263.6987,6.1004,27467.4745,4,0.8416,0.1584,0.0,0
1006.2908,373.0322,347161.9583,75,0.7201,0.031,0.2489,1
72.3881,1.0509,15843.2542,15,0.8338,0.0793,0.0869,0
1926.5547,383.4133,410561.6949,42,0.6644,0.2063,0.1293,1
164.9815,46.7385,38805.0946,19,0.647,0.3494,0.0037,0
238.2517,20.879,16932.0896,18,0.7133,0.2867,0.0,0
499.6347,449.7181,321874.9779,67,0.9824,0.0176,0.0,1
75.6553,25.4114,12914.1875,15,0.8568,0.1432,0.0,0
11.2902,15.991,15620.6193,9,0.7856,0.2144,0.0,0
289.889,7.7686,49790.4673,4,0.7761,0.2239,0.0,0
1198.8953,123.032,351960.8312,57,0.6018,0.2597,0.1386,1
75.5968,10.8085,31923.2106,16,0.6291,0.1906,0.1803,0
259.6085,24.542,5613.6879,18,0.8629,0.1371,0.0,0
25.1618,33.4877,11020.147,11,0.7829,0.1679,0.0492,0
985.3143,161.6684,191992.0564,43,0.7046,0.0681,0.2273,1
1280.9802,359.1842,250499.4172,29,0.8702,0.1298,0.0,1
805.2396,147.3693,230836.4878,74,0.8862,0.1138,0.0,1
293.6793,37.681,19317.3922,2,0.6177,0.3776,0.0048,0
155.2519,28.1397,9776.3111,14,0.6649,0.185,0.1501,0
41.1206,33.1753,7615.0101,10,0.723,0.0836,0.1934,0
22.2817,20.157,31896.7966,9,0.5681,0.3487,0.0832,0
272.6796,49.1259,39238.7501,4,0.6578,0.1438,0.1984,0
998.9231,408.7905,401134.4028,69,0.8539,0.0577,0.0884,1
82.5496,21.035,30427.0699,19,0.6665,0.3335,0.0,0
870.4646,443.458,435737.4081,32,0.7425,0.2443,0.0132,1
242.3912,16.0758,34384.1361,17,0.7291,0.2709,0.0,0
38.7428,2.731,5289.2578,4,0.5014,0.1308,0.3678,0
38.951,42.6363,46485.1063,13,0.7289,0.2711,0.0,0
103.2482,14.4768,41511.4493,5,0.7517,0.2379,0.0103,0
165.8772,14.3743,717.4393,7,0.557,0.3186,0.1244,0
117.7357,6.0802,5296.9095,1,0.5411,0.2196,0.2393,0
231.9592,22.6366,8429.6838,16,0.772,0.0633,0.1648,0
17.9122,41.6219,13398.7838,4,0.7647,0.2353,0.0,0
291.3585,37.3835,1585.5392,16,0.7903,0.0788,0.1309,0
1347.1338,431.8032,366202.6338,42,0.6556,0.1919,0.1525,1
760.8682,441.9216,475484.506,90,0.7639,0.2361,0.0,1
262.3979,14.4963,29095.3993,14,0.7838,0.2162,0.0,0
191.5461,39.2009,17776.8347,12,0.7613,0.1207,0.1179,0
427.8889,288.4413,494086.24,76,0.6414,0.1329,0.2257,1
259.105,35.5413,4867.3488,2,0.5551,0.1123,0.3326,0
134.1693,27.6506,48896.0191,17,0.815,0.185,0.0,0
142.7902,14.2024,6100.7048,17,0.8545,0.074,0.0715,0
285.3943,4.8685,4943.7403,11,0.7977,0.2023,0.0,0
200.8762,5.5622,27756.1012,16,0.615,0.385,0.0,0
467.0134,395.8121,495518.9333,68,0.8152,0.1663,0.0185,1
207.9506,28.8529,2839.0738,6,0.5041,0.3641,0.1318,0
1010.7914,257.9297,427805.7583,97,0.6753,0.0955,0.2292,1
106.2493,21.2011,36601.0139,17,0.5409,0.2715,0.1875,0
435.0104,222.616,377358.0456,96,0.9492,0.0233,0.0274,1
88.754,30.7946,18222.0697,5,0.7626,0.1157,0.1217,0
1700.9576,101.195,238762.5669,69,0.902,0.098,0.0,1
226.569,24.8227,28582.5177,16,0.7215,0.2785,0.0,0
61.1434,26.039,25064.1479,1,0.8916,0.1084,0.0,0
1792.3702,225.1013,431043.5855,71,0.6764,0.0208,0.3028,1
1985.5166,261.5149,338290.7051,83,0.8802,0.0729,0.0469,1
11.0135,43.2033,34160.6407,6,0.6776,0.2278,0.0945,0
728.6664,95.007,387022.1721,44,0.9504,0.0496,0.0,1
467.6139,83.6046,465843.9119,38,0.9071,0.0929,0.0,1
266.6994,18.3338,15591.4708,10,0.868,0.132,0.0,0
106.0703,35.1972,8430.2842,8,0.5108,0.2843,0.2049,0
123.6538,33.7242,9266.5439,14,0.513,0.3879,0.0992,0
260.1726,6.4238,41142.8835,18,0.6113,0.3463,0.0425,0
251.8951,18.4414,17879.6937,4,0.5605,0.1933,0.2462,0
1538.2693,162.1441,253889.1094,54,0.6242,0.2614,0.1144,1
126.6876,44.9064,15895.6951,19,0.6034,0.2958,0.1008,0
223.6446,10.2469,13596.1256,12,0.751,0.1512,0.0978,0
137.1117,31.2421,27079.0516,18,0.8968,0.1032,0.0,0
251.703,25.7936,5087.051,5,0.5046,0.0752,0.4201,0
84.132,22.2731,40317.4536,1,0.7395,0.1086,0.1519,0
915.0351,371.33,492039.1967,44,0.7026,0.0917,0.2057,1
1696.672,387.6265,84560.6999,65,0.8893,0.1107,0.0,1
173.3093,21.24,16075.0599,8,0.7784,0.0925,0.1291,0
272.3068,37.9355,45356.5254,1,0.6637,0.2708,0.0655,0
101.9421,2.7738,20991.4773,10,0.5938,0.145,0.2612,0
249.3169,11.2055,34626.9773,17,0.6674,0.14,0.1926,0
624.6524,114.1314,459699.2665,86,0.7468,0.0203,0.233,1
100.0052,9.4197,4282.3651,9,0.6665,0.1442,0.1893,0
278.9635,44.2204,27497.4509,19,0.6349,0.3425,0.0226,0
188.3893,4.5771,28785.8722,1,0.8802,0.1198,0.0,0
1469.4973,450.5223,325723.0999,93,0.6192,0.1972,0.1836,1
187.6074,39.9846,47164.592,7,0.6321,0.2139,0.154,0
217.0438,22.0139,13978.8036,19,0.5309,0.2565,0.2126,0
219.0663,42.7443,7283.6552,4,0.898,0.0833,0.0187,0
297.3901,39.6075,43341.1879,4,0.6586,0.1308,0.2106,0
196.9976,47.3966,20352.295,15,0.7877,0.1105,0.1019,0
241.8587,35.7194,38426.3374,16,0.6517,0.3483,0.0,0
20.82,11.443,42302.4591,18,0.64,0.1646,0.1954,0
44.8829,27.1957,21604.5741,19,0.5992,0.2761,0.1246,0
213.6895,15.6713,45888.5944,13,0.6947,0.265,0.0403,0
57.1956,25.2731,1032.3916,11,0.6976,0.0797,0.2228,0
736.1137,162.7339,493200.7264,86,0.8983,0.0133,0.0885,1
196.3202,6.5312,48422.2183,16,0.5981,0.1816,0.2202,0
1038.2475,149.1762,366868.9573,97,0.8475,0.0974,0.0552,1
79.6656,20.437,7474.8236,3,0.688,0.1501,0.1619,0
263.1291,25.172,7514.2913,10,0.7471,0.2529,0.0,0
83.8528,39.1981,17223.1378,15,0.5335,0.3879,0.0787,0
244.8331,7.124,45222.6626,4,0.5082,0.382,0.1098,0
1329.7211,371.4367,455323.7256,55,0.7613,0.2361,0.0027,1
122.4741,7.9262,11374.0922,8,0.826,0.174,0.0,0
148.354,20.0023,1529.5252,13,0.6791,0.0949,0.226,0
18.7158,5.1247,21474.6523,8,0.5395,0.3993,0.0612,0
1404.6271,487.6813,417615.6639,22,0.9391,0.0609,0.0,1
166.6412,29.635,33293.3389,3,0.5774,0.1454,0.2772,0
280.5412,40.5621,49645.5656,2,0.8536,0.1464,0.0,0
137.3202,15.9412,42117.7488,18,0.7129,0.2358,0.0512,0
100.3024,49.5264,23098.8008,19,0.7141,0.2541,0.0318,0
285.2951,19.1059,11151.9796,3,0.6946,0.0775,0.228,0
229.2618,40.9982,26587.1651,11,0.6507,0.2787,0.0706,0
255.2079,7.9171,19572.968,8,0.8408,0.1315,0.0277,0
22.1889,8.6792,43914.3068,13,0.5253,0.1924,0.2823,0
238.2503,48.8268,18141.1697,17,0.5942,0.1292,0.2767,0
103.5356,29.658,29432.0755,5,0.5467,0.3551,0.0982,0
277.9236,49.9539,27117.6673,15,0.6086,0.0913,0.3001,0
241.1217,41.5769,44089.1073,16,0.7381,0.2119,0.05,0
107.6345,24.6266,3126.2937,6,0.8482,0.1518,0.0,0
1694.915,232.5811,481182.919,87,0.9703,0.0297,0.0,1
175.7835,5.0778,7324.546,5,0.7897,0.0801,0.1301,0
758.912,407.1866,392654.109,29,0.6652,0.2301,0.1047,1
198.8871,9.4038,14105.6584,18,0.6013,0.0635,0.3352,0
1652.4592,272.6838,108273.2052,99,0.958,0.042,0.0,1
211.1267,24.9465,33406.4245,17,0.8097,0.1391,0.0512,0
478.7658,304.7509,206633.7769,30,0.928,0.0669,0.0051,1
209.1586,12.3395,31535.1374,10,0.7816,0.0711,0.1473,0
299.9173,49.9849,23779.9856,16,0.8449,0.1551,0.0,0
1380.3897,80.1671,333026.8195,34,0.9897,0.0103,0.0,1
162.277,14.0018,2048.6792,15,0.5712,0.3122,0.1166,0
145.7871,31.5647,5454.6213,5,0.5017,0.2348,0.2635,0
1158.4508,225.5343,173065.0668,39,0.8671,0.0345,0.0983,1
1111.7401,470.937,328932.6667,77,0.634,0.0323,0.3337,1
1643.5584,103.5914,293903.4503,40,0.8222,0.016,0.1618,1
275.7521,21.9382,15673.4702,8,0.8901,0.1099,0.0,0
21.298,36.3162,39153.1315,9,0.6969,0.3031,0.0,0
34.2128,49.2001,49707.5202,7,0.7525,0.2133,0.0342,0
34.9397,28.4871,14499.5409,15,0.7554,0.101,0.1436,0
622.4233,489.2435,322445.7403,60,0.6595,0.066,0.2745,1
217.858,49.681,34470.3083,5,0.7718,0.2282,0.0,0
54.2153,11.1357,48320.7342,6,0.5179,0.3375,0.1446,0
122.3687,22.2624,13109.7545,2,0.7164,0.2836,0.0,0
1706.6761,351.5736,404502.8736,71,0.9637,0.0363,0.0,1
268.979,8.2393,44081.9404,11,0.685,0.1585,0.1565,0
866.0866,399.6796,122901.4663,82,0.8793,0.1207,0.0,1
1196.8172,450.9613,362048.002,26,0.9994,0.0006,0.0,1
265.5005,20.2231,45934.8654,7,0.5798,0.1132,0.3071,0
1981.0911,276.2324,477761.9956,77,0.8946,0.1054,0.0,1
258.4184,31.2268,37926.6244,4,0.7803,0.0633,0.1564,0
12.6853,20.4663,18888.3347,10,0.6263,0.2704,0.1033,0
1386.7259,336.0182,391602.1157,29,0.8539,0.1461,0.0,1
1247.6669,112.7227,432646.9639,84,0.6802,0.2752,0.0446,1
206.5807,20.8118,5905.7556,10,0.6929,0.0679,0.2392,0
226.1315,13.2623,27802.1156,1,0.5001,0.1158,0.3841,0
146.8195,2.7369,29976.1489,15,0.8261,0.1739,0.0,0
33.5347,19.2986,49489.3511,5,0.5831,0.1049,0.3121,0
1513.5147,84.9431,152430.6182,27,0.794,0.1589,0.0471,1
1220.3326,405.543,409170.1984,67,0.7327,0.0462,0.221,1
169.7635,10.567,40058.1769,19,0.8111,0.1889,0.0,0
179.6699,28.2108,15146.3821,18,0.759,0.241,0.0,0
109.7066,6.0919,32098.7107,10,0.5634,0.3709,0.0658,0
56.6396,38.1418,8086.0011,8,0.6887,0.1764,0.1349,0
1037.9469,159.235,124088.0819,66,0.6142,0.0394,0.3464,1
11.4456,12.6847,24070.2631,17,0.892,0.108,0.0,0
1846.7154,489.2061,344553.3307,72,0.9866,0.0134,0.0,1
204.3589,9.2031,2755.3615,3,0.7859,0.2141,0.0,0
136.1365,28.3982,1596.2402,16,0.5324,0.2948,0.1729,0
271.6234,34.6244,42905.0836,16,0.8978,0.0983,0.0039,0
1657.7472,279.4367,319278.7733,87,0.7788,0.1234,0.0978,1
219.8667,43.6917,44152.0151,12,0.7778,0.2222,0.0,0
265.1352,49.2024,48136.2239,7,0.7502,0.2498,0.0,0
183.9117,18.4598,43893.7249,19,0.6318,0.2338,0.1344,0
843.2257,446.6996,135712.6887,36,0.6436,0.2141,0.1423,1
102.4703,44.516,14892.4291,9,0.6965,0.0797,0.2238,0
1604.0576,262.0461,461761.3749,69,0.6285,0.237,0.1346,1
54.7154,35.0815,44005.3449,13,0.6065,0.0649,0.3286,0
284.4985,20.8257,46227.3743,19,0.6646,0.324,0.0114,0
1634.6318,259.2959,215518.5532,54,0.9575,0.0425,0.0,1
1962.6151,245.7499,323517.3535,58,0.8444,0.1556,0.0,1
109.0461,1.8471,8919.6574,4,0.8384,0.1616,0.0,0
91.935,44.4734,44189.6788,11,0.8113,0.1887,0.0,0
711.3239,221.9362,399803.0252,71,0.823,0.0211,0.1559,1
181.7185,46.9488,46902.718,5,0.7641,0.2359,0.0,0
1172.7345,189.4839,145968.348,61,0.7716,0.207,0.0214,1
95.4401,49.9209,31980.3175,18,0.5522,0.1022,0.3456,0
79.6722,47.6495,21981.8363,10,0.7371,0.2421,0.0207,0
1102.4883,421.0588,314527.8996,18,0.8559,0.0602,0.0839,1
263.9605,13.1673,17801.6774,14,0.8539,0.1461,0.0,0
158.6578,29.6873,22895.6426,5,0.8324,0.1639,0.0037,0
741.6207,274.2754,335921.5451,16,0.8856,0.0344,0.08,1
790.5723,325.8432,142870.1342,75,0.6177,0.2053,0.1769,1
656.9361,364.0971,95242.4539,80,0.7749,0.0862,0.1388,1
154.6137,44.2098,17816.3961,13,0.5297,0.3456,0.1248,0
1821.9637,264.5002,482334.4718,73,0.9558,0.0442,0.0,1
282.9403,39.1231,17916.1799,8,0.5786,0.2572,0.1642,0
197.9827,12.7059,20334.9786,11,0.6565,0.2918,0.0518,0
186.0913,39.8448,14314.7757,5,0.6467,0.1622,0.1911,0
66.586,11.2934,9346.7161,18,0.8848,0.1152,0.0,0
132.5236,36.083,5286.8293,7,0.5241,0.2867,0.1891,0
856.4222,379.014,162801.7384,28,0.6872,0.2378,0.0751,1
202.6509,1.9416,11172.9928,4,0.5898,0.1595,0.2508,0
247.043,33.2748,35982.3399,14,0.7283,0.1031,0.1686,0
96.2495,15.363,40999.8167,9,0.8207,0.1793,0.0,0
188.1701,14.427,46085.7132,15,0.6091,0.1462,0.2447,0
44.3607,4.0635,36473.8582,11,0.7804,0.0753,0.1443,0
22.5109,42.1368,10350.874,19,0.8742,0.1258,0.0,0
202.3614,36.1049,8557.2079,8,0.7778,0.2222,0.0,0
170.1272,49.2367,48240.2372,1,0.8489,0.1261,0.025,0
176.4545,44.1157,6421.3093,10,0.7894,0.0834,0.1272,0
61.5662,40.2063,7538.835,7,0.8135,0.1865,0.0,0
57.2284,39.3249,26589.8398,16,0.6918,0.3039,0.0043,0
947.8287,96.8206,177360.4907,99,0.8975,0.1025,0.0,1
226.1091,43.0905,12687.6062,6,0.6449,0.2336,0.1215,0
200.2031,37.2354,14281.6464,4,0.5556,0.232,0.2124,0
795.6463,303.6857,476133.0566,74,0.7374,0.2351,0.0275,1
177.6314,26.4196,11918.8184,19,0.6476,0.2799,0.0725,0
1482.0098,178.742,241858.2561,59,0.6935,0.1965,0.11,1
163.3204,31.1086,33827.3799,2,0.7003,0.122,0.1777,0
191.7254,39.4922,19889.2298,18,0.8968,0.1032,0.0,0
68.6854,26.9119,18961.4646,3,0.6934,0.2833,0.0233,0
44.5731,1.7975,22147.2495,5,0.7024,0.2307,0.0669,0
923.0599,420.029,462837.5576,76,0.8427,0.1573,0.0,1
111.2881,12.4459,14646.4717,8,0.5877,0.1937,0.2186,0
121.6999,44.7716,41877.4812,5,0.8022,0.1496,0.0482,0
571.9137,298.3828,416454.3506,40,0.7933,0.2067,0.0,1
891.1676,288.817,366265.7847,26,0.8235,0.1539,0.0225,1
1835.1798,295.921,171352.2968,86,0.76,0.1492,0.0908,1
61.1245,41.412,38136.901,15,0.748,0.252,0.0,0
87.5409,6.5501,31201.3028,2,0.5344,0.1038,0.3618,0
43.5179,6.4138,31209.4841,2,0.5301,0.0567,0.4132,0
103.4782,46.2324,49765.8059,13,0.6834,0.1508,0.1659,0
298.5527,41.689,6456.9432,2,0.6126,0.3118,0.0756,0
1744.5032,189.6,82785.9414,28,0.9168,0.0531,0.0301,1
1728.38,381.7754,210952.1253,92,0.6224,0.1639,0.2136,1
104.8357,33.9512,41174.1232,11,0.5493,0.212,0.2387,0
46.137,9.3683,47357.8481,10,0.5264,0.3659,0.1076,0
263.9642,34.2275,15326.4276,7,0.8807,0.1193,0.0,0
1957.1017,253.0097,82870.9476,55,0.8119,0.1881,0.0,1
549.2256,274.8497,311848.7571,96,0.7189,0.1414,0.1397,1
286.8247,35.5656,34177.6791,4,0.6559,0.1563,0.1878,0
46.789,12.1998,22496.4306,17,0.8605,0.1395,0.0,0
162.6734,22.1258,40953.8029,15,0.6246,0.2723,0.1031,0
219.9389,23.5885,705.3631,14,0.5346,0.1359,0.3295,0
114.2083,10.4858,11884.8881,15,0.6073,0.3452,0.0475,0
753.6303,287.3609,131961.3002,76,0.765,0.0907,0.1443,1
1971.5732,193.2926,86078.3341,99,0.8402,0.1598,0.0,1
264.731,47.1608,48159.6029,1,0.5153,0.2193,0.2654,0
1038.9443,435.2309,145175.9202,18,0.9571,0.0429,0.0,1
1919.092,366.4642,180394.8468,33,0.6386,0.1993,0.1621,1
292.9227,32.2282,14539.9377,7,0.5367,0.2586,0.2047,0
243.3817,2.0807,8634.6234,6,0.6041,0.1398,0.2561,0
259.1618,35.4636,18442.3827,17,0.7623,0.1776,0.06,0
1860.3247,306.7409,244982.7058,30,0.9396,0.0604,0.0,1
1243.4567,399.1631,98260.2613,29,0.6825,0.076,0.2415,1
298.499,6.159,46444.4566,2,0.6999,0.267,0.0331,0
119.1962,40.5615,19558.0087,18,0.8932,0.1068,0.0,0
111.3138,25.9905,10960.9978,7,0.5502,0.33,0.1198,0
248.2678,5.4027,20623.1462,19,0.6266,0.113,0.2604,0
185.8268,30.7719,30278.9681,19,0.784,0.1878,0.0282,0
153.041,38.7619,6132.6538,11,0.6943,0.2147,0.091,0
165.2792,46.3528,13026.3575,13,0.7696,0.2304,0.0,0
1153.157,193.6641,98257.8071,34,0.8017,0.1183,0.08,1
116.3394,41.9863,37579.3221,11,0.6849,0.3151,0.0,0
273.8622,37.3217,19140.9354,6,0.8537,0.1463,0.0,0
1800.569,367.9417,419779.2002,21,0.6235,0.2157,0.1607,1
1352.5404,333.7926,263945.0324,33,0.9764,0.0236,0.0,1
104.9737,2.3106,41299.3546,9,0.6624,0.0644,0.2732,0
1087.726,432.1736,302629.3715,20,0.7849,0.1251,0.09,1
89.2685,45.1642,920.5093,12,0.7487,0.0826,0.1687,0
24.6933,5.6654,26644.0638,8,0.5519,0.2922,0.1559,0
478.3284,430.9776,410241.9231,65,0.6048,0.1985,0.1968,1
99.4533,12.9138,19876.5888,19,0.524,0.1035,0.3724,0
275.3043,41.7613,18945.6719,17,0.5781,0.1628,0.2591,0
1035.6549,254.3809,255095.7165,47,0.834,0.0976,0.0684,1
197.3434,10.9228,40514.5794,11,0.5685,0.1502,0.2813,0
138.4851,16.8832,17161.0744,18,0.7963,0.2037,0.0,0
49.3779,27.694,14627.9219,17,0.8955,0.1045,0.0,0
217.7656,17.2232,21726.1622,1,0.7192,0.0677,0.213,0
1530.0046,103.3512,327228.6167,38,0.9441,0.0559,0.0,1
186.966,5.7534,45332.9709,18,0.8747,0.1253,0.0,0
1551.1643,383.1496,455586.06,84,0.6738,0.2452,0.0809,1
24.1908,31.6654,46051.7352,16,0.7925,0.0561,0.1514,0
171.4011,41.8014,38029.2352,13,0.8438,0.1413,0.0148,0
1977.9108,369.1639,312863.0796,61,0.8808,0.056,0.0632,1
1361.3192,294.63,223992.8304,23,0.8174,0.0683,0.1143,1
299.7404,44.141,36560.4309,12,0.8052,0.1948,0.0,0
162.1952,31.5579,35041.0402,10,0.6626,0.2498,0.0876,0
64.479,43.0157,8642.9975,9,0.7958,0.2042,0.0,0
273.7702,2.5509,46327.4425,3,0.5999,0.327,0.0731,0
1330.5689,443.813,420636.4783,46,0.7839,0.1387,0.0775,1
294.8469,13.7938,20807.6907,3,0.6898,0.1216,0.1886,0
266.3349,18.119,39258.1046,9,0.8835,0.1165,0.0,0
271.7407,24.2518,17691.8315,14,0.7361,0.097,0.1668,0
875.1368,222.3301,292979.2348,94,0.992,0.008,0.0,1
93.9307,40.2619,20773.9612,16,0.8377,0.0508,0.1114,0
231.1511,26.0393,35197.6898,9,0.8921,0.0519,0.056,0
242.553,18.1343,7607.3495,15,0.8895,0.1105,0.0,0
1007.2478,443.4041,493199.9334,45,0.733,0.1714,0.0955,1
1444.5544,138.8014,252462.8338,73,0.9204,0.0796,0.0,1
35.4502,19.5343,24933.6882,14,0.6359,0.2631,0.101,0
110.8912,6.1826,43510.3311,17,0.5536,0.0881,0.3583,0
274.6937,2.6749,36174.8197,9,0.5926,0.3887,0.0187,0
45.9147,47.9058,12000.6609,18,0.7185,0.2402,0.0413,0
226.859,24.8939,17655.2451,16,0.7329,0.2671,0.0,0
184.5147,49.6031,21368.9806,10,0.7176,0.2824,0.0,0
238.4599,19.2901,28886.1176,6,0.8263,0.1737,0.0,0
298.9169,37.9022,19909.4677,5,0.8706,0.078,0.0514,0
595.2456,166.2689,343646.6547,85,0.9975,0.0025,0.0,1
1752.8884,463.5915,310319.1922,60,0.7336,0.2664,0.0,1
109.9822,27.6402,38550.36,18,0.5849,0.1439,0.2712,0
1461.5063,244.2406,442450.7597,49,0.9792,0.0208,0.0,1
81.7075,29.6401,39447.8624,13,0.5083,0.1609,0.3308,0
275.2338,47.5824,37610.2249,16,0.6353,0.3647,0.0,0
1755.8843,491.0799,494851.1583,60,0.6709,0.1397,0.1894,1
183.356,25.1444,3275.4379,14,0.8207,0.1793,0.0,0
681.434,426.6144,184130.5811,41,0.7763,0.2064,0.0173,1
105.3937,28.7971,42356.1223,15,0.667,0.2005,0.1325,0
911.0002,468.1724,149810.0793,51,0.8198,0.1802,0.0,1
1610.9851,251.5167,212122.754,50,0.8577,0.0505,0.0919,1
60.8841,9.102,23132.3427,10,0.6881,0.3119,0.0,0
201.5911,42.5654,35065.3493,2,0.6425,0.3575,0.0,0
41.4901,20.2204,6048.1745,12,0.6022,0.1799,0.2179,0
44.5278,25.0319,3825.9592,2,0.8363,0.1637,0.0,0
1881.713,201.5772,195620.5802,15,0.7557,0.2443,0.0,1
46.0902,19.7815,25131.5766,10,0.8585,0.0544,0.0871,0
1744.39,172.6264,393030.9697,64,0.9868,0.0132,0.0,1
227.9323,35.943,49064.7458,16,0.7664,0.2057,0.0279,0
961.404,338.6839,83582.0612,93,0.862,0.0584,0.0796,1
204.8867,34.2484,36479.6712,7,0.7766,0.1278,0.0956,0
232.9317,36.7604,44332.814,7,0.8938,0.1062,0.0,0
115.1728,8.5023,35791.0391,13,0.7815,0.2088,0.0096,0
1067.8612,303.0862,251423.8481,54,0.9964,0.0036,0.0,1
125.2268,9.0089,20363.5819,14,0.8147,0.1853,0.0,0
221.2067,37.6457,1778.2407,5,0.8091,0.1892,0.0016,0
167.4893,27.4885,47437.9555,6,0.5731,0.2081,0.2188,0
248.6514,28.0914,11332.3569,10,0.7722,0.1405,0.0873,0
1471.5031,328.168,315831.2616,69,0.7627,0.0247,0.2126,1
809.6279,116.5929,337428.0875,50,0.6969,0.1326,0.1706,1
54.7307,39.2036,42734.4678,19,0.5002,0.3253,0.1744,0
174.6653,12.1446,41917.4441,16,0.7983,0.2017,0.0,0
1313.2626,256.9619,443657.1784,45,0.8084,0.079,0.1126,1
176.3558,39.0733,13507.8559,5,0.5015,0.098,0.4005,0
199.3083,10.2393,3320.8114,12,0.8583,0.1417,0.0,0
274.8146,6.0661,44822.8677,11,0.7818,0.2182,0.0,0
170.184,39.3662,7664.2331,12,0.5191,0.3034,0.1774,0
130.5841,21.355,36978.8105,3,0.6281,0.1096,0.2623,0
479.0719,253.3406,440812.2663,62,0.7624,0.0772,0.1604,1
231.2756,28.4486,46035.8011,4,0.6205,0.1889,0.1906,0
733.2773,284.7664,362470.9275,22,0.8325,0.1675,0.0,1
226.3067,8.5334,43808.5919,1,0.7673,0.0887,0.144,0
116.637,31.7606,15272.337,13,0.8597,0.1403,0.0,0
991.315,379.0825,283540.6456,63,0.6467,0.2473,0.106,1
114.1693,26.6307,20432.3021,11,0.5911,0.1721,0.2368,0
18.8771,1.0025,8484.729,18,0.6046,0.2532,0.1422,0
45.7166,30.7624,16303.6134,13,0.7061,0.2939,0.0,0
29.96,38.4276,15308.4154,8,0.8163,0.1837,0.0,0
291.3975,27.5158,22933.6152,5,0.8471,0.1529,0.0,0
18.4308,30.2461,28202.4375,8,0.5606,0.1489,0.2905,0
1845.1781,417.1933,169951.4323,53,0.7939,0.2061,0.0,1
105.1557,44.922,8080.5122,14,0.8865,0.0839,0.0296,0
10.2686,23.9435,31734.3549,10,0.8598,0.1143,0.0259,0
273.6022,37.002,6297.1325,16,0.7966,0.2034,0.0,0
1418.9222,220.5426,249163.8558,75,0.7844,0.1309,0.0848,1
230.2089,37.9535,16674.0581,8,0.8517,0.1381,0.0102,0
294.2709,4.0418,13938.9773,16,0.6107,0.0539,0.3354,0
241.6313,16.6456,33713.3294,2,0.5421,0.1115,0.3465,0
271.7694,24.9956,37312.3019,19,0.7086,0.0975,0.1939,0
1789.5651,82.9517,456035.0741,92,0.8287,0.1713,0.0,1
290.1988,17.4491,505.3854,18,0.8451,0.1549,0.0,0
1473.5542,458.4996,276066.3908,40,0.6321,0.1122,0.2557,1
155.1916,24.7649,39735.2012,13,0.6684,0.0683,0.2632,0
254.2003,5.3518,15182.9082,17,0.776,0.224,0.0,0
1685.5228,466.8387,271309.3822,58,0.6822,0.0579,0.2599,1
24.2837,39.2734,24661.4601,15,0.5585,0.1499,0.2916,0
120.4184,39.8348,49122.9476,19,0.7974,0.2026,0.0,0
271.8389,16.5762,16152.3934,14,0.6782,0.208,0.1139,0
92.1092,28.3345,24832.499,11,0.7494,0.2506,0.0,0
278.7631,7.9037,47975.7288,5,0.6371,0.06,0.3029,0
614.0234,253.676,337299.157,55,0.6798,0.113,0.2071,1
213.5457,6.6945,27526.6116,5,0.8421,0.1579,0.0,0
1852.8925,264.7542,356772.8381,27,0.8803,0.1197,0.0,1
63.4202,19.9372,30073.8279,18,0.7055,0.1045,0.19,0
273.3041,44.7788,23753.4933,5,0.8194,0.1806,0.0,0
1907.7024,410.1537,171318.5519,90,0.6699,0.0983,0.2317,1
59.8208,44.8225,45340.9662,13,0.8421,0.1579,0.0,0
141.2274,12.5131,15328.3469,7,0.5283,0.274,0.1978,0
941.4925,407.238,227722.5608,40,0.7422,0.0489,0.2089,1
135.7959,8.7368,565.2465,18,0.8956,0.1044,0.0,0
203.1552,17.6025,31511.8035,18,0.5539,0.2544,0.1918,0
264.4683,22.1092,43376.8904,15,0.8165,0.152,0.0315,0
261.7649,39.5632,37664.7782,14,0.6491,0.3509,0.0,0
191.3846,39.0988,9971.4775,7,0.8382,0.1618,0.0,0
182.0014,6.5131,22472.2535,1,0.5251,0.2861,0.1888,0
242.072,9.0594,39092.9992,18,0.7901,0.0942,0.1157,0
260.9197,36.4209,5356.8126,13,0.6205,0.1804,0.1991,0
754.8126,142.2616,262971.2392,80,0.7318,0.1565,0.1117,1
226.3787,6.2687,39984.1513,8,0.6891,0.113,0.198,0
1163.3478,177.7035,213618.3744,36,0.9187,0.0813,0.0,1
108.0243,44.7874,701.3222,18,0.8125,0.1875,0.0,0
147.4763,43.1547,30528.4018,17,0.6613,0.1466,0.1921,0
132.0128,12.6969,44842.7528,18,0.7527,0.1053,0.142,0
918.6939,133.6643,362031.9881,38,0.8668,0.1332,0.0,1
1067.4199,82.9847,383873.6606,79,0.8176,0.0015,0.1809,1
14.7146,20.551,19773.4975,5,0.8277,0.1723,0.0,0
1294.8802,92.0734,139189.4727,20,0.9902,0.0098,0.0,1
1440.5216,290.3466,345225.3718,30,0.8663,0.1337,0.0,1
195.9087,39.0346,28360.5333,13,0.6047,0.2901,0.1052,0
114.5107,41.7519,24214.8941,10,0.6402,0.2097,0.1501,0
171.1565,8.3687,42571.7779,3,0.6807,0.0679,0.2514,0
183.5852,28.4653,47927.5356,9,0.6946,0.3054,0.0,0
168.5759,12.4265,14809.537,19,0.5803,0.3907,0.0291,0
84.6525,14.7096,19347.1411,6,0.6396,0.3302,0.0302,0
230.965,38.9604,33064.6279,4,0.8384,0.1616,0.0,0
137.7312,19.5102,43584.7608,17,0.7301,0.0996,0.1702,0
225.2765,6.1739,8948.8398,4,0.6385,0.2261,0.1353,0
219.6429,11.9934,25347.4219,17,0.605,0.2004,0.1945,0
69.9872,22.3682,6892.6996,17,0.589,0.1269,0.2841,0
1682.0881,472.4388,188133.3803,19,0.6841,0.0831,0.2329,1
1383.9057,170.6763,145754.921,46,0.6515,0.1527,0.1958,1
1575.8189,309.3601,489732.9402,69,0.8143,0.1466,0.0391,1
47.2757,17.2736,32684.1674,4,0.8144,0.1856,0.0,0
125.3509,48.0504,8205.5029,7,0.6206,0.3407,0.0387,0
1093.1691,436.1167,369081.0933,91,0.6036,0.143,0.2534,1
424.7332,284.6719,210841.3408,77,0.9122,0.0878,0.0,1
41.7513,5.4999,39505.4787,7,0.6845,0.0967,0.2188,0
1222.4533,474.7688,161266.9946,95,0.7718,0.2282,0.0,1
26.4665,2.4333,41878.8306,19,0.6124,0.0914,0.2962,0
271.7221,46.0459,533.8604,19,0.7164,0.2836,0.0,0
62.4763,8.4454,38970.0257,19,0.6039,0.3013,0.0948,0
140.8161,13.7359,15526.1259,8,0.7618,0.0786,0.1596,0
192.7441,27.0032,2313.7782,17,0.6035,0.1523,0.2442,0
163.6506,44.7376,10736.8111,9,0.8718,0.1282,0.0,0
282.7724,20.9045,14474.6179,14,0.5214,0.1142,0.3645,0
245.3005,24.07,39092.482,4,0.6907,0.3093,0.0,0
122.1786,48.8628,17437.2752,7,0.5057,0.3791,0.1152,0
884.1142,258.6918,306437.2129,63,0.6101,0.1789,0.211,1
140.3148,28.8964,22228.1919,13,0.6677,0.1944,0.1378,0
185.8867,28.2824,15410.9985,7,0.7863,0.1269,0.0868,0
1327.0392,294.0011,172313.0144,84,0.641,0.0664,0.2926,1
112.9245,28.5578,15387.1751,17,0.5154,0.1384,0.3462,0
66.26,6.9342,38812.686,17,0.7458,0.2304,0.0238,0
198.5363,49.6186,39694.8587,8,0.6148,0.2608,0.1244,0
157.5407,44.2304,12999.5707,13,0.5051,0.1602,0.3347,0
723.0539,151.4836,301477.034,27,0.897,0.103,0.0,1
748.189,200.6666,408509.2565,16,0.7946,0.1954,0.0099,1
97.3643,39.4334,38882.8555,3,0.5113,0.2589,0.2298,0
488.735,114.3506,143078.6678,28,0.9037,0.0963,0.0,1
84.5712,48.0465,40452.6121,14,0.7892,0.2108,0.0,0
765.3691,453.4508,321365.1388,85,0.8471,0.1529,0.0,1
815.0631,391.545,88260.2775,29,0.9199,0.0801,0.0,1
64.072,41.2426,42873.0796,5,0.7714,0.087,0.1416,0
240.8595,25.5371,37991.2732,18,0.7619,0.2381,0.0,0
106.0417,5.7331,10099.9212,13,0.6401,0.0538,0.306,0
295.0716,25.296,20560.1018,1,0.5313,0.1747,0.294,0
275.8256,33.3081,31373.83,8,0.5286,0.2457,0.2257,0
1653.8006,370.8451,372794.2348,62,0.8534,0.1466,0.0,1
1653.3576,148.5,447806.5626,88,0.8523,0.0849,0.0627,1
297.1806,4.2579,27163.5831,9,0.6785,0.1853,0.1362,0
461.8775,255.2527,128363.5032,24,0.7075,0.0422,0.2503,1
821.6177,215.7321,323435.4761,62,0.8041,0.0948,0.1012,1
224.6424,32.9907,30293.8651,14,0.7001,0.2999,0.0,0
400.5968,422.0668,496624.146,55,0.6656,0.0992,0.2351,1
772.8715,385.6459,301637.2397,71,0.7164,0.2163,0.0673,1
1107.4095,112.6606,167607.8401,80,0.7037,0.1283,0.168,1
208.0842,30.0275,32746.6856,3,0.6072,0.0905,0.3023,0
1279.1375,288.8786,467611.7911,33,0.8701,0.0455,0.0844,1
1910.2621,145.0997,198142.8089,96,0.6728,0.0108,0.3164,1
179.9717,32.3437,14715.1215,2,0.7647,0.2353,0.0,0
116.3164,45.7335,30326.0672,10,0.5855,0.1051,0.3094,0
191.448,4.0698,7257.7568,15,0.6166,0.2484,0.135,0
57.3908,16.1038,34943.3651,17,0.7072,0.1229,0.1699,0
86.7941,25.3927,6485.2169,12,0.8654,0.1346,0.0,0
261.5986,25.4939,45025.981,4,0.8051,0.1949,0.0,0
1740.7594,243.0726,353417.9646,41,0.8541,0.1459,0.0,1
284.2512,26.4075,15728.5041,18,0.654,0.2469,0.0991,0
96.4826,47.9742,19876.3238,9,0.6863,0.2331,0.0806,0
37.6044,13.2175,39573.0789,6,0.685,0.1646,0.1503,0
120.0446,10.5566,21264.6524,17,0.5511,0.3649,0.0841,0
37.9534,47.3695,22857.8547,5,0.7637,0.0842,0.1521,0
88.4771,12.2766,2588.5796,12,0.7268,0.1081,0.1651,0
637.605,488.0277,484319.7341,45,0.9216,0.0784,0.0,1
28.2385,40.6189,46675.6559,2,0.5608,0.2895,0.1497,0
1484.2964,286.8755,199751.8064,96,0.6423,0.0631,0.2946,1
1083.102,137.6691,263848.7797,39,0.659,0.1072,0.2338,1
1064.9274,499.5181,136599.2521,93,0.8936,0.1064,0.0,1
78.3736,46.3914,38177.6528,17,0.5619,0.2552,0.1829,0
152.567,11.8704,5604.5567,13,0.6808,0.1966,0.1226,0
242.1674,33.208,39548.0284,8,0.6557,0.1785,0.1658,0
129.8376,49.9556,39782.6771,2,0.8718,0.1282,0.0,0
96.2256,25.7193,40828.8045,9,0.5717,0.139,0.2893,0
474.9991,383.5198,243117.7088,39,0.9966,0.0034,0.0,1
106.9642,6.7809,33162.3567,9,0.5504,0.1802,0.2694,0
297.1649,33.6454,44640.4443,16,0.7953,0.1685,0.0363,0
1228.0217,243.5827,149162.2902,38,0.7575,0.0312,0.2114,1
68.4895,38.3153,39608.5605,8,0.6409,0.0883,0.2708,0
78.9939,36.8848,44673.2241,14,0.6799,0.197,0.1231,0
27.2152,14.1151,20804.5385,8,0.7079,0.1404,0.1517,0
155.8686,21.2441,3892.9715,10,0.7523,0.0722,0.1756,0
275.886,48.4652,11830.4801,18,0.8556,0.1444,0.0,0
276.9161,38.258,23156.9836,1,0.6662,0.3069,0.0268,0
1398.4936,419.8496,183744.6476,35,0.7493,0.1337,0.117,1
222.7213,41.0394,40646.8891,2,0.7798,0.0828,0.1374,0
192.2582,10.7517,48492.6345,17,0.5551,0.0719,0.373,0
162.224,39.3065,36678.7204,2,0.5167,0.133,0.3503,0
1616.1086,178.5232,262665.8194,82,0.853,0.0274,0.1196,1
163.4131,40.6504,4420.292,4,0.5834,0.2322,0.1844,0
292.581,39.1061,19271.7239,7,0.6151,0.1781,0.2069,0
1582.3916,142.3784,183709.0438,25,0.6997,0.2746,0.0257,1
1645.6284,306.079,405081.3116,44,0.7107,0.2686,0.0207,1
1502.1212,181.5639,111051.1715,60,0.7753,0.2247,0.0,1
1493.3132,388.0255,311267.4504,47,0.8647,0.1353,0.0,1
117.5314,34.6019,46523.3598,13,0.5091,0.1649,0.326,0
287.0608,18.3679,26184.3433,9,0.8444,0.1556,0.0,0
229.275,36.5069,31346.137,1,0.5817,0.1655,0.2529,0
36.0284,45.5665,3056.0616,19,0.6387,0.2062,0.1551,0
1662.8572,156.2619,172139.6183,33,0.9726,0.0274,0.0,1
75.3203,29.0059,16959.0621,18,0.8639,0.1026,0.0334,0
552.4664,401.0632,175785.0925,29,0.9194,0.0806,0.0,1
199.3474,31.3115,19035.4957,12,0.5243,0.3664,0.1093,0
149.6293,37.3756,47444.5018,2,0.5188,0.0573,0.4239,0
1016.2957,149.5771,227891.1105,61,0.7562,0.0216,0.2221,1
66.6304,5.1325,29748.4179,10,0.8302,0.0857,0.0841,0
212.475,35.0766,38154.248,6,0.6438,0.2544,0.1019,0
23.1749,35.2198,9922.5912,3,0.6868,0.3132,0.0,0
156.7297,10.347,45496.5966,5,0.8639,0.1361,0.0,0
201.1381,25.531,35956.792,12,0.814,0.186,0.0,0
269.6963,46.3412,19582.6426,6,0.7476,0.1365,0.1158,0
180.9639,49.6497,30058.9301,5,0.5042,0.2105,0.2853,0
201.0569,10.0279,30203.5122,1,0.829,0.171,0.0,0
95.4844,32.4794,36199.7093,13,0.5488,0.2593,0.1919,0
34.5847,28.2728,39114.1821,9,0.5244,0.109,0.3666,0
135.1113,12.7057,21741.8212,7,0.6848,0.2622,0.0531,0
1823.8387,420.6207,406633.6747,84,0.6381,0.1569,0.205,1
13.5545,7.0405,8745.8211,10,0.8062,0.1938,0.0,0
1447.7442,477.1938,154897.5636,16,0.8066,0.1265,0.0669,1
17.5552,10.0154,34783.8239,18,0.7279,0.2143,0.0578,0
184.452,25.8331,45623.4721,3,0.714,0.286,0.0,0
43.4909,49.5636,44269.4353,16,0.6864,0.0835,0.2301,0
126.8592,40.5338,5032.5978,10,0.6741,0.1383,0.1876,0
21.7764,35.7934,9129.4372,17,0.8524,0.1465,0.0011,0
65.7672,24.7517,4555.8369,19,0.5106,0.272,0.2174,0
1239.1921,196.2319,105924.0046,76,0.6019,0.0462,0.3519,1
151.9347,45.5942,31836.7982,8,0.8047,0.1953,0.0,0
73.7681,45.3275,24677.1078,4,0.8748,0.1252,0.0,0
84.5358,11.1316,31554.925,10,0.8889,0.1111,0.0,0
1100.4114,292.8598,202617.401,58,0.9323,0.0677,0.0,1
1206.7918,472.2138,126569.4429,50,0.6403,0.0046,0.355,1
145.3449,22.6015,46005.5361,8,0.6594,0.1042,0.2364,0
161.8884,2.5645,26013.9958,15,0.7169,0.2831,0.0,0
172.5084,2.0007,40103.5149,17,0.5833,0.3944,0.0223,0
540.7345,85.2873,468721.5331,86,0.8948,0.1052,0.0,1
63.4968,44.4218,40258.1554,9,0.6066,0.2479,0.1455,0
53.5069,32.4798,7606.297,4,0.7242,0.0674,0.2085,0
182.6639,8.9274,48929.2006,16,0.7832,0.2168,0.0,0
44.3588,17.093,5792.696,3,0.5951,0.0555,0.3494,0
229.9424,18.6722,10196.5075,12,0.8885,0.1115,0.0,0
1733.0481,213.6081,374825.083,54,0.6328,0.146,0.2212,1
84.6259,38.4146,26149.109,12,0.7028,0.2203,0.0768,0
22.6078,7.6528,40021.7003,4,0.5742,0.2231,0.2027,0
221.049,38.5094,30277.1657,3,0.5053,0.348,0.1468,0
249.1057,28.8063,17109.6773,14,0.6907,0.3093,0.0,0
90.8697,23.6277,30790.154,15,0.8166,0.1053,0.0781,0
184.4751,27.4954,35844.3631,7,0.6183,0.1235,0.2582,0
189.7039,13.264,13062.4821,12,0.8558,0.1442,0.0,0
130.4316,27.3056,39165.466,11,0.7378,0.1646,0.0976,0
1855.2792,267.4056,138469.0235,39,0.7828,0.2172,0.0,1
733.2551,464.7044,165019.6711,29,0.9585,0.0415,0.0,1
663.4416,152.9358,178872.6224,66,0.8339,0.1554,0.0108,1
72.1602,23.8787,32499.9049,19,0.51,0.118,0.3719,0
109.258,16.9316,38833.7823,11,0.6129,0.241,0.1461,0
827.7991,311.4958,117053.7297,94,0.7918,0.2082,0.0,1
54.5479,34.7519,16628.0874,9,0.7862,0.2138,0.0,0
245.4766,19.2971,45219.3572,11,0.737,0.263,0.0,0
93.1407,25.9885,20678.6579,7,0.817,0.183,0.0,0
1372.1419,406.9891,144773.3175,90,0.9646,0.0354,0.0,1
16.3234,1.1401,12198.3966,6,0.7663,0.0788,0.1549,0
1464.7381,88.8747,86699.7699,65,0.7539,0.0721,0.174,1
247.6407,2.1154,20272.4593,13,0.812,0.0862,0.1019,0
48.9196,30.5652,32679.4311,1,0.5317,0.0894,0.3789,0
1477.7526,150.0896,482652.0044,93,0.6269,0.1107,0.2624,1
199.2621,26.1414,31322.8107,3,0.6149,0.1701,0.215,0
803.9301,476.3743,411522.8758,41,0.9914,0.0086,0.0,1
134.4176,40.9118,42456.7557,16,0.5085,0.2584,0.2331,0
1745.8321,392.0043,145394.5271,48,0.7338,0.2043,0.0619,1
543.7955,485.4859,156210.0135,92,0.7801,0.0223,0.1976,1
51.4763,43.3083,16268.3527,16,0.8015,0.1985,0.0,0
93.0784,45.9626,48942.6591,19,0.7884,0.1744,0.0372,0
171.1016,37.8256,10717.9408,8,0.6051,0.2133,0.1816,0
175.8342,10.4706,37074.7766,3,0.5584,0.1972,0.2445,0
235.4295,15.8617,28341.9844,19,0.7614,0.197,0.0416,0
195.0848,40.5244,6325.7818,9,0.5729,0.117,0.3101,0
273.2626,36.5769,3439.8352,5,0.6144,0.2019,0.1837,0
1881.8813,482.1919,200406.9018,26,0.662,0.2347,0.1033,1
209.7801,38.7761,31760.5158,11,0.5221,0.3668,0.111,0
129.4727,45.4669,3569.2645,7,0.7075,0.1841,0.1084,0
17.4869,23.5742,20261.249,8,0.5398,0.1565,0.3037,0
142.8087,29.0819,16620.0756,19,0.7024,0.2684,0.0292,0
259.7588,10.5091,11201.183,15,0.5291,0.3544,0.1165,0
659.7236,191.9975,161811.1156,80,0.789,0.211,0.0,1
140.1316,36.4952,616.1566,12,0.8831,0.1169,0.0,0
492.1173,274.8005,158152.8615,48,0.9413,0.0587,0.0,1
110.9769,19.5038,13857.096,17,0.6942,0.0981,0.2077,0
121.7216,12.7463,19235.3807,7,0.8118,0.0995,0.0887,0
197.8845,21.4197,43077.3735,18,0.8875,0.1125,0.0,0
1845.2396,196.9955,441399.0852,77,0.6456,0.082,0.2724,1
153.5061,47.9093,33063.0488,16,0.7971,0.1958,0.0071,0
156.3529,12.0425,46346.8279,1,0.5675,0.235,0.1975,0
223.6062,27.824,30641.6525,13,0.5631,0.0637,0.3732,0
61.0526,4.2461,41710.3415,12,0.5367,0.2153,0.2479,0
751.2397,423.1862,216371.0192,68,0.899,0.101,0.0,1
84.4189,15.9232,26010.6505,11,0.6882,0.0845,0.2273,0
103.2705,1.2179,745.0584,9,0.8001,0.1757,0.0242,0
1780.2758,306.3784,166880.1375,82,0.9577,0.0423,0.0,1
1305.8568,207.4776,400047.7497,83,0.8881,0.1119,0.0,1
1477.2375,475.6172,96836.6583,33,0.8654,0.0719,0.0627,1
18.6521,24.8471,45578.4447,11,0.5756,0.1985,0.2259,0
100.6453,5.5885,33993.0869,3,0.7248,0.1276,0.1477,0
108.3954,28.1209,10677.2859,16,0.7498,0.1899,0.0603,0
163.0679,29.6018,47880.1303,14,0.8377,0.1623,0.0,0
191.5697,38.7796,33197.6492,17,0.7626,0.2374,0.0,0
1549.3307,385.9105,490018.1776,84,0.94,0.06,0.0,1
34.6427,15.9018,7089.9763,7,0.5402,0.3361,0.1237,0
194.3125,46.1208,32247.4298,1,0.6588,0.056,0.2851,0
1194.1933,142.8436,108655.778,17,0.655,0.2373,0.1076,1
217.7377,47.6414,32731.922,7,0.8391,0.1609,0.0,0
266.6255,32.655,19831.8505,7,0.7157,0.1026,0.1817,0
1169.3867,188.1585,437576.0711,72,0.6302,0.2975,0.0723,1
210.6781,1.5406,24683.0124,6,0.875,0.1128,0.0122,0
223.0703,27.5062,16084.4645,8,0.8716,0.0918,0.0367,0
1586.715,459.4831,393003.5638,39,0.814,0.1788,0.0072,1
120.91,22.8603,30359.5751,8,0.5081,0.2117,0.2802,0
482.3936,86.0197,268522.9145,58,0.7128,0.1977,0.0895,1
221.5116,2.0831,39884.1585,12,0.8727,0.1273,0.0,0
1205.3726,125.7382,319685.2604,85,0.8926,0.0923,0.0151,1
139.4219,7.1635,2855.9654,1,0.8671,0.1329,0.0,0
1285.2756,435.0915,232958.0054,36,0.7263,0.0734,0.2003,1
1502.9893,94.5251,209790.577,79,0.8991,0.1009,0.0,1
104.4894,44.2286,6979.6014,3,0.8604,0.1396,0.0,0
261.1679,35.7343,33585.5481,3,0.7057,0.2943,0.0,0
107.8692,6.357,19186.7738,11,0.6984,0.2246,0.077,0
80.6721,48.5299,4182.6925,3,0.7514,0.2486,0.0,0
25.8176,11.5418,48311.6769,2,0.6847,0.109,0.2063,0
1999.1411,200.4798,415148.5648,31,0.945,0.055,0.0,1
37.7709,25.5417,4352.176,17,0.7541,0.2382,0.0077,0
1843.9233,250.0883,138404.495,85,0.7866,0.2053,0.0081,1
201.9102,3.5634,9767.879,4,0.8463,0.0832,0.0705,0
163.4091,39.8859,46786.6731,15,0.5875,0.259,0.1535,0
1674.6478,362.9711,488740.4193,51,0.7259,0.156,0.118,1
252.5573,22.2955,1633.3614,10,0.5672,0.3093,0.1235,0
95.645,12.4515,38095.0829,1,0.5276,0.3911,0.0813,0
112.8087,1.9262,27164.8913,6,0.5434,0.1816,0.2749,0
1489.6339,338.9719,293249.8274,35,0.7002,0.1881,0.1117,1
211.4145,3.6462,35066.7766,10,0.8353,0.1647,0.0,0
1339.6678,345.6079,446547.7978,76,0.7942,0.2058,0.0,1
294.6023,37.6676,22755.1844,14,0.8665,0.0839,0.0496,0
236.7815,35.5672,30807.6088,8,0.6741,0.3259,0.0,0
1237.747,455.4639,423767.3915,90,0.6001,0.0665,0.3334,1
58.3712,23.5713,37169.6282,15,0.614,0.1006,0.2854,0
214.4582,11.0411,48762.4577,17,0.7558,0.2442,0.0,0
39.3478,43.9228,12679.4882,17,0.8426,0.119,0.0385,0
1683.3067,464.3378,89282.9697,55,0.7895,0.0843,0.1261,1
780.5841,487.7577,379021.3226,18,0.693,0.0346,0.2724,1
218.7095,45.9106,36859.2157,16,0.7265,0.2406,0.033,0
257.7187,47.6415,7611.8554,10,0.5589,0.3616,0.0796,0
234.7233,15.6236,28322.7933,10,0.6959,0.3041,0.0,0
208.5199,37.9053,27170.1597,19,0.7677,0.1275,0.1048,0
160.1218,32.7867,44387.2394,12,0.5094,0.3884,0.1021,0
243.7373,42.9937,7484.6474,8,0.8032,0.1968,0.0,0
25.1057,1.5591,33606.6087,12,0.6475,0.0693,0.2832,0
296.8782,42.4783,8255.911,15,0.6457,0.0985,0.2558,0
1860.1267,149.3171,229070.9119,74,0.7325,0.0342,0.2333,1
1224.0334,119.8921,461095.0502,96,0.6868,0.0828,0.2304,1
56.9631,44.299,13946.8691,12,0.7807,0.1212,0.0981,0
284.7853,7.7674,12010.1085,17,0.8409,0.1591,0.0,0
250.3339,46.7707,18815.0378,3,0.5166,0.3064,0.177,0
413.2054,168.4633,483118.7762,69,0.6557,0.1276,0.2166,1
69.5632,25.5324,26982.9501,17,0.7515,0.2485,0.0,0
1282.0357,82.1745,492903.6947,24,0.7418,0.2582,0.0,1
110.9291,46.4834,46110.2716,11,0.6041,0.1267,0.2692,0
144.8423,24.7896,1668.2466,9,0.8912,0.1088,0.0,0
703.2301,253.6933,177801.8256,46,0.7114,0.1005,0.1881,1
18.2197,9.6214,29353.1864,15,0.6564,0.0511,0.2926,0
202.2481,44.9952,31067.3002,1,0.8854,0.1146,0.0,0
1037.7028,373.1361,153989.1555,20,0.6854,0.2981,0.0164,1
898.1678,155.1963,429151.0864,76,0.6969,0.0896,0.2135,1
1688.4655,220.788,382467.7225,49,0.846,0.0709,0.0832,1
1205.9186,413.045,343470.4555,65,0.7298,0.2112,0.059,1
1871.3317,204.4031,384611.3638,30,0.6362,0.0041,0.3597,1
676.4406,152.798,344663.061,29,0.8023,0.0276,0.1701,1
92.7405,16.2552,16239.3063,4,0.8166,0.1834,0.0,0
257.802,7.6332,22677.4831,18,0.6729,0.1115,0.2157,0
238.0532,13.6842,6292.534,11,0.6676,0.2819,0.0505,0
450.062,210.7825,153798.7921,61,0.6499,0.0681,0.282,1
225.7585,1.4156,6707.2609,16,0.8205,0.1795,0.0,0
266.5093,17.0033,29700.064,16,0.6319,0.1575,0.2106,0
222.1718,40.9785,46097.8977,19,0.5381,0.2074,0.2545,0
39.3461,34.6308,26050.0263,8,0.6364,0.3636,0.0,0
1118.7047,185.4793,249543.5788,80,0.8257,0.0063,0.168,1
141.3938,7.4114,29224.5524,12,0.864,0.136,0.0,0
95.1422,39.8855,33667.3033,19,0.6275,0.1123,0.2602,0
174.4095,6.1328,28202.7599,9,0.8662,0.1338,0.0,0
1333.5944,351.0016,93164.3814,77,0.6904,0.0815,0.2281,1
1855.4241,152.3124,488316.0825,49,0.6725,0.2285,0.0989,1
1192.115,272.802,495231.6505,31,0.6284,0.0764,0.2952,1
55.4645,9.7879,17021.5828,19,0.8456,0.1544,0.0,0
239.2883,5.1631,24268.1181,6,0.5121,0.1728,0.3151,0
212.5123,7.4696,22543.7394,2,0.5068,0.2191,0.2742,0
161.4163,34.649,25780.2011,4,0.6542,0.1985,0.1473,0
281.1378,11.8123,16198.829,17,0.5868,0.1813,0.2319,0
120.4962,44.4929,10712.3445,15,0.899,0.101,0.0,0
81.5593,22.2813,21404.9921,18,0.6741,0.2277,0.0983,0
68.7005,45.1844,41298.65,19,0.565,0.127,0.308,0
40.6862,46.0421,38973.112,12,0.7132,0.1311,0.1557,0
238.4011,22.2495,30684.1014,6,0.6987,0.1963,0.105,0
167.919,27.8151,4037.6941,6,0.6469,0.296,0.057,0
118.6929,4.4305,31369.6949,11,0.5816,0.1507,0.2677,0
1570.9169,255.3931,89273.6861,62,0.938,0.062,0.0,1
1671.5614,450.5363,410907.245,56,0.6028,0.2409,0.1564,1
161.3442,48.3178,45496.9617,13,0.5014,0.0525,0.4461,0
105.8963,10.0717,11998.9987,3,0.7953,0.2047,0.0,0
105.7071,10.0636,43045.6855,6,0.7873,0.0838,0.1289,0
299.6703,16.9049,49099.5648,8,0.774,0.226,0.0,0
1138.0743,243.3863,333016.9185,62,0.932,0.068,0.0,1
163.3121,15.0013,41516.6143,17,0.7965,0.2035,0.0,0
270.0591,2.9206,1827.563,6,0.8514,0.1486,0.0,0
237.2239,42.8894,36259.5788,16,0.8257,0.0671,0.1073,0
1825.0945,464.3744,289598.8817,72,0.668,0.1642,0.1678,1
514.1652,353.7666,363433.7367,87,0.9469,0.0531,0.0,1
290.9086,32.7677,43761.0348,9,0.5863,0.2776,0.1361,0
89.6294,49.5605,34589.1817,4,0.5739,0.2043,0.2219,0
293.0739,26.2005,45134.7645,13,0.8498,0.1502,0.0,0
171.9595,35.2407,2190.7742,15,0.6648,0.0935,0.2418,0
159.5691,24.0813,32243.16,17,0.5328,0.2189,0.2483,0
207.0628,16.7626,45611.9498,8,0.6467,0.2242,0.1291,0
201.8818,18.7343,24617.4482,7,0.6463,0.2535,0.1002,0
1720.6693,171.3456,437864.0845,31,0.7053,0.1107,0.1841,1
222.8648,14.1129,46107.1339,8,0.6153,0.1348,0.2498,0
1312.4571,111.5936,169427.1397,48,0.979,0.021,0.0,1
888.4071,384.4412,290039.727,31,0.7398,0.2334,0.0268,1
218.0201,47.5276,36340.8547,15,0.5943,0.2459,0.1598,0
58.1582,21.8131,27107.7489,19,0.8233,0.1366,0.0402,0
1372.347,87.8482,372203.0991,89,0.963,0.037,0.0,1
1040.6655,220.128,480770.3433,31,0.8516,0.0864,0.062,1
1163.6207,168.7224,92654.6635,26,0.9887,0.0113,0.0,1
188.7296,48.8496,40764.9955,3,0.6,0.0617,0.3383,0
743.083,122.4436,88469.414,39,0.6838,0.0866,0.2295,1
15.287,16.3815,7904.3672,9,0.6373,0.1045,0.2582,0
50.9739,34.9521,29349.8921,10,0.5567,0.3229,0.1204,0
758.5821,186.636,265176.0486,68,0.7958,0.2042,0.0,1
174.5341,15.609,46071.3498,13,0.73,0.27,0.0,0
281.4806,8.698,16052.2079,15,0.642,0.358,0.0,0
36.6415,9.458,15865.0116,8,0.5136,0.327,0.1594,0
29.5804,2.0064,11854.5491,6,0.7469,0.2255,0.0277,0
286.1661,24.5722,22236.8456,17,0.6306,0.2953,0.0742,0
187.5235,19.0733,32167.6214,4,0.7574,0.2426,0.0,0
37.6902,3.2828,3199.0047,11,0.6362,0.1099,0.2539,0
18.9589,7.0671,31861.6663,6,0.5756,0.155,0.2694,0
1628.8057,350.9891,153598.4053,60,0.792,0.0352,0.1728,1
1301.126,324.6501,390447.5333,85,0.6323,0.2381,0.1296,1
220.4533,32.8014,29191.2027,17,0.6501,0.3499,0.0,0
189.6751,33.9976,1457.7921,2,0.6218,0.3109,0.0672,0
200.2264,29.1394,42993.0487,10,0.8078,0.1922,0.0,0
1310.5456,184.8234,189519.5312,24,0.7599,0.2401,0.0,1
250.4536,24.3738,46107.7721,18,0.6924,0.0768,0.2308,0
187.526,37.5952,24424.5832,17,0.794,0.206,0.0,0
228.053,9.584,31340.6997,7,0.8281,0.1719,0.0,0
104.6438,2.8485,29050.9015,14,0.8242,0.1758,0.0,0
241.8451,19.4427,12893.2426,10,0.6193,0.3091,0.0717,0
41.8002,36.8724,39107.882,10,0.7839,0.1161,0.1,0
76.045,16.6459,41988.386,15,0.7906,0.1509,0.0584,0
135.6917,15.7498,18131.903,18,0.667,0.268,0.065,0
173.5201,40.588,26673.1606,14,0.5787,0.1644,0.2569,0
22.8153,44.1969,39115.9963,17,0.5595,0.2717,0.1688,0
752.0754,163.5168,80437.0712,80,0.8313,0.1687,0.0,1
1609.457,115.0082,208786.8964,89,0.9301,0.0272,0.0427,1
27.9255,43.5222,25484.0091,16,0.7426,0.2261,0.0313,0
955.1838,112.3535,309053.2087,45,0.6429,0.0651,0.2921,1
1386.4971,445.7443,142530.0492,77,0.9195,0.0805,0.0,1
21.9344,37.6358,4870.6884,5,0.6318,0.1345,0.2337,0
104.8409,17.0671,33000.344,12,0.7318,0.2682,0.0,0
209.4229,30.9152,19109.1968,5,0.7311,0.1426,0.1263,0
1347.8838,193.1038,463003.4071,33,0.8305,0.1695,0.0,1
58.0041,13.9973,40010.5953,10,0.5763,0.3178,0.1059,0
1322.1922,300.5452,472764.1054,30,0.9275,0.0127,0.0598,1
12.4954,8.3373,10188.4011,10,0.8455,0.1545,0.0,0
289.0137,7.1752,8179.8676,18,0.816,0.184,0.0,0
236.1795,32.662,41403.5774,18,0.8841,0.1159,0.0,0
106.9545,21.8322,17818.5559,8,0.5128,0.3069,0.1803,0
1304.7507,143.0933,193896.641,87,0.8159,0.1841,0.0,1
250.4211,30.1204,29477.2951,8,0.5034,0.1182,0.3784,0
804.9439,260.6797,408934.5468,69,0.9184,0.0816,0.0,1
1482.3177,238.1126,495318.6243,80,0.7005,0.2528,0.0467,1
267.8975,4.7066,48383.6447,19,0.5276,0.2078,0.2646,0
147.3119,17.7533,47016.8465,1,0.8969,0.1031,0.0,0
66.6717,26.4786,20053.0569,16,0.8749,0.0618,0.0633,0
96.1122,37.5141,5696.7765,11,0.8358,0.1642,0.0,0
218.7165,38.2333,11895.3251,3,0.5669,0.2325,0.2006,0
186.498,39.0781,46333.3757,2,0.7275,0.0837,0.1887,0
24.7738,43.6331,29872.5823,5,0.624,0.0858,0.2902,0
1328.0548,425.1253,148465.5428,39,0.7803,0.2197,0.0,1
916.6263,183.2505,152762.5019,74,0.605,0.0647,0.3303,1
422.4789,156.9618,157113.5354,80,0.7759,0.0894,0.1347,1
771.9856,384.9539,107545.9068,24,0.6162,0.1273,0.2564,1
148.9984,40.0582,40927.1343,2,0.875,0.125,0.0,0
1668.64,428.9247,219085.3519,19,0.7443,0.1599,0.0958,1
48.2255,3.078,8938.0269,5,0.5161,0.1652,0.3187,0
218.6767,25.8054,13050.1682,13,0.6148,0.3068,0.0784,0
241.7719,37.9568,28504.8169,19,0.77,0.211,0.019,0
49.6324,11.9193,35535.5888,6,0.6931,0.2593,0.0475,0
93.4646,19.2034,31955.0006,18,0.8333,0.1667,0.0,0
279.7528,31.7916,33356.1603,13,0.7302,0.2698,0.0,0
80.3614,31.0739,40442.4895,18,0.5999,0.2061,0.194,0
16.3311,1.1932,43931.5518,13,0.6144,0.1073,0.2783,0
144.2181,1.2724,41952.7766,4,0.611,0.2982,0.0909,0
66.1937,25.3469,12359.1277,14,0.6062,0.1557,0.2381,0
1337.7057,189.662,439068.4414,52,0.9089,0.0911,0.0,1
55.4129,38.2547,33144.3556,13,0.5009,0.0782,0.4209,0
171.4914,41.2624,40861.5573,13,0.5666,0.3328,0.1006,0
233.9114,28.2255,44212.6695,14,0.8763,0.1237,0.0,0
264.5141,21.5229,28036.003,5,0.8521,0.1479,0.0,0
59.2171,43.7789,11622.3017,10,0.7223,0.2383,0.0394,0
1716.9516,431.0005,124566.1663,67,0.649,0.0198,0.3312,1
949.602,281.5062,90658.7594,94,0.816,0.184,0.0,1
297.421,23.4181,4089.6697,4,0.5917,0.0716,0.3367,0
37.5643,27.7236,6490.8609,2,0.8793,0.1207,0.0,0
1196.1988,355.4107,456434.8948,79,0.7775,0.1862,0.0363,1
140.8095,16.7057,44851.1245,1,0.666,0.2407,0.0933,0
213.0769,16.7532,15345.8567,18,0.7468,0.2532,0.0,0
289.4212,41.991,19576.9157,15,0.6713,0.2583,0.0704,0
247.3093,21.5249,44687.3515,9,0.8443,0.1557,0.0,0
121.5582,25.378,32034.8232,12,0.8289,0.1711,0.0,0
782.198,257.7021,136082.3187,56,0.6958,0.2235,0.0806,1
294.4619,12.6457,49527.2979,1,0.5719,0.3211,0.107,0
86.452,36.2978,13161.007,2,0.8311,0.1689,0.0,0
953.2134,222.2268,261246.283,74,0.628,0.0336,0.3384,1
264.6174,34.0343,31112.4939,19,0.6778,0.1293,0.1929,0
17.1856,43.4139,11126.5253,13,0.7819,0.2181,0.0,0
275.8416,30.6848,25795.3933,13,0.8467,0.0763,0.0769,0
180.74,21.5887,48401.5656,13,0.872,0.128,0.0,0
208.9015,10.7642,18489.9008,6,0.5058,0.1492,0.345,0
30.8284,44.459,24743.6871,15,0.5663,0.0968,0.3369,0
534.4944,197.1237,133993.2853,57,0.8972,0.0634,0.0394,1
1698.49,127.8449,288956.52,45,0.6226,0.2375,0.1398,1
59.0205,16.4352,10466.5686,11,0.617,0.3648,0.0182,0
209.4665,5.2996,805.0851,8,0.5119,0.1436,0.3444,0
11.2487,32.1195,13687.1989,9,0.563,0.3349,0.1021,0
106.7542,16.4066,33323.5627,8,0.8794,0.1206,0.0,0
1597.1708,152.8706,91212.9303,56,0.6473,0.2703,0.0824,1
1317.948,356.2922,460658.6973,75,0.8031,0.175,0.0219,1
130.4265,12.1453,31763.718,17,0.7831,0.2169,0.0,0
62.4565,14.4807,2153.3206,16,0.8741,0.1259,0.0,0
1659.0891,221.7044,387654.8408,33,0.7099,0.1764,0.1136,1
270.1619,19.9048,3549.8269,7,0.5717,0.2099,0.2184,0
1835.0409,95.4244,438507.946,39,0.9725,0.0275,0.0,1
1328.239,372.7132,498927.0137,37,0.9421,0.0579,0.0,1
1430.0956,447.6291,454004.7457,41,0.9459,0.0541,0.0,1
141.7927,20.6454,20488.7845,8,0.7371,0.1329,0.13,0
54.8585,35.5472,5857.2585,5,0.7497,0.0862,0.1641,0
25.3141,18.8048,33688.3477,9,0.505,0.2225,0.2725,0
236.8412,14.9433,15623.8439,1,0.6284,0.2632,0.1084,0
102.2155,6.0794,9764.6669,18,0.7319,0.2681,0.0,0
187.4105,21.6951,5240.1311,16,0.5322,0.3231,0.1447,0
166.12,35.7613,30806.7776,11,0.5505,0.1429,0.3065,0
157.6171,48.0352,26330.1906,14,0.7494,0.2506,0.0,0
1687.3628,307.4083,393110.2938,83,0.6019,0.2769,0.1212,1
59.3668,21.7188,16439.3673,16,0.5634,0.3878,0.0487,0
239.7585,13.2276,26787.0415,16,0.7607,0.195,0.0443,0
1516.9184,149.867,404003.3805,63,0.8794,0.1206,0.0,1
106.6751,27.3684,4932.4742,18,0.7087,0.2913,0.0,0
25.3794,35.1226,41919.6364,12,0.8871,0.1129,0.0,0
182.1478,23.3937,6186.2354,9,0.6883,0.1573,0.1543,0
233.3542,46.4798,46261.0036,7,0.8666,0.1334,0.0,0
1522.8691,325.679,423908.1135,51,0.6655,0.0255,0.309,1
173.8643,49.1101,35464.7166,4,0.8216,0.1784,0.0,0
286.8122,13.1911,28654.2242,1,0.7597,0.2403,0.0,0
129.7536,49.3657,8204.821,1,0.675,0.1532,0.1718,0
89.5187,32.6545,15618.4468,11,0.8931,0.1069,0.0,0
618.6409,265.0293,397233.8925,88,0.7039,0.2961,0.0,1
287.7311,21.8427,14171.5175,2,0.8377,0.1623,0.0,0
240.1375,21.3489,48116.1232,14,0.5731,0.1384,0.2885,0
479.7362,116.2207,89098.2282,57,0.679,0.1003,0.2207,1
133.7707,29.3059,49777.6088,11,0.7356,0.0727,0.1918,0
744.8819,309.6624,171905.966,79,0.6052,0.0539,0.3409,1
674.0522,176.7813,389751.7229,23,0.8642,0.112,0.0238,1
856.2183,225.6755,215893.6762,29,0.7861,0.2139,0.0,1
1608.5588,131.8761,111736.959,24,0.8161,0.14,0.044,1
235.9502,9.9945,1550.1232,3,0.7395,0.2277,0.0328,0
29.2423,17.3485,4469.8605,2,0.892,0.108,0.0,0
188.2235,19.5904,26651.0268,12,0.6962,0.1432,0.1606,0
24.7554,6.2218,45500.2331,4,0.5225,0.2389,0.2386,0
1299.1461,491.3414,164657.6321,35,0.8685,0.1315,0.0,1
1599.5098,218.3208,430971.242,38,0.788,0.212,0.0,1
511.2466,348.5367,436044.8597,51,0.9353,0.0647,0.0,1
105.8742,12.721,30788.0591,13,0.7396,0.1415,0.119,0
97.9286,35.1293,47245.6926,1,0.7407,0.2086,0.0508,0
1118.9263,139.2506,187486.4708,37,0.9595,0.0405,0.0,1
142.0521,10.528,33723.2998,11,0.7915,0.2085,0.0,0
1555.8116,205.9043,443750.3012,41,0.6208,0.2079,0.1713,1
110.6184,49.0128,2487.3423,10,0.6872,0.1616,0.1512,0
109.6573,36.7132,46778.0608,15,0.5021,0.3244,0.1735,0
80.032,33.6836,33503.3917,7,0.7241,0.2759,0.0,0
294.1021,17.332,573.9016,4,0.7105,0.2895,0.0,0
1874.6759,447.1464,284412.4168,96,0.6444,0.2635,0.0921,1
258.2291,30.3442,19244.8365,16,0.5321,0.0625,0.4054,0
1333.9965,496.3529,488681.0235,42,0.9442,0.0558,0.0,1
297.9143,5.1531,11303.5444,11,0.7319,0.1883,0.0798,0
35.5095,39.5848,16378.2915,17,0.7458,0.2231,0.0311,0
947.261,453.3036,215763.7547,83,0.9193,0.0807,0.0,1
1305.7908,144.5158,446405.1622,95,0.9519,0.0481,0.0,1
1441.8361,175.2137,489004.2942,64,0.6787,0.1827,0.1386,1
26.8515,16.6489,1517.4906,1,0.7672,0.2328,0.0,0
616.5331,145.6253,282514.8107,35,0.8148,0.0353,0.1499,1
193.9131,12.6328,44406.7979,15,0.7715,0.2285,0.0,0
131.3867,22.0493,24333.7398,18,0.6517,0.2848,0.0635,0
1053.7722,438.0275,403133.4951,20,0.6564,0.1538,0.1898,1
1134.021,381.0747,274473.7007,85,0.7878,0.0934,0.1187,1
1388.6143,475.7871,330193.8368,68,0.6873,0.11,0.2027,1
256.828,9.7733,11936.9245,3,0.5391,0.3269,0.134,0
188.172,1.8743,30891.2334,14,0.7518,0.2482,0.0,0
1141.2372,209.7846,113239.4823,42,0.9344,0.0237,0.0419,1
1356.6402,457.3474,413879.4688,96,0.9114,0.0886,0.0,1
126.0615,3.833,30291.6036,8,0.6,0.0778,0.3222,0
227.8135,37.9915,11965.3193,12,0.7107,0.0529,0.2364,0
60.6975,2.5811,11853.739,9,0.7496,0.2504,0.0,0
1530.6229,170.1146,132149.7787,21,0.7131,0.2565,0.0304,1
128.4698,1.1122,10339.9571,14,0.523,0.3662,0.1107,0
84.976,2.6391,26017.6611,2,0.5472,0.2396,0.2132,0
59.8685,39.451,42451.4077,12,0.8631,0.1369,0.0,0
179.374,19.4335,41781.1446,17,0.6311,0.1693,0.1997,0
199.2445,28.485,23458.5721,3,0.7738,0.0892,0.137,0
33.4278,37.7946,8878.2258,9,0.5436,0.2422,0.2142,0
1433.3993,380.775,190240.3396,42,0.8945,0.1055,0.0,1
14.0521,42.4345,39730.6771,6,0.7145,0.2855,0.0,0
120.5792,12.6285,40259.774,8,0.8051,0.1644,0.0305,0
47.6772,21.6025,25618.3873,12,0.6824,0.1285,0.1891,0
174.8786,11.0763,45775.1631,7,0.6095,0.057,0.3335,0
215.7897,5.0743,19780.4181,13,0.5338,0.3581,0.1081,0
110.1612,12.339,28797.4232,15,0.8018,0.1982,0.0,0
1575.6527,244.2409,298906.7779,56,0.9886,0.0114,0.0,1
216.1574,22.9524,40931.2157,17,0.6103,0.2432,0.1464,0
53.2887,8.6915,30886.6167,18,0.6649,0.1823,0.1527,0
180.5624,3.1673,16262.753,13,0.5747,0.3082,0.1171,0
986.4088,113.4436,479360.8201,67,0.841,0.0473,0.1117,1
49.5739,44.7922,9177.8306,11,0.644,0.2556,0.1004,0
60.6584,24.7025,39974.5999,9,0.5734,0.195,0.2316,0
52.3213,37.6778,32170.6535,14,0.8561,0.1439,0.0,0
213.0744,38.8557,47846.3369,2,0.5014,0.3601,0.1386,0
44.2579,7.2838,21528.9497,13,0.8194,0.1806,0.0,0
176.9883,32.8017,3099.3159,9,0.5643,0.332,0.1037,0
222.1042,4.1554,40864.1918,3,0.7415,0.2585,0.0,0
234.8055,17.6064,30418.2967,8,0.8184,0.1816,0.0,0
203.8159,44.2437,39393.5192,16,0.5893,0.3271,0.0836,0
591.4023,274.3941,465475.9293,15,0.6845,0.2729,0.0426,1
192.1759,20.8577,29665.4177,3,0.7854,0.1568,0.0578,0
147.4985,3.3412,28287.2566,4,0.5319,0.1066,0.3615,0
490.8122,187.1233,126987.8559,76,0.9733,0.0267,0.0,1
736.1206,345.7508,304323.292,85,0.9404,0.0596,0.0,1
706.1448,256.1002,385475.9369,84,0.7949,0.2051,0.0,1
130.0019,46.2841,21710.7867,12,0.8502,0.1498,0.0,0
65.9626,44.7502,39365.2379,15,0.6121,0.0659,0.322,0
1592.7307,423.6137,335517.2892,85,0.6934,0.0996,0.207,1
216.8449,28.4729,21668.5509,6,0.6982,0.3018,0.0,0
60.9964,5.7139,13190.3674,12,0.6197,0.3528,0.0275,0
253.5696,11.4465,27292.9664,16,0.6399,0.1948,0.1652,0
255.5935,3.5531,47413.6835,12,0.6485,0.103,0.2485,0
273.1504,29.2691,12175.0388,14,0.8086,0.1914,0.0,0
113.3321,33.8818,41553.3192,7,0.8312,0.0942,0.0746,0
58.907,10.5898,10737.8225,11,0.8796,0.1204,0.0,0
134.8457,43.0769,1076.3013,9,0.6541,0.2034,0.1425,0
1382.3918,420.4013,121400.5895,37,0.9758,0.0242,0.0,1
1717.0633,257.8972,247233.7588,37,0.649,0.1678,0.1832,1
207.5981,20.8486,45619.3359,15,0.6098,0.3232,0.067,0
43.1747,6.0376,44419.8882,3,0.5683,0.1874,0.2443,0
165.9347,2.6621,49122.8583,18,0.8082,0.1918,0.0,0
244.3929,23.3066,19980.7517,2,0.8863,0.0509,0.0628,0
68.8092,42.5809,44635.7732,18,0.5822,0.3827,0.0352,0
726.7325,169.2384,408241.3588,58,0.9825,0.0175,0.0,1
177.6042,21.6193,24351.0259,9,0.6806,0.2657,0.0537,0
876.6001,401.6241,388493.1539,57,0.7659,0.2187,0.0154,1
934.5775,477.5638,166222.1458,23,0.92,0.08,0.0,1
1298.5698,121.7864,445645.1932,99,0.9584,0.0416,0.0,1
280.0606,49.3901,34592.1145,7,0.5109,0.3064,0.1827,0
56.7458,25.4889,43470.795,16,0.878,0.064,0.058,0
101.9744,48.1566,12235.8294,17,0.691,0.0919,0.2171,0
231.7794,26.4071,13414.5062,5,0.5637,0.0654,0.3709,0
1020.6506,438.7315,418866.9634,86,0.8499,0.1501,0.0,1
159.6082,23.6131,35355.2611,15,0.7873,0.2127,0.0,0
260.2017,12.1619,15564.3241,4,0.6941,0.3059,0.0,0
1454.4193,473.594,395053.4227,29,0.9323,0.0677,0.0,1
109.7039,45.3493,39821.3309,5,0.5866,0.2972,0.1161,0
462.7535,443.5608,455768.2845,99,0.9885,0.0115,0.0,1
1720.4986,91.9848,462529.3205,24,0.9526,0.0474,0.0,1
10.6984,39.4898,15856.5838,15,0.7432,0.2568,0.0,0
1853.6679,446.1171,402083.0576,82,0.8413,0.1587,0.0,1
210.7333,14.7939,9682.6818,11,0.8071,0.1646,0.0284,0
1945.004,319.4517,417090.3659,36,0.9128,0.0872,0.0,1
266.3128,25.677,18360.542,9,0.7802,0.2198,0.0,0
28.6206,25.0423,16063.762,16,0.5035,0.2972,0.1993,0
684.1548,295.1656,82263.9981,72,0.8819,0.1181,0.0,1
118.2812,17.4337,27313.0576,11,0.8071,0.1929,0.0,0
63.702,42.4359,13737.1835,14,0.5011,0.3021,0.1968,0
584.887,369.8957,427644.5145,64,0.7928,0.1544,0.0528,1
714.7548,408.9536,385245.0605,30,0.8709,0.1291,0.0,1
233.2286,43.3477,28872.6354,19,0.5516,0.1104,0.3379,0
776.9368,81.1341,166921.4644,53,0.7957,0.2043,0.0,1
92.5233,35.2149,7979.0867,8,0.5274,0.1921,0.2805,0
139.5709,10.0397,44628.9027,19,0.6956,0.3044,0.0,0
145.2877,32.1821,39304.8282,10,0.8762,0.098,0.0258,0
223.1733,29.873,33800.5938,5,0.5635,0.1353,0.3011,0
871.0325,332.6983,424170.2974,84,0.7097,0.2591,0.0312,1
137.1381,14.9787,37073.9484,17,0.8986,0.1014,0.0,0
95.8556,13.6767,42366.1323,9,0.8772,0.0521,0.0707,0
72.9057,39.291,44113.0848,10,0.6996,0.2482,0.0522,0
10.277,39.7701,8865.0856,13,0.6757,0.2285,0.0958,0
218.643,36.8175,3378.8483,4,0.514,0.3483,0.1377,0
1981.9339,182.6376,476766.3537,15,0.9843,0.0157,0.0,1
1858.2953,444.6999,329766.7881,44,0.8685,0.1016,0.0299,1
225.6951,41.5968,27966.5101,8,0.6374,0.235,0.1276,0
45.5753,35.7015,23454.8047,10,0.5029,0.1737,0.3234,0
252.909,36.0962,40042.7387,12,0.7053,0.2947,0.0,0
276.4359,26.982,18131.4365,9,0.6041,0.0631,0.3327,0
121.1694,12.2591,42789.0473,16,0.8027,0.1973,0.0,0
1614.9666,146.0013,139867.8376,81,0.9064,0.012,0.0815,1
214.1945,1.2577,8063.2064,8,0.5618,0.316,0.1222,0
1514.3648,349.1166,201318.7884,72,0.6513,0.1376,0.211,1
22.4577,36.6371,7131.4677,13,0.5897,0.3307,0.0797,0
46.8955,44.6264,4603.372,1,0.6029,0.3275,0.0696,0
269.0051,48.368,45466.5949,19,0.822,0.178,0.0,0
23.6662,44.8193,21921.4716,9,0.5287,0.1758,0.2955,0
1956.6095,129.3945,360860.0288,49,0.9098,0.0902,0.0,1
284.2008,31.0182,41766.9344,10,0.6238,0.3189,0.0573,0
298.3611,42.0596,43578.4595,15,0.869,0.0852,0.0457,0
184.2128,33.2955,7796.3599,3,0.8852,0.1148,0.0,0
28.4624,42.499,17185.2975,6,0.755,0.245,0.0,0
42.2958,25.0931,37490.2962,1,0.6425,0.1072,0.2502,0
1894.3226,149.948,352196.9007,48,0.8455,0.1545,0.0,1
171.9154,16.4379,44436.5978,8,0.6129,0.1993,0.1878,0
77.4923,46.6536,22062.8177,13,0.8422,0.1578,0.0,0
1766.589,202.7772,240824.4091,54,0.6064,0.0205,0.3731,1
166.6234,29.04,27252.3778,17,0.8699,0.0904,0.0397,0
703.9186,342.2927,474643.8531,25,0.6555,0.2887,0.0558,1
1830.5674,215.0752,216640.0976,51,0.8249,0.0059,0.1692,1
233.7662,9.0744,2850.2122,2,0.7534,0.2466,0.0,0
255.1828,32.9986,48518.8153,9,0.8622,0.0534,0.0844,0
1241.0842,88.8405,146060.658,18,0.7636,0.2364,0.0,1
32.6653,33.3067,15195.4924,12,0.6043,0.2342,0.1615,0
23.7355,21.9129,28522.2959,7,0.7842,0.1102,0.1056,0
443.2743,142.9021,474329.3793,48,0.8022,0.0218,0.176,1
130.3812,19.4458,1356.9182,15,0.5205,0.3228,0.1567,0
225.9604,38.8037,8802.7455,18,0.5764,0.1149,0.3087,0
1682.4505,370.3798,239727.8907,29,0.9488,0.0512,0.0,1
730.7228,94.3461,344149.8094,69,0.7697,0.2303,0.0,1
55.1697,30.8022,20710.3795,18,0.7265,0.1164,0.1571,0
1314.9592,454.1089,192829.2271,59,0.7923,0.0589,0.1489,1
27.1569,1.0906,13117.634,7,0.5163,0.2315,0.2522,0
93.2195,49.9435,25337.2005,18,0.7407,0.2593,0.0,0
1700.0557,423.9275,302918.5628,21,0.631,0.2997,0.0693,1
897.8493,363.4353,309508.498,37,0.6974,0.245,0.0576,1
1038.4964,258.7411,385964.4109,79,0.9076,0.0924,0.0,1
198.8602,13.1767,28989.5561,18,0.8113,0.1558,0.0329,0
230.4208,14.806,13270.4943,19,0.5551,0.1592,0.2857,0
1618.4893,454.8583,243323.7037,83,0.7803,0.2197,0.0,1
98.0609,37.9059,41935.1472,18,0.5383,0.2926,0.1691,0
146.2872,12.0121,29701.3935,6,0.5471,0.2191,0.2338,0
50.2669,11.9608,49287.7227,14,0.8232,0.1768,0.0,0
290.2261,42.4536,2988.1505,19,0.7527,0.2163,0.031,0
99.4084,27.7411,34012.3575,18,0.7206,0.2794,0.0,0
98.8404,20.4993,43385.5495,13,0.8439,0.1561,0.0,0
1269.1005,496.3606,245720.4246,36,0.8681,0.0009,0.131,1
59.6494,17.3424,41927.3845,15,0.6812,0.0509,0.2678,0
190.6947,19.8956,28522.2035,12,0.7279,0.1684,0.1037,0
179.0068,11.6764,34323.2147,17,0.6666,0.3334,0.0,0
1035.0434,82.0392,255802.1948,74,0.7885,0.0217,0.1898,1
123.8206,40.8484,36365.2882,2,0.5351,0.1708,0.2941,0
220.0156,32.0994,30526.1909,5,0.6945,0.0895,0.216,0
246.7436,9.0249,12944.3809,12,0.5785,0.0777,0.3438,0
15.6695,5.3545,32500.6654,8,0.5558,0.1588,0.2854,0
121.0192,47.4537,20388.2093,7,0.7544,0.2456,0.0,0
199.4846,1.1288,23433.9479,17,0.5473,0.3159,0.1368,0
161.4313,20.2868,29800.6074,12,0.6063,0.2244,0.1693,0
201.1112,39.4375,19624.1486,10,0.7135,0.2573,0.0292,0
163.3107,33.4876,1256.5387,7,0.7015,0.1771,0.1214,0
111.3033,36.9513,8958.4639,5,0.8436,0.1564,0.0,0
207.3215,24.9019,3300.829,1,0.5281,0.3482,0.1237,0
402.6883,169.3518,196471.072,82,0.6466,0.0173,0.3361,1
285.2477,39.9994,757.1786,14,0.7719,0.2281,0.0,0
93.3672,15.4921,4028.9584,6,0.5004,0.3748,0.1248,0
144.9116,15.3737,35486.2663,11,0.8053,0.1947,0.0,0
1984.9328,341.807,464102.3701,48,0.9323,0.0677,0.0,1
1167.8289,357.3643,446056.3236,81,0.9058,0.0942,0.0,1
274.8623,41.5707,35303.1648,19,0.7225,0.0981,0.1795,0
1589.4095,283.5181,132044.7045,30,0.9776,0.0224,0.0,1
118.5945,33.3161,16261.1849,12,0.638,0.295,0.067,0
241.7728,45.3735,33577.8871,8,0.8991,0.1009,0.0,0
124.2965,16.4677,27075.3019,8,0.69,0.2777,0.0322,0
149.7889,13.8658,16822.4041,12,0.6656,0.2248,0.1097,0
141.6301,49.004,34823.4555,14,0.8884,0.1116,0.0,0
1171.7538,430.43,321492.0241,82,0.6902,0.2813,0.0284,1
118.1788,43.604,41878.4512,19,0.7964,0.2036,0.0,0
45.942,33.3644,49487.039,18,0.6047,0.1098,0.2854,0
117.1466,43.1467,23957.9781,3,0.6584,0.3416,0.0,0
293.9751,46.1549,20000.0406,3,0.6192,0.3503,0.0305,0
78.7714,44.4485,10377.3685,4,0.6424,0.1161,0.2414,0
74.0549,22.3136,12724.1587,10,0.6497,0.1566,0.1937,0
1043.4795,444.7482,349256.1019,38,0.8097,0.0924,0.0979,1
213.7104,3.7238,18007.3469,19,0.8694,0.1306,0.0,0
427.7071,183.4515,345561.6683,85,0.6366,0.2503,0.1131,1
275.4304,17.459,16934.1951,1,0.6719,0.1578,0.1703,0
140.6567,47.7265,41782.6071,19,0.7165,0.1507,0.1328,0
161.8519,16.8789,38508.9959,6,0.6221,0.3046,0.0733,0
133.9545,19.3952,40667.5958,5,0.5149,0.1122,0.3729,0
408.9239,342.9593,199780.247,86,0.6555,0.2414,0.103,1
1034.2902,184.9428,272933.7554,74,0.622,0.2297,0.1482,1
497.1489,490.0736,209205.5476,93,0.904,0.096,0.0,1
275.8314,12.3971,19769.5757,14,0.8342,0.1658,0.0,0
165.7843,1.682,46717.9199,15,0.5935,0.1993,0.2071,0
1666.0113,100.1207,106852.043,18,0.8884,0.1116,0.0,1
156.4419,23.7238,28489.4097,13,0.7961,0.1248,0.0791,0
1473.9364,454.9116,484095.9834,44,0.947,0.053,0.0,1
26.0086,8.7048,33357.4625,3,0.6695,0.31,0.0206,0
171.4312,14.8051,39991.6518,14,0.6738,0.1616,0.1646,0
66.4364,32.7662,10126.1431,14,0.6762,0.2097,0.1141,0
28.247,41.3267,31467.4575,1,0.5508,0.3467,0.1026,0
144.0105,5.2742,34966.8921,12,0.6805,0.2174,0.1021,0
1993.3137,413.0469,192059.1752,31,0.6927,0.0605,0.2468,1
187.3476,29.9824,7415.0901,7,0.6276,0.3473,0.0251,0
1420.8954,356.4557,407660.0184,61,0.9163,0.0837,0.0,1
143.0856,47.6574,12628.1238,14,0.705,0.295,0.0,0
524.6213,256.8764,435133.5376,72,0.8052,0.1778,0.017,1
282.468,3.4747,33938.8667,5,0.5891,0.0669,0.344,0
112.104,8.9644,27430.3666,9,0.8781,0.0571,0.0648,0
134.0919,44.1035,47372.442,9,0.7194,0.1618,0.1187,0
1639.899,430.3757,485852.0329,45,0.6896,0.1967,0.1137,1
179.0741,23.8456,1643.756,10,0.7131,0.062,0.2249,0
247.5329,21.5961,33909.3618,7,0.6914,0.086,0.2226,0
280.3129,2.6843,31123.5446,14,0.661,0.339,0.0,0
176.5956,13.1591,28988.6927,7,0.6098,0.3841,0.0061,0
1686.9284,452.28,210215.0467,85,0.7601,0.2313,0.0086,1
238.1658,36.24,28555.3901,5,0.7768,0.2232,0.0,0
645.8083,279.6949,206218.0032,79,0.958,0.042,0.0,1
85.5011,17.9335,19727.421,4,0.5806,0.2102,0.2092,0
22.9349,6.3665,16189.1746,8,0.5445,0.2307,0.2248,0
530.6643,111.0051,432098.4998,50,0.999,0.001,0.0,1
281.477,22.9697,30547.4804,4,0.8349,0.1651,0.0,0
89.2154,34.0651,46495.8496,19,0.7723,0.2277,0.0,0
1970.4121,125.4636,231776.7725,84,0.6458,0.1497,0.2045,1
1051.7303,458.1669,389034.3005,77,0.6732,0.0978,0.229,1
18.8395,10.7994,42992.0836,10,0.5866,0.3815,0.0319,0
695.6031,93.527,239267.7686,53,0.6235,0.1388,0.2377,1
428.2286,394.2164,443803.4302,50,0.8958,0.0362,0.0679,1
462.835,420.3725,161591.355,34,0.8544,0.1456,0.0,1
973.6809,111.1717,93324.5862,48,0.9186,0.0814,0.0,1
1429.5951,232.7656,267871.9255,38,0.81,0.175,0.015,1
1320.8993,353.397,134908.3195,60,0.7913,0.2087,0.0,1
1689.9915,331.909,222774.3926,83,0.9685,0.0315,0.0,1
182.9691,5.9881,37520.0034,9,0.6277,0.1132,0.2591,0
277.3697,41.5535,5709.9168,12,0.6551,0.2674,0.0775,0
783.217,347.8105,412860.1111,97,0.9243,0.0757,0.0,1
196.9355,23.3522,7666.9876,9,0.8019,0.1981,0.0,0
1845.1579,340.647,178253.7567,70,0.8115,0.1865,0.0019,1
119.4662,40.4292,33220.3234,17,0.8286,0.1714,0.0,0
1929.5465,190.8065,439265.1601,87,0.8181,0.1819,0.0,1
1186.2257,215.3903,377054.846,78,0.8186,0.1116,0.0698,1
1379.8297,488.3291,173553.3372,39,0.7317,0.034,0.2343,1
212.5692,5.394,28875.6372,13,0.5313,0.0824,0.3864,0
19.3754,1.5707,11430.2679,10,0.5861,0.255,0.1589,0
254.2503,35.8233,11467.8363,14,0.8979,0.1021,0.0,0
1277.0445,458.6635,298500.2946,74,0.7409,0.126,0.1331,1
171.0074,45.3737,13643.8223,1,0.5397,0.3512,0.109,0
103.7916,24.4718,18627.3399,14,0.6215,0.162,0.2165,0
231.5821,38.5613,15199.9265,14,0.6303,0.2732,0.0966,0
452.8446,252.399,167325.5559,32,0.771,0.229,0.0,1
259.4019,37.5609,26452.9082,19,0.7837,0.2163,0.0,0
678.0377,273.9225,408494.5454,31,0.9625,0.0288,0.0087,1
202.7281,19.118,47423.2383,17,0.5787,0.1142,0.3071,0
72.4936,16.6245,21061.2043,12,0.6655,0.0757,0.2588,0
170.2718,7.0399,29180.039,8,0.8934,0.1066,0.0,0
1420.6891,211.7674,102451.9576,83,0.892,0.108,0.0,1
44.1747,33.1348,39918.2134,5,0.6619,0.1926,0.1455,0
158.6944,9.577,1778.6804,11,0.8088,0.1264,0.0649,0
1845.8898,286.7101,237922.1298,27,0.6873,0.2932,0.0195,1
219.3325,12.3955,27982.4953,10,0.7664,0.2172,0.0164,0
103.0465,23.9875,8263.3306,11,0.815,0.185,0.0,0
250.0448,11.0812,36196.9229,15,0.566,0.1058,0.3282,0
91.3773,20.8747,45478.2524,16,0.5664,0.1069,0.3267,0
1246.7247,218.482,230033.2972,57,0.9927,0.0073,0.0,1
154.1241,27.0036,14843.6926,6,0.7835,0.2156,0.0009,0
215.7719,43.509,46580.5209,17,0.8112,0.1749,0.0138,0
279.6323,21.2452,27611.9453,17,0.7365,0.1409,0.1226,0
245.4356,6.4432,45433.3949,16,0.7598,0.2402,0.0,0
1966.1611,243.4566,478957.1741,68,0.8599,0.1401,0.0,1
296.712,16.9244,22330.0725,12,0.8766,0.1234,0.0,0
98.4688,20.8994,36390.3506,10,0.504,0.0826,0.4135,0
293.3318,28.6549,39582.455,17,0.6473,0.0862,0.2664,0
208.3749,45.8445,12002.7584,7,0.8572,0.1428,0.0,0
90.6419,2.1103,6686.512,3,0.8648,0.1352,0.0,0
229.9943,49.5815,36784.7099,1,0.855,0.145,0.0,0
120.1995,5.2178,47720.1074,8,0.7866,0.0769,0.1365,0
67.6974,38.4207,33962.7516,19,0.5819,0.2908,0.1273,0
1202.786,170.9851,160163.9713,72,0.9088,0.0639,0.0273,1
14.8796,2.7235,10826.3678,8,0.5585,0.0835,0.358,0
80.7945,18.0867,41481.7429,17,0.5952,0.2209,0.1839,0
1885.4815,159.8516,260121.0007,23,0.9648,0.0352,0.0,1
58.0336,2.3849,44425.699,19,0.7294,0.1066,0.1641,0
128.5471,36.3733,3341.0554,15,0.7642,0.2358,0.0,0
108.5462,27.0797,16145.2153,2,0.5663,0.2859,0.1478,0
101.5911,19.3705,24041.016,18,0.5868,0.2692,0.144,0
259.1002,11.7742,47342.8905,6,0.8935,0.1065,0.0,0
1859.5587,252.1949,353506.7318,22,0.8623,0.1377,0.0,1
1476.0711,314.481,126978.5968,95,0.6375,0.102,0.2606,1
275.3323,14.2451,48599.2974,6,0.7477,0.1294,0.1229,0
1461.7561,144.2006,455925.2764,42,0.6782,0.2807,0.0411,1
260.4678,42.8915,42250.436,16,0.5712,0.1678,0.261,0
800.7782,119.984,254408.4419,62,0.8939,0.1061,0.0,1
116.203,21.7437,13032.3578,3,0.5186,0.093,0.3884,0
127.2898,37.6896,37660.8472,11,0.5287,0.2372,0.2342,0
97.4239,46.116,24624.6553,14,0.5389,0.2452,0.2159,0
44.3357,7.5291,43401.4371,9,0.669,0.1389,0.1922,0
820.5799,115.8946,403793.5264,15,0.8772,0.1228,0.0,1
89.1508,1.3067,36714.1535,2,0.6312,0.0634,0.3054,0
294.8469,42.5945,34864.4563,16,0.5804,0.1184,0.3013,0
1381.7799,177.695,97091.3861,26,0.8453,0.0494,0.1053,1
56.7032,26.0797,16236.1831,17,0.7374,0.2173,0.0452,0
224.1742,25.7405,39319.3562,14,0.55,0.3199,0.1301,0
618.3428,367.5348,211698.8954,96,0.85,0.0276,0.1224,1
289.7105,20.3936,18995.6611,13,0.8299,0.1419,0.0281,0
45.2902,9.5682,42669.2026,11,0.594,0.3394,0.0666,0
28.6927,2.7192,46908.8738,5,0.5219,0.1419,0.3362,0
39.1514,13.2504,836.7627,1,0.6584,0.0502,0.2913,0
253.276,9.092,9359.6533,9,0.637,0.0787,0.2843,0
84.0041,49.8793,21852.4075,16,0.8958,0.09,0.0142,0
271.5021,40.1338,21574.4882,8,0.7223,0.1001,0.1775,0
20.1839,48.6147,26249.0541,1,0.8362,0.1638,0.0,0
39.0306,1.2107,11840.0869,9,0.5495,0.061,0.3895,0
1221.3843,456.233,175408.0671,15,0.9162,0.0838,0.0,1
274.6102,41.9058,35358.3624,18,0.5369,0.0986,0.3645,0
288.1395,43.1528,39450.6882,17,0.7204,0.2796,0.0,0
268.8214,3.701,33433.4172,9,0.689,0.2715,0.0395,0
172.8319,36.7245,32493.8469,12,0.6231,0.3158,0.0612,0
139.5085,24.0349,13332.3649,4,0.5282,0.2866,0.1852,0
280.5507,24.1834,14982.0379,14,0.6577,0.2654,0.0769,0
1831.5376,119.981,184425.1865,45,0.802,0.1712,0.0268,1
116.8276,48.89,18921.2313,8,0.5523,0.2304,0.2173,0
32.025,14.08,12680.8629,5,0.6769,0.1612,0.1618,0
91.0129,1.9387,45359.8373,13,0.8603,0.1397,0.0,0
168.1094,30.795,22069.1672,4,0.5645,0.2765,0.1589,0
920.9394,352.8614,467382.1801,43,0.8901,0.1099,0.0,1
97.0789,26.7735,39772.7682,8,0.8165,0.1835,0.0,0
55.5374,26.419,6487.9808,18,0.577,0.0919,0.3311,0
958.0747,99.6054,341923.3186,32,0.7379,0.2621,0.0,1
429.9926,99.2209,108682.9259,38,0.748,0.0617,0.1903,1
1397.8536,159.3578,256160.8047,89,0.9023,0.0371,0.0606,1
106.0478,34.9431,9699.995,2,0.6102,0.2979,0.0919,0
291.8231,44.3284,12190.7816,19,0.8452,0.0794,0.0754,0
268.8848,19.4765,34168.6993,12,0.6639,0.3185,0.0176,0
33.6183,38.4026,34013.6437,5,0.6966,0.0823,0.2212,0
299.6785,15.4433,37859.9782,1,0.7668,0.2097,0.0235,0
124.2809,24.7989,27709.265,15,0.5701,0.2065,0.2233,0
12.1212,21.9815,29173.5796,6,0.8777,0.1223,0.0,0
196.4695,22.8712,6276.185,12,0.7437,0.1144,0.1419,0
871.2165,176.5073,382428.2198,62,0.8119,0.0818,0.1063,1
190.48,36.4665,21015.8244,8,0.52,0.2704,0.2097,0
983.4472,413.5175,441937.92,18,0.9158,0.0842,0.0,1
1875.8918,136.3477,354490.5456,59,0.6069,0.272,0.1212,1
293.9031,46.2043,16006.5049,4,0.7739,0.1996,0.0265,0
197.9094,15.2081,36311.0498,16,0.7037,0.1144,0.1819,0
47.9672,20.4067,12381.3998,1,0.5381,0.2182,0.2437,0
238.1592,30.6196,16216.9443,5,0.8541,0.1459,0.0,0
540.703,424.4832,367713.3254,45,0.9775,0.0032,0.0193,1
220.3673,33.5292,4952.3913,1,0.5198,0.2787,0.2016,0
1936.9964,298.975,251570.5876,20,0.6558,0.2366,0.1076,1
1117.8034,363.1998,121670.8,41,0.9197,0.0803,0.0,1
119.8896,2.3873,25956.2972,3,0.5987,0.1104,0.2909,0
1501.6111,342.6244,352742.2332,90,0.7473,0.0437,0.209,1
1831.2602,307.1669,241496.1634,85,0.6314,0.11,0.2587,1
242.2068,15.7322,46799.5275,13,0.6404,0.3247,0.0349,0
108.5083,27.639,27088.8161,4,0.8613,0.1387,0.0,0
94.5895,14.0175,14538.845,3,0.8339,0.0834,0.0828,0
169.5109,16.0891,3542.3385,12,0.6458,0.1361,0.2181,0
70.6267,47.9665,41552.5403,13,0.7735,0.2265,0.0,0
1762.7332,268.5098,246537.3006,62,0.7249,0.1512,0.1239,1
278.2041,1.56,36084.2614,12,0.5071,0.1885,0.3044,0
198.45,22.504,35511.3537,15,0.7909,0.2091,0.0,0
153.7397,18.763,20066.5922,8,0.6384,0.2568,0.1048,0
190.2229,16.635,6851.541,8,0.8685,0.1315,0.0,0
147.025,14.2885,16431.5993,7,0.5751,0.1577,0.2673,0
133.4078,24.7584,45880.2507,19,0.7901,0.2099,0.0,0
1343.6706,351.3475,166518.5972,50,0.6524,0.1972,0.1503,1
1323.3482,203.4855,152408.6367,78,0.9812,0.0188,0.0,1
111.5125,30.6192,8578.1736,7,0.5068,0.1685,0.3247,0
121.6246,14.5114,20294.2182,19,0.8667,0.1333,0.0,0
225.6034,42.4636,18776.6265,7,0.5438,0.2921,0.1641,0
1907.9847,254.4894,248935.3343,28,0.7914,0.0184,0.1902,1
183.8196,36.2071,4809.2748,18,0.8959,0.0884,0.0157,0
279.6328,45.8374,9201.2195,19,0.7251,0.1912,0.0837,0
181.3244,47.5927,650.8143,16,0.5292,0.1874,0.2834,0
121.2301,32.608,2866.1939,16,0.5339,0.201,0.2651,0
229.7082,28.7327,17622.6842,13,0.5893,0.1354,0.2753,0
492.4275,98.3308,411998.0476,33,0.9778,0.0222,0.0,1
216.7328,24.2628,18720.4487,4,0.8598,0.1108,0.0295,0
586.1965,333.1658,472781.1308,16,0.8143,0.1857,0.0,1
1365.0221,447.4603,287124.7349,19,0.8139,0.1861,0.0,1
21.2379,42.9005,1156.6381,7,0.5237,0.2272,0.249,0
652.7339,354.3638,94679.1739,55,0.8239,0.0029,0.1732,1
86.6156,20.0313,25833.0203,14,0.7644,0.0891,0.1465,0
1222.859,287.7857,340129.8113,32,0.8243,0.0716,0.104,1
920.6132,251.0813,259153.6914,45,0.8186,0.1814,0.0,1
108.6749,7.5414,26817.4082,16,0.704,0.296,0.0,0
44.7649,7.7666,1036.7326,1,0.503,0.3215,0.1754,0
1462.8934,91.1992,158778.3726,29,0.9273,0.0727,0.0,1
231.5378,14.2294,27665.152,7,0.6026,0.2803,0.1171,0
1750.1663,166.9823,95565.7717,82,0.9971,0.0029,0.0,1
271.8173,19.5089,46724.5692,8,0.8516,0.1484,0.0,0
35.3128,20.9103,26684.4004,9,0.7091,0.2909,0.0,0
497.2279,144.5278,101346.1201,85,0.993,0.007,0.0,1
295.191,34.4807,7649.6148,14,0.8951,0.1049,0.0,0
1856.559,122.0299,242194.5334,16,0.689,0.2469,0.0641,1
256.0985,17.8809,4963.3901,15,0.5558,0.1113,0.3328,0
64.2969,48.6952,7578.7532,5,0.5405,0.2565,0.203,0
151.8869,39.3196,40772.6057,18,0.6941,0.1864,0.1195,0
921.9282,220.7849,217384.5468,37,0.6872,0.0193,0.2935,1
1468.2818,146.4149,149800.2445,78,0.7083,0.2614,0.0303,1
1349.6092,284.8286,378266.86,24,0.7647,0.2353,0.0,1
148.5181,11.5166,14488.3706,11,0.6352,0.2097,0.155,0
1655.2982,340.0884,100555.3811,88,0.7466,0.0345,0.2189,1
615.7068,334.8955,243022.4256,60,0.6099,0.0603,0.3298,1
1223.1634,238.4061,269933.2967,89,0.6321,0.2104,0.1576,1
1640.0668,161.2631,449069.3442,79,0.7177,0.0745,0.2078,1
123.471,4.8192,45422.8466,8,0.847,0.1466,0.0063,0
131.8242,32.4666,31401.149,6,0.5593,0.3037,0.137,0
76.0817,15.9556,14355.804,12,0.6962,0.3038,0.0,0
24.1694,30.7895,12511.9459,18,0.6421,0.1807,0.1772,0
201.2326,37.1141,23948.1266,18,0.635,0.365,0.0,0
666.3375,126.1103,112375.5009,94,0.613,0.2936,0.0934,1
51.912,35.0481,13807.9362,18,0.668,0.1614,0.1706,0
91.2842,23.2925,14435.7886,11,0.6977,0.3023,0.0,0
1833.4131,340.4886,491552.1724,94,0.8789,0.0288,0.0923,1
24.2441,11.3946,2750.2528,11,0.5139,0.1141,0.372,0
238.5328,44.1019,8597.4293,11,0.753,0.1759,0.0711,0
224.5347,36.9007,26249.8688,15,0.6402,0.1565,0.2033,0
154.1375,6.3515,28595.7921,13,0.7053,0.2947,0.0,0
1096.6262,177.4236,278922.1973,55,0.6799,0.0248,0.2953,1
1774.614,210.2602,394034.1143,18,0.8523,0.1477,0.0,1
1642.8212,141.7062,473327.6542,57,0.7673,0.1452,0.0875,1
98.8153,17.8838,43838.9375,11,0.6803,0.0619,0.2578,0
138.1513,21.776,25619.8504,8,0.835,0.165,0.0,0
916.1003,420.5414,370474.0702,24,0.6514,0.1066,0.242,1
116.9003,17.6058,39596.6693,12,0.6132,0.3289,0.0578,0
191.8665,40.0176,11943.2012,6,0.7864,0.2068,0.0067,0
1454.928,278.1037,369704.5066,79,0.9405,0.0595,0.0,1
68.7315,9.7699,32214.9958,15,0.6842,0.1172,0.1986,0
54.5381,34.3024,15369.2064,4,0.7705,0.2295,0.0,0
65.9722,39.8011,31246.5689,17,0.5659,0.2287,0.2054,0
714.7827,163.9356,224386.1211,83,0.6899,0.259,0.0511,1
1882.6361,268.6724,498416.6537,33,0.8816,0.1184,0.0,1
208.9872,5.0595,45886.8537,5,0.8469,0.1256,0.0275,0
188.8075,40.1464,45391.3655,12,0.6469,0.3531,0.0,0
1163.8842,312.3872,393299.996,67,0.7459,0.2403,0.0138,1
1319.2555,80.2725,158968.3306,17,0.8182,0.1818,0.0,1
1040.718,436.4577,366225.7945,97,0.8472,0.1351,0.0178,1
671.2007,89.7408,127389.1732,20,0.6337,0.119,0.2473,1
944.1803,426.4227,394297.5164,42,0.8927,0.1073,0.0,1
144.9778,42.509,48946.3124,8,0.8012,0.1139,0.0849,0
503.4837,409.091,232654.4492,17,0.8842,0.1158,0.0,1
61.1431,29.0792,30173.5837,5,0.577,0.1098,0.3132,0
41.3868,34.3473,26159.6836,12,0.5745,0.0785,0.3471,0
299.6217,4.0173,26031.2011,10,0.5019,0.0853,0.4129,0
133.1213,32.4503,49365.1702,3,0.6552,0.2909,0.0539,0
219.7951,9.8113,44474.0462,3,0.8075,0.0935,0.099,0
165.0201,18.8029,31954.6545,13,0.6832,0.1568,0.16,0
1493.6236,220.2509,426004.3732,61,0.9002,0.0998,0.0,1
178.5077,10.6476,17337.1364,8,0.6853,0.0863,0.2284,0
197.4317,13.4722,32568.2539,16,0.7822,0.2178,0.0,0
108.6999,41.5416,42449.9849,2,0.7363,0.2637,0.0,0
1100.9236,240.3715,304767.9534,68,0.7936,0.2064,0.0,1
219.0018,2.4561,12638.09,17,0.5337,0.1798,0.2865,0
173.1839,16.2451,21013.6933,13,0.7024,0.175,0.1226,0
23.3588,27.1483,43362.2466,7,0.6233,0.1438,0.233,0
1205.5942,328.9996,260379.6325,34,0.6182,0.2415,0.1403,1
208.9679,37.4727,15561.4539,8,0.779,0.221,0.0,0
1648.5134,125.9086,314297.5904,68,0.7551,0.1459,0.099,1
1686.6034,228.4344,106637.2552,50,0.835,0.165,0.0,1
52.727,17.0005,43643.9083,16,0.8389,0.1611,0.0,0
210.4283,36.4512,26266.6544,4,0.633,0.2532,0.1137,0
85.7399,32.6458,7262.4883,11,0.5256,0.079,0.3954,0
60.2595,17.6587,32291.9985,19,0.7532,0.2468,0.0,0
111.651,20.3547,32729.7527,8,0.679,0.202,0.119,0
245.6273,34.0034,39437.0541,1,0.6214,0.0636,0.3151,0
115.996,49.9495,41416.4942,15,0.8661,0.1339,0.0,0
237.639,26.0999,16899.8712,9,0.6993,0.3007,0.0,0
269.0995,18.7183,10642.8577,12,0.7461,0.1985,0.0554,0
72.7181,37.7562,36800.3381,11,0.7852,0.2148,0.0,0
437.8054,489.5382,333291.0616,18,0.6602,0.0531,0.2867,1
57.6335,24.8638,36240.9305,19,0.5019,0.1602,0.3378,0
154.8769,33.1747,32645.6619,9,0.8645,0.1355,0.0,0
132.3607,49.907,6347.443,8,0.8846,0.1154,0.0,0
14.5184,42.7861,32041.7588,14,0.6889,0.1605,0.1506,0
289.7171,6.6394,26710.3963,10,0.5005,0.1493,0.3502,0
172.2032,44.9163,15415.5631,7,0.5108,0.1564,0.3328,0
1826.0088,252.6692,82965.913,87,0.7032,0.2295,0.0672,1
276.3481,14.7252,3920.7812,8,0.5888,0.3454,0.0659,0
35.1721,18.7514,31312.8931,13,0.8456,0.1544,0.0,0
14.8795,48.9425,20160.633,6,0.8258,0.081,0.0933,0
259.9262,37.8156,29213.4131,13,0.8288,0.148,0.0233,0
1978.7996,446.1934,427161.9919,65,0.8532,0.1468,0.0,1
1945.8609,230.5846,136657.0076,69,0.8701,0.1254,0.0045,1
126.4926,23.1122,7180.0396,18,0.6617,0.3383,0.0,0
1576.6267,133.5715,481527.978,19,0.7964,0.0203,0.1834,1
69.0965,29.2561,36427.728,9,0.632,0.337,0.031,0
263.8201,46.3458,6381.3158,3,0.8133,0.1664,0.0203,0
1572.993,485.576,228353.9088,65,0.8414,0.1586,0.0,1
1341.3824,331.7286,352708.3561,17,0.9752,0.0248,0.0,1
134.5328,22.0591,38523.5294,5,0.663,0.1722,0.1649,0
1006.0736,436.1999,234296.4933,59,0.971,0.029,0.0,1
803.8316,344.555,401410.818,87,0.8507,0.1493,0.0,1
1213.6201,251.7832,387604.677,24,0.777,0.223,0.0,1
1710.1541,380.3167,192334.2426,55,0.7768,0.0955,0.1277,1
287.5417,9.0947,11414.3622,16,0.6592,0.2156,0.1252,0
93.5778,40.4595,42547.3534,14,0.6088,0.0581,0.3331,0
116.1955,32.4256,32056.8064,14,0.6498,0.0799,0.2703,0
217.8468,48.8812,47664.0525,19,0.8557,0.0918,0.0526,0
105.4662,45.7329,25067.2177,17,0.7051,0.1473,0.1476,0
291.6292,10.7811,34318.3237,19,0.8799,0.1201,0.0,0
78.9723,9.8169,15086.4774,11,0.5163,0.1162,0.3675,0
98.0389,33.1186,49686.0558,13,0.5649,0.2716,0.1635,0
151.0439,15.7101,12908.864,8,0.831,0.132,0.037,0
86.7664,24.5645,22324.6197,4,0.8129,0.0567,0.1304,0
223.8942,8.6269,26547.2942,8,0.8134,0.1753,0.0114,0
21.7158,32.2838,7420.3878,18,0.8707,0.1293,0.0,0
470.5881,325.4141,160493.4203,23,0.6322,0.0115,0.3563,1
288.0495,41.11,35957.1652,6,0.5998,0.2993,0.1009,0
1796.4905,228.0859,441527.4591,56,0.8042,0.1958,0.0,1
92.9537,43.5565,18086.7861,15,0.815,0.1334,0.0517,0
247.7452,11.5698,49363.6142,17,0.6225,0.1744,0.2031,0
297.6146,37.5117,20924.7281,7,0.7933,0.2023,0.0043,0
1671.8334,190.3291,455847.0639,92,0.639,0.0832,0.2779,1
182.1195,30.9309,21949.9783,12,0.7944,0.2056,0.0,0
27.7275,28.4856,45594.8419,11,0.8477,0.0814,0.0709,0
297.9987,7.5374,40666.2105,7,0.8822,0.1178,0.0,0
34.2456,21.3257,43874.96,7,0.8789,0.1211,0.0,0
101.1049,4.7839,14766.804,10,0.5046,0.1674,0.328,0
1705.3291,484.6304,141860.9295,72,0.9784,0.0216,0.0,1
1122.1578,219.8498,209842.7118,26,0.6065,0.1312,0.2623,1
134.4318,8.7058,22182.923,11,0.8246,0.0801,0.0953,0
1268.5432,97.8516,323046.4708,71,0.8285,0.032,0.1395,1
112.0947,46.8923,35779.9085,15,0.6081,0.2674,0.1245,0
1118.099,159.6208,245994.7545,97,0.7468,0.1209,0.1323,1
146.6179,33.1205,44455.3036,18,0.8962,0.1038,0.0,0
55.9737,18.5528,45614.0053,5,0.8759,0.1241,0.0,0
192.9982,24.8299,43465.8375,4,0.6172,0.2356,0.1472,0
206.592,11.6083,36413.7879,12,0.5028,0.0679,0.4293,0
271.0265,45.1218,45131.7948,14,0.7154,0.2846,0.0,0
1730.4774,207.7054,263916.7353,46,0.9149,0.0851,0.0,1
1357.0941,473.2952,220395.6206,47,0.8857,0.1143,0.0,1
156.5958,33.8939,46880.9799,15,0.8057,0.1943,0.0,0
1250.4289,386.0979,272550.4977,33,0.881,0.119,0.0,1
299.8603,38.7446,14099.2829,4,0.5436,0.1785,0.2779,0
80.534,28.5465,33255.7189,6,0.5284,0.0643,0.4073,0
759.6897,429.9294,277317.8124,39,0.7437,0.0533,0.2031,1
282.4154,16.3979,19611.4361,8,0.5745,0.3264,0.0991,0
231.621,43.7908,27435.6234,13,0.848,0.152,0.0,0
162.5009,48.1115,34206.6656,17,0.8553,0.1447,0.0,0
1435.7978,477.0408,109806.9664,63,0.6485,0.1302,0.2213,1
271.0539,16.3187,35368.7174,7,0.7094,0.2307,0.0599,0
199.8253,20.4363,42191.8836,9,0.8004,0.107,0.0926,0
209.5564,8.7795,2037.2096,16,0.8308,0.1692,0.0,0
265.6027,24.1052,46102.4612,19,0.7838,0.1827,0.0336,0
109.1588,10.5589,31455.5386,6,0.7754,0.1698,0.0548,0
290.693,13.7279,35817.3408,9,0.85,0.0793,0.0707,0
67.3649,27.5918,46044.3403,10,0.5807,0.3832,0.0361,0
1395.2219,177.7891,336858.7389,49,0.8298,0.1602,0.01,1
243.6741,27.9541,19752.9045,11,0.6943,0.3057,0.0,0
84.6183,31.2778,24573.1311,1,0.5947,0.0605,0.3448,0
1793.5703,461.3783,266470.1004,80,0.8902,0.0233,0.0865,1
148.3882,9.803,2192.3067,12,0.6564,0.2064,0.1372,0
284.3471,42.8081,6369.7555,7,0.7426,0.2574,0.0,0
10.3576,34.1161,17742.8193,5,0.8847,0.1153,0.0,0
202.2306,10.6104,2756.6413,9,0.8096,0.1904,0.0,0
157.1763,45.1828,6537.3864,9,0.5849,0.1498,0.2653,0
222.3261,25.1805,18231.9729,17,0.6647,0.0819,0.2534,0
161.0486,37.3354,13916.0797,7,0.7253,0.1484,0.1263,0
129.357,26.6764,46495.6373,14,0.8998,0.0603,0.04,0
1268.3014,123.4129,424282.8647,49,0.9015,0.0985,0.0,1
436.7175,118.2217,95299.3739,26,0.9707,0.0293,0.0,1
86.4003,7.8063,25564.5446,14,0.6659,0.1166,0.2175,0
248.9346,21.6331,43422.9826,17,0.5021,0.144,0.3539,0
133.4219,46.8843,48077.9556,16,0.6879,0.1279,0.1842,0
693.1871,179.6602,228374.1715,99,0.8981,0.009,0.0929,1
1013.044,231.7158,342497.6283,60,0.9767,0.0233,0.0,1
1244.5906,455.5229,406937.7717,97,0.9031,0.0969,0.0,1
226.1046,9.5351,15833.8588,1,0.8464,0.1536,0.0,0
158.2684,17.8408,6086.0498,15,0.8114,0.1886,0.0,0
1674.8612,484.0196,241512.0758,50,0.656,0.2945,0.0495,1
176.0048,41.6235,18679.7397,7,0.8353,0.1647,0.0,0
288.74,2.7131,31109.0448,2,0.6603,0.186,0.1537,0
294.2079,44.2231,24927.164,5,0.8437,0.0813,0.0749,0
1665.5091,224.6696,412623.9325,72,0.7426,0.1541,0.1033,1
231.0468,17.7323,11463.9238,12,0.6563,0.3128,0.0309,0
41.6518,1.7087,36869.433,2,0.6026,0.326,0.0714,0
243.2619,12.872,30790.7066,13,0.8267,0.1607,0.0126,0
1878.7176,114.0587,369089.972,71,0.6833,0.0222,0.2945,1
140.0934,35.6287,32424.2462,4,0.5583,0.3639,0.0778,0
51.2339,14.4433,6760.1541,1,0.511,0.2022,0.2867,0
513.0076,464.0289,85552.6707,90,0.9667,0.0333,0.0,1
171.6168,30.7445,41345.4441,4,0.627,0.2858,0.0872,0
700.6479,82.6675,291490.6578,34,0.9447,0.0553,0.0,1
56.6748,2.0936,20852.6681,16,0.8176,0.1434,0.039,0
25.0662,8.2573,12007.2957,9,0.8616,0.1384,0.0,0
21.6736,26.8587,22584.7722,15,0.5371,0.3944,0.0685,0
253.677,12.0828,26876.4275,6,0.565,0.1004,0.3346,0
1196.0563,332.9559,287845.742,79,0.9338,0.0657,0.0004,1
106.3273,8.1768,20837.2695,5,0.6995,0.1919,0.1086,0
1379.1989,219.7143,481439.7132,31,0.8961,0.0176,0.0863,1
1517.2083,202.6146,317608.0578,41,0.694,0.2743,0.0317,1
1474.3292,121.3607,231353.2102,32,0.8066,0.1728,0.0206,1
253.3604,11.1285,9640.7252,5,0.6008,0.2934,0.1058,0
1069.6694,348.5782,411392.5794,28,0.6042,0.2047,0.1911,1
52.2587,36.455,18153.1426,13,0.6359,0.3641,0.0,0
1653.8984,465.3318,411127.1921,50,0.9232,0.0768,0.0,1
72.634,26.6079,23943.0193,7,0.8949,0.1051,0.0,0
215.9442,23.632,42532.5543,15,0.5725,0.113,0.3145,0
170.3738,26.8424,32402.8538,5,0.6984,0.2713,0.0303,0
181.2558,23.9821,2929.3305,1,0.8089,0.1911,0.0,0
170.7465,11.9618,46179.772,7,0.8494,0.1506,0.0,0
266.0147,15.1975,48587.5598,14,0.6662,0.1855,0.1483,0
101.7734,33.0468,49858.7214,14,0.5029,0.2665,0.2306,0
288.9842,34.2849,47378.109,13,0.8485,0.1214,0.0301,0
903.3019,388.0291,291585.6802,43,0.7582,0.0272,0.2146,1
241.5217,3.8052,18908.376,13,0.7282,0.2603,0.0115,0
401.6149,251.5342,377207.2022,58,0.7825,0.2059,0.0116,1
1452.7405,168.8948,376658.1487,45,0.9189,0.0811,0.0,1
296.3286,32.2752,42525.5482,11,0.5543,0.2958,0.1499,0
686.6083,451.9515,385766.4559,90,0.8115,0.0088,0.1797,1
92.2898,42.3349,11404.1762,9,0.8479,0.0567,0.0954,0
1212.9473,445.542,299196.6357,19,0.8193,0.1807,0.0,1
1209.8008,146.2064,489249.368,88,0.8753,0.0261,0.0986,1
1714.5867,180.3454,357838.1601,68,0.7941,0.0461,0.1598,1
953.517,400.783,313251.309,94,0.7737,0.2263,0.0,1
288.5538,37.5523,40756.2574,8,0.7986,0.1394,0.062,0
131.5973,38.8243,31645.2757,6,0.5957,0.3683,0.036,0
172.9827,11.9325,19119.8544,9,0.5868,0.3202,0.093,0
23.463,18.0611,33447.7022,7,0.6251,0.372,0.0029,0
180.249,3.8581,3346.4751,8,0.7552,0.1416,0.1031,0
1090.0857,313.4084,403554.8349,84,0.7505,0.1947,0.0549,1
169.1383,46.7282,20926.2295,17,0.6475,0.1023,0.2501,0
153.6969,42.3464,27447.9234,11,0.866,0.0892,0.0447,0
898.0773,290.9606,85999.4064,40,0.953,0.047,0.0,1
1150.8934,113.7944,446076.2066,82,0.9453,0.0289,0.0259,1
106.7549,28.6883,36740.3453,4,0.5455,0.1211,0.3334,0
535.8873,380.8582,386618.5596,50,0.9779,0.0221,0.0,1
240.7787,9.5496,43809.9774,4,0.827,0.173,0.0,0
218.0807,23.0269,14652.8072,6,0.6822,0.3178,0.0,0
267.5283,41.5661,30133.0981,17,0.8921,0.1079,0.0,0
1507.3105,381.7227,344019.0392,38,0.9656,0.0344,0.0,1
281.5708,32.6953,8291.8215,2,0.6195,0.0996,0.2809,0
1374.6397,188.1103,495534.116,85,0.8385,0.0789,0.0826,1
1067.2488,168.1838,499661.5242,62,0.9549,0.0451,0.0,1
176.9258,2.0719,39427.6571,9,0.7005,0.0679,0.2316,0
1064.5759,389.3086,322141.0757,81,0.62,0.1777,0.2023,1
1923.3627,288.181,432991.6546,65,0.8089,0.1247,0.0664,1
11.0804,6.8035,27544.5079,4,0.5172,0.3766,0.1062,0
121.346,25.5087,10031.2039,5,0.5098,0.1759,0.3144,0
73.8458,11.9998,4940.7897,9,0.8925,0.1075,0.0,0
284.8325,40.2796,9619.2021,1,0.798,0.1267,0.0753,0
74.0691,49.4928,23635.2031,16,0.7284,0.2716,0.0,0
26.7309,43.4161,32272.4313,6,0.5646,0.0711,0.3643,0
227.4215,20.4981,17036.243,5,0.5561,0.0545,0.3894,0
223.8794,37.2399,20144.1939,15,0.6004,0.3647,0.0349,0
74.3662,31.5662,6273.2888,4,0.5143,0.319,0.1667,0
210.0826,35.0179,23448.7315,17,0.6829,0.2054,0.1117,0
175.5119,6.9012,41512.3845,16,0.7393,0.0507,0.21,0
541.1579,111.5672,125851.3917,32,0.9976,0.0024,0.0,1
684.7111,417.7631,364809.3006,34,0.9281,0.0719,0.0,1
16.2998,29.0759,34934.5168,4,0.5899,0.2105,0.1995,0
52.0449,10.3665,13477.9588,17,0.6432,0.0694,0.2874,0
173.0756,13.2021,22017.9716,13,0.8923,0.1077,0.0,0
183.8338,48.7392,9412.8166,19,0.6868,0.1169,0.1964,0
496.402,266.493,475456.1793,23,0.6406,0.0096,0.3497,1
228.4017,40.9357,42968.8406,8,0.66,0.0918,0.2482,0
153.3512,27.1265,17709.081,4,0.6485,0.2465,0.105,0
1492.5281,461.6311,270036.3615,70,0.94,0.06,0.0,1
83.4812,42.9731,18900.5273,5,0.5513,0.3242,0.1245,0
114.62,44.8439,28485.0622,7,0.8918,0.1082,0.0,0
200.318,19.8253,38787.144,12,0.5498,0.3777,0.0725,0
293.4767,2.7202,13671.4578,4,0.5907,0.1272,0.2821,0
1148.5985,447.4574,231198.9228,82,0.6931,0.2046,0.1023,1
60.6202,18.7238,40651.6997,3,0.6008,0.2822,0.1171,0
1719.0314,180.576,418793.6099,73,0.9986,0.0014,0.0,1
1948.7458,405.9809,271919.1495,87,0.8735,0.0165,0.11,1
585.827,177.2139,343961.0853,20,0.6532,0.0939,0.2529,1
458.7351,185.1047,348196.9018,16,0.6402,0.1054,0.2545,1
1348.3318,363.1104,110983.5982,56,0.6555,0.0117,0.3329,1
218.7369,11.1015,7861.6307,5,0.7379,0.1864,0.0757,0
82.1751,10.5789,31107.7089,9,0.8239,0.1761,0.0,0
856.9687,205.8409,278258.0493,89,0.9772,0.0228,0.0,1
84.7192,13.5353,702.7703,13,0.7501,0.0764,0.1734,0
255.9999,9.1663,45058.6016,5,0.5597,0.263,0.1773,0
85.7799,4.717,35046.0773,11,0.5133,0.1677,0.319,0
939.5016,232.814,456615.2522,33,0.6765,0.2567,0.0668,1
50.0796,29.3371,31022.4502,4,0.6863,0.2546,0.0591,0
1257.0187,494.2282,164789.4856,28,0.8528,0.0858,0.0615,1
1186.912,494.538,265666.9846,17,0.8865,0.1135,0.0,1
238.9719,49.7735,6161.0522,9,0.6809,0.2182,0.1009,0
1327.8465,305.9919,382797.2388,59,0.9651,0.0349,0.0,1
246.5619,44.8547,12267.032,16,0.8907,0.0988,0.0105,0
269.4083,47.5366,10367.7537,10,0.6971,0.3029,0.0,0
41.4913,22.1659,31023.9187,6,0.6146,0.0949,0.2905,0
156.2236,8.6965,38795.3099,15,0.5272,0.2277,0.245,0
38.111,22.0719,30330.3505,6,0.6637,0.1782,0.1581,0
214.2929,22.5309,15510.5395,13,0.77,0.1456,0.0845,0
247.2937,41.2951,13996.7836,19,0.6217,0.2826,0.0957,0
238.5835,10.72,754.1829,4,0.8115,0.0589,0.1296,0
292.524,23.8827,19348.92,3,0.6873,0.3127,0.0,0
420.6027,362.7298,333743.5394,55,0.7914,0.2086,0.0,1
161.2313,29.8396,38125.2788,1,0.6503,0.2294,0.1203,0
245.3631,36.0396,48493.7958,19,0.6581,0.1512,0.1907,0
75.3015,6.4253,27258.0251,18,0.7017,0.2036,0.0947,0
43.5985,12.4966,46417.9234,1,0.7657,0.2026,0.0317,0
1916.7762,478.0651,427021.2446,39,0.8191,0.0198,0.1612,1
49.461,49.1226,13693.3242,17,0.6197,0.3109,0.0694,0
1373.9881,340.4927,345891.3025,20,0.6513,0.2315,0.1171,1
136.4796,9.8831,3695.1262,19,0.655,0.0696,0.2754,0
170.8687,3.0585,13220.4662,6,0.557,0.2956,0.1473,0
236.3685,19.0199,27331.6565,9,0.7131,0.2253,0.0616,0
970.6058,289.8519,95953.244,67,0.9308,0.0692,0.0,1
726.272,468.9554,331337.9122,86,0.9963,0.0037,0.0,1
299.0364,20.3984,41127.5867,14,0.5155,0.0611,0.4235,0
187.178,42.9999,32030.4156,19,0.6321,0.2486,0.1193,0
623.1135,455.3545,341285.0843,63,0.627,0.0999,0.2731,1
256.6511,25.452,25374.1741,10,0.7842,0.2158,0.0,0
888.1577,395.6398,174880.1546,90,0.7211,0.0597,0.2192,1
90.6415,30.7288,11144.4197,7,0.8921,0.1079,0.0,0
205.6333,18.8746,10992.3595,11,0.8849,0.1151,0.0,0
1361.3229,479.6949,160540.2083,71,0.7933,0.1657,0.0409,1
699.3448,359.7735,149710.4798,68,0.7814,0.03,0.1886,1
198.0686,1.2208,19897.6268,17,0.6461,0.2336,0.1203,0
204.6713,9.7134,20795.2259,13,0.8567,0.108,0.0354,0
13.9668,40.5574,47694.0295,11,0.5505,0.3426,0.1069,0
127.4483,36.3602,46508.1801,3,0.5312,0.056,0.4127,0
456.4555,297.9327,196363.2344,73,0.7018,0.1472,0.151,1
246.2451,25.3857,29684.1753,5,0.5491,0.1853,0.2656,0
74.6805,9.8675,5487.5551,10,0.8697,0.1303,0.0,0
166.5765,11.0021,48670.3075,19,0.748,0.2305,0.0215,0
180.7482,25.6247,37939.1131,14,0.8746,0.1254,0.0,0
1574.1472,259.6539,366643.6573,35,0.9595,0.0405,0.0,1
228.0656,25.2805,13132.5089,6,0.5046,0.1666,0.3288,0
44.5659,44.8158,45770.5095,16,0.7336,0.0592,0.2073,0
138.5216,48.2319,47334.2866,19,0.7979,0.2021,0.0,0
1634.9238,257.989,466074.6384,46,0.7903,0.1402,0.0695,1
16.5305,38.5069,12160.4724,3,0.5734,0.2737,0.1529,0
582.4767,90.9335,490694.9007,78,0.7508,0.1706,0.0786,1
181.9574,32.676,47091.4663,14,0.5484,0.062,0.3896,0
147.9127,45.8414,43311.8817,13,0.7902,0.2098,0.0,0
235.8378,34.373,13761.2351,10,0.5691,0.1295,0.3014,0
264.0392,13.4637,36649.878,19,0.8848,0.1152,0.0,0
273.841,1.022,3605.6873,8,0.6316,0.2418,0.1266,0
683.8525,317.5652,366140.2775,36,0.6896,0.064,0.2464,1
152.6256,36.1674,40862.3628,5,0.8427,0.1573,0.0,0
296.284,37.15,49636.3928,5,0.7683,0.2317,0.0,0
205.4284,32.3273,39716.1594,10,0.8164,0.1298,0.0539,0
129.5469,10.2209,7232.2794,19,0.6029,0.2276,0.1695,0
144.8988,36.781,14233.4804,13,0.56,0.2095,0.2305,0
76.9164,41.4443,35537.1452,17,0.5389,0.0528,0.4083,0
125.7666,37.0671,41532.1646,8,0.5892,0.0691,0.3417,0
67.9349,32.4977,48665.3267,16,0.6369,0.2494,0.1137,0
276.2033,13.3804,46631.3646,2,0.8355,0.1645,0.0,0
946.7044,414.7575,351138.4248,38,0.904,0.096,0.0,1
44.9397,5.1163,46088.5661,17,0.5,0.1064,0.3936,0
72.5155,45.0093,45163.9032,10,0.7119,0.1906,0.0975,0
165.2761,37.7844,49371.0828,9,0.687,0.308,0.005,0
1579.5747,390.9358,121416.8824,17,0.671,0.2146,0.1145,1
246.6562,6.2917,7887.2243,4,0.8116,0.1884,0.0,0
1838.5454,368.1302,448042.8069,76,0.9722,0.0278,0.0,1
57.3836,12.9897,20328.368,15,0.8511,0.1489,0.0,0
48.3098,38.3962,13713.8985,9,0.51,0.099,0.391,0
202.339,44.7367,36190.9825,18,0.7615,0.2385,0.0,0
97.5201,14.2935,2869.6001,16,0.8184,0.0921,0.0895,0
170.2748,26.0285,39039.397,2,0.5633,0.1541,0.2825,0
62.1671,48.3496,26841.2987,13,0.8887,0.1113,0.0,0
119.7122,8.9228,1308.8989,18,0.5728,0.388,0.0391,0
243.804,41.5829,23389.1263,11,0.6954,0.2054,0.0992,0
102.1143,26.4887,5964.2537,16,0.856,0.144,0.0,0
182.8523,32.2181,27318.9944,3,0.7693,0.2072,0.0235,0
1202.4757,106.6084,257985.1613,65,0.9993,0.0007,0.0,1
739.365,174.6887,191755.3559,88,0.9747,0.0253,0.0,1
102.9424,48.8082,45710.192,4,0.6977,0.16,0.1423,0
156.8357,8.9561,15226.3259,3,0.5645,0.1937,0.2418,0
1532.0329,432.4916,440399.3159,36,0.7266,0.1787,0.0947,1
19.8425,40.6907,25765.6274,2,0.5376,0.399,0.0634,0
28.4247,43.2321,5713.3522,11,0.5152,0.1333,0.3515,0
156.691,3.2339,47370.3437,1,0.537,0.1196,0.3434,0
264.8894,7.4306,38749.1498,17,0.8721,0.1279,0.0,0
125.1704,24.7281,17829.7801,7,0.7724,0.2276,0.0,0
81.1271,32.0621,47205.0804,11,0.7122,0.2878,0.0,0
165.8569,35.4305,25229.2393,9,0.8323,0.1677,0.0,0
221.762,42.3474,40101.2519,17,0.6575,0.3425,0.0,0
443.6234,239.9112,105408.0098,95,0.8737,0.1263,0.0,1
259.3565,48.682,5855.8415,17,0.7358,0.0908,0.1733,0
1822.2582,494.8581,276578.3202,65,0.7927,0.0755,0.1318,1
266.9077,12.7535,44557.457,13,0.5944,0.1621,0.2435,0
716.2917,341.701,202896.2659,94,0.886,0.114,0.0,1
16.7106,38.0859,24343.352,17,0.8403,0.1597,0.0,0
90.4782,23.0276,25666.1358,12,0.5206,0.3398,0.1396,0
285.1072,41.9026,20126.7051,14,0.7473,0.08,0.1727,0
298.2826,14.0065,39763.9026,18,0.7497,0.2503,0.0,0
57.0747,45.7128,38552.5632,2,0.5648,0.1761,0.2592,0
1280.0848,454.3757,289753.4948,21,0.9649,0.0351,0.0,1
111.9522,27.6348,47836.1618,11,0.5011,0.3525,0.1464,0
151.2635,5.9706,26384.728,13,0.774,0.226,0.0,0
1267.8329,384.064,452760.2557,15,0.7731,0.2269,0.0,1
48.4109,36.3059,1878.418,8,0.6109,0.0837,0.3054,0
10.3096,9.2295,44543.0133,17,0.5073,0.358,0.1348,0
1669.2425,323.0964,266065.2411,97,0.8996,0.1004,0.0,1
30.6783,47.7197,30245.3596,9,0.8298,0.1166,0.0536,0
1731.617,95.0813,96764.7897,18,0.7086,0.0224,0.269,1
185.797,31.908,16415.4922,17,0.5376,0.2743,0.1881,0
219.8251,21.7863,16945.7063,16,0.5088,0.1224,0.3688,0
73.6102,26.1071,12288.601,6,0.8707,0.1293,0.0,0
139.453,8.4887,3444.6117,17,0.5354,0.366,0.0986,0
226.7082,13.382,10775.947,13,0.5209,0.0839,0.3952,0
101.2595,21.1633,29504.5914,5,0.7166,0.2834,0.0,0
152.8142,6.8867,49202.2061,13,0.858,0.0579,0.0842,0
200.1223,31.1206,31658.6012,15,0.5387,0.2485,0.2128,0
131.0867,15.4212,48902.3831,1,0.5672,0.31,0.1228,0
191.5862,19.0707,18689.4712,10,0.6298,0.1736,0.1966,0
158.4285,22.7934,36401.6224,11,0.7756,0.2244,0.0,0
79.7895,39.0436,33275.4025,6,0.5274,0.3105,0.1621,0
1636.4782,175.7278,173696.0247,70,0.6991,0.2849,0.016,1
95.4503,37.235,7086.124,18,0.6851,0.1877,0.1272,0
1767.7526,452.3789,472886.9657,91,0.6277,0.1675,0.2048,1
290.3778,40.5974,16314.0941,7,0.8532,0.1468,0.0,0
186.5543,40.1098,7557.881,13,0.5474,0.2912,0.1614,0
219.6906,34.4556,10718.4735,12,0.8901,0.1099,0.0,0
147.4409,3.9753,47029.0389,11,0.7406,0.2403,0.0191,0
924.2318,404.6974,344561.1487,85,0.7168,0.201,0.0822,1
201.451,16.334,38214.54,6,0.7508,0.1513,0.0979,0
993.0295,428.3845,239207.6057,24,0.7813,0.2187,0.0,1
160.5585,27.9194,4486.2621,6,0.6098,0.1094,0.2808,0
882.9934,157.9519,268001.2321,48,0.6636,0.2375,0.099,1
53.483,17.4289,11934.8528,19,0.8571,0.1429,0.0,0
1851.0862,189.917,431503.3396,38,0.894,0.0341,0.0719,1
1974.1509,84.9547,426652.5256,84,0.7891,0.1947,0.0162,1
1071.2386,292.9375,363175.8569,20,0.7622,0.2378,0.0,1
91.1495,17.8181,46843.9566,17,0.7391,0.1768,0.0841,0
194.9979,41.0847,6523.1491,8,0.6337,0.2527,0.1137,0
54.0904,23.2865,44338.7244,8,0.619,0.3602,0.0208,0
149.2232,7.9606,30540.6741,2,0.8837,0.1163,0.0,0
54.5232,37.652,30493.5594,12,0.5735,0.1493,0.2772,0
919.2736,276.6261,194024.7858,20,0.8145,0.1855,0.0,1
273.646,15.2215,40243.8335,6,0.6454,0.0838,0.2709,0
242.5225,36.2451,48042.1518,16,0.7552,0.1857,0.059,0
110.4829,20.2043,39171.0675,15,0.5198,0.2682,0.212,0
27.3424,36.6022,22460.731,19,0.7705,0.2295,0.0,0
89.2086,8.1905,27344.1676,2,0.6649,0.3351,0.0,0
162.3622,38.9716,22135.5422,6,0.8631,0.1369,0.0,0
288.6715,42.9112,32077.813,1,0.6329,0.0681,0.299,0
727.8104,217.2747,443543.4883,51,0.6287,0.0429,0.3284,1
246.0355,43.7269,36567.2697,17,0.7155,0.2588,0.0257,0
138.9499,30.9318,39151.4378,2,0.6298,0.2137,0.1565,0
918.0591,489.2769,419540.3428,30,0.9938,0.0062,0.0,1
151.9556,36.1869,7252.7331,3,0.8564,0.1436,0.0,0
167.7884,23.2936,39729.6392,16,0.8565,0.1435,0.0,0
764.7999,276.1214,187768.644,65,0.705,0.2917,0.0033,1
43.6107,11.2863,21350.9866,10,0.8475,0.1525,0.0,0
182.5484,48.6769,16775.5992,5,0.5556,0.1915,0.2529,0
197.1039,22.1795,22971.6759,4,0.8,0.1148,0.0852,0
1951.7623,90.5149,289964.255,98,0.8751,0.1249,0.0,1
196.3325,13.5404,31925.9738,4,0.5215,0.1645,0.314,0
1016.7676,385.575,417609.4998,26,0.8932,0.1068,0.0,1
463.6426,387.308,84201.4445,37,0.6046,0.117,0.2784,1
64.4067,2.1891,15512.8407,18,0.6691,0.1347,0.1961,0
1659.7459,474.5842,207637.3286,48,0.8977,0.1023,0.0,1
142.1521,28.9954,18782.4337,5,0.6337,0.2494,0.1169,0
287.3386,43.9232,20826.6912,9,0.671,0.3147,0.0144,0
1957.7831,475.7342,418220.811,48,0.6257,0.2355,0.1388,1
23.7673,18.802,41749.7235,15,0.7369,0.0537,0.2094,0
188.9673,8.4104,28633.8636,11,0.8556,0.1444,0.0,0
195.232,42.2412,28139.5705,16,0.7542,0.2458,0.0,0
61.558,27.3258,49683.7829,1,0.5039,0.1425,0.3535,0
142.9893,24.6855,19303.247,16,0.6103,0.3848,0.0049,0
1435.4694,293.6914,439249.5122,19,0.8462,0.0157,0.1381,1
11.3395,40.1274,17784.8869,10,0.6999,0.1802,0.1199,0
103.2062,2.0875,16602.9572,16,0.7344,0.1334,0.1322,0
596.6463,92.9093,402190.0326,54,0.776,0.0612,0.1628,1
219.952,11.5477,5752.0708,18,0.6175,0.1289,0.2536,0
299.15,42.5938,3651.5041,6,0.8184,0.0722,0.1094,0
598.0611,353.6945,409631.5192,87,0.9508,0.0492,0.0,1
45.927,40.3594,2699.8798,5,0.7429,0.2284,0.0287,0
80.3755,6.7898,13192.008,14,0.5126,0.2066,0.2809,0
63.4432,37.3437,12431.2056,4,0.6621,0.1052,0.2327,0
117.9027,28.6681,31152.7383,15,0.7358,0.2642,0.0,0
160.4898,25.2756,16438.5291,6,0.8909,0.1091,0.0,0
237.0231,5.3287,42534.8531,12,0.7556,0.2444,0.0,0
759.5369,141.6826,184772.663,66,0.7016,0.1605,0.1379,1
144.8541,49.9389,29200.2383,8,0.7712,0.1637,0.0651,0
83.2109,42.2523,40280.1262,14,0.5182,0.0532,0.4286,0
109.2714,21.1683,34709.998,12,0.8697,0.1303,0.0,0
78.9209,39.5481,3499.4151,18,0.8075,0.1925,0.0,0
1023.1285,418.3523,190321.1155,45,0.642,0.2492,0.1088,1
262.1149,6.0271,25828.323,16,0.854,0.0589,0.0871,0
730.2291,426.3566,441947.3189,39,0.7778,0.0624,0.1599,1
61.2862,49.4633,28507.0312,4,0.5587,0.2102,0.2311,0
1229.7172,421.9431,367305.8463,70,0.8725,0.0031,0.1244,1
1981.9247,257.7488,422053.0416,61,0.8068,0.0628,0.1305,1
34.7143,24.8445,34354.3909,6,0.7124,0.2334,0.0542,0
1761.6087,324.24,181836.6027,40,0.8629,0.1371,0.0,1
272.5059,11.6851,1244.5066,14,0.6846,0.3013,0.0141,0
551.3766,197.5533,481641.3555,29,0.8897,0.0963,0.014,1
540.8523,490.2195,193534.4206,44,0.8481,0.0653,0.0865,1
299.7854,30.3647,19821.8691,7,0.5045,0.1453,0.3502,0
199.6897,34.5234,47818.8529,3,0.6883,0.1925,0.1192,0
227.8805,26.6961,28337.7505,19,0.7809,0.2191,0.0,0
14.0962,46.0393,38149.2749,16,0.6354,0.0982,0.2664,0
299.1037,24.8195,30009.2791,7,0.5274,0.3034,0.1691,0
1694.7285,205.9887,314182.5181,16,0.8655,0.0148,0.1197,1
52.8413,22.1944,46133.1407,6,0.7858,0.2142,0.0,0
240.7689,25.0573,7422.7725,5,0.7851,0.2149,0.0,0
37.8954,23.3428,33571.0944,18,0.7603,0.1838,0.0559,0
142.4562,44.0845,38487.0476,8,0.6286,0.0576,0.3138,0
1270.5992,369.793,287833.4032,85,0.6554,0.1916,0.153,1
254.178,25.5353,10314.4562,13,0.7248,0.2752,0.0,0
1936.7815,187.4638,215829.519,20,0.6567,0.153,0.1903,1
427.57,388.8682,149559.8931,69,0.6593,0.1739,0.1668,1
215.5939,37.7248,10109.8508,11,0.7234,0.0578,0.2188,0
27.5783,3.2673,39504.4285,8,0.7118,0.0578,0.2304,0
901.4589,330.0164,265567.8329,20,0.9974,0.0026,0.0,1
172.3196,12.893,5242.9671,12,0.6941,0.3059,0.0,0
1979.6764,414.8636,141250.032,47,0.6797,0.151,0.1694,1
137.067,43.3345,19907.2844,10,0.6055,0.2139,0.1806,0
258.3989,21.1037,1469.3467,16,0.5205,0.3405,0.139,0
168.7251,28.3187,17011.4416,8,0.8687,0.1313,0.0,0
136.1164,48.6936,3518.5352,1,0.6079,0.2855,0.1067,0
215.3835,11.2501,42932.1437,16,0.6016,0.3821,0.0163,0
92.0794,40.8246,44051.6091,13,0.6068,0.0891,0.3041,0
26.0155,49.7276,32644.2757,15,0.8123,0.1877,0.0,0
172.6499,28.075,3506.7002,13,0.72,0.28,0.0,0
1289.8645,251.5722,268339.4275,21,0.7168,0.1199,0.1633,1
132.8989,48.7665,5253.2027,19,0.7659,0.2341,0.0,0
1880.9099,252.2989,173081.4671,54,0.6963,0.2134,0.0903,1
1596.2306,367.2201,176370.8422,27,0.9744,0.0256,0.0,1
129.9793,23.2788,40505.8119,5,0.6832,0.1893,0.1274,0
127.9135,34.76,20332.4644,1,0.62,0.0574,0.3225,0
65.8513,4.5889,46335.137,14,0.7778,0.2086,0.0137,0
1047.8605,335.1621,115205.2114,89,0.7669,0.0315,0.2016,1
221.9055,47.3943,41541.4882,8,0.8585,0.1415,0.0,0
137.6145,26.3696,24888.8278,12,0.7899,0.2101,0.0,0
298.3408,8.1463,49256.5467,13,0.7908,0.2092,0.0,0
229.8454,14.7268,15512.0592,1,0.5728,0.3696,0.0576,0
44.2566,3.7037,39375.2346,12,0.5066,0.1502,0.3432,0
201.4341,1.8061,30216.9727,2,0.8634,0.1366,0.0,0
1892.9167,431.8493,223348.0165,72,0.8654,0.1346,0.0,1
168.0601,45.6597,23608.935,9,0.8103,0.0515,0.1383,0
262.3277,12.9288,41775.1182,17,0.8212,0.123,0.0558,0
233.9824,33.1774,46685.8691,3,0.6896,0.0667,0.2437,0
73.0262,48.4209,9721.5615,19,0.5062,0.3287,0.1651,0
1032.6564,242.8745,143372.3403,66,0.6439,0.1712,0.1849,1
155.6606,9.9218,41035.8677,16,0.7506,0.0766,0.1728,0
1019.121,441.7651,130524.1031,90,0.793,0.207,0.0,1
13.5678,28.415,8272.6538,9,0.6915,0.2331,0.0754,0
124.4506,15.4421,16329.9966,14,0.6859,0.2202,0.0939,0
188.716,44.3003,25526.3403,12,0.7141,0.2859,0.0,0
72.6182,34.3857,40539.931,5,0.8762,0.1238,0.0,0
88.3989,22.1009,48534.2733,16,0.8907,0.0759,0.0333,0
80.6636,19.3864,2531.159,8,0.5764,0.2116,0.212,0
140.0529,38.096,28558.8751,14,0.7127,0.2873,0.0,0
212.9775,21.8456,1353.2053,12,0.6711,0.3289,0.0,0
608.9368,266.3318,170177.0023,56,0.9393,0.0607,0.0,1
1203.68,351.8532,435281.6035,64,0.7439,0.1316,0.1245,1
248.7069,3.8095,20039.3017,8,0.751,0.249,0.0,0
86.1364,15.0173,9878.7642,11,0.779,0.0685,0.1525,0
46.9047,47.9989,24312.7163,18,0.5617,0.1154,0.3229,0
104.8754,10.3313,8649.199,4,0.7429,0.2357,0.0213,0
124.9665,19.7743,2046.9488,7,0.7273,0.1135,0.1591,0
148.7374,2.6447,28032.3256,4,0.723,0.277,0.0,0
74.941,23.0909,22557.9868,5,0.8594,0.1406,0.0,0
160.8667,2.4191,25418.4858,8,0.6552,0.1932,0.1516,0
182.3454,30.7742,31021.5658,15,0.5728,0.1674,0.2598,0
1418.8385,128.5954,275702.2177,95,0.7263,0.2562,0.0175,1
50.5411,33.1305,1683.3588,13,0.6282,0.3709,0.0009,0
86.0644,12.92,46460.3042,6,0.8454,0.1546,0.0,0
45.9185,7.6966,15855.7554,17,0.6105,0.0691,0.3204,0
222.0977,1.6374,24925.774,16,0.5568,0.3758,0.0673,0
253.5635,23.3887,9655.8941,19,0.8781,0.1219,0.0,0
215.3735,26.013,27643.0421,17,0.8712,0.1288,0.0,0
1715.989,327.0744,343676.7655,91,0.7372,0.0695,0.1933,1
58.4221,27.9819,14649.9355,12,0.8394,0.1022,0.0583,0
186.4506,16.4611,40271.5895,8,0.7573,0.2427,0.0,0
271.8978,3.479,30774.7517,18,0.8459,0.1244,0.0297,0
278.4491,42.0616,45638.4206,19,0.5592,0.0819,0.3589,0
803.6743,403.0235,389679.5607,82,0.7896,0.1612,0.0492,1
242.789,35.5667,17526.0264,2,0.7947,0.2053,0.0,0
253.0141,17.4126,36760.3065,10,0.851,0.149,0.0,0
257.756,26.8288,44882.4748,2,0.8776,0.1224,0.0,0
58.702,47.7689,40327.8057,18,0.8512,0.1488,0.0,0
1082.1732,126.4388,302517.4626,41,0.8229,0.0416,0.1356,1
117.1232,34.9386,11624.1775,10,0.6783,0.3119,0.0097,0
18.4099,47.4934,10417.8004,9,0.557,0.1383,0.3047,0
85.0674,4.7498,13226.5444,11,0.6094,0.3272,0.0634,0
796.9971,481.5466,438687.2734,60,0.6648,0.186,0.1492,1
200.6268,23.1798,21750.1494,16,0.5438,0.1548,0.3014,0
1204.4189,194.4129,364384.6826,57,0.9546,0.0454,0.0,1
140.7754,14.3074,41462.0761,5,0.7744,0.1586,0.067,0
72.0172,44.6474,47178.1356,18,0.8952,0.1048,0.0,0
241.4009,31.1812,32758.7839,5,0.7759,0.1959,0.0282,0
1122.1129,267.6306,491608.5873,30,0.8001,0.0438,0.1561,1
144.7591,19.7047,38319.865,17,0.8587,0.1413,0.0,0
97.5178,49.8302,48239.7294,4,0.5699,0.1086,0.3215,0
103.5655,26.9282,41961.4849,11,0.7952,0.2048,0.0,0
1793.0643,480.4456,87492.7996,96,0.8812,0.0662,0.0525,1
26.7043,43.8965,40896.1659,4,0.585,0.2907,0.1243,0
1419.2411,194.4928,444029.0525,94,0.682,0.2683,0.0498,1
74.1232,47.7255,19719.6986,15,0.7076,0.2924,0.0,0
54.7889,18.6009,29525.9088,12,0.7561,0.2371,0.0068,0
279.2726,36.137,37739.8921,17,0.785,0.1341,0.0809,0
89.759,21.7767,33792.3507,14,0.7914,0.2086,0.0,0
51.2925,38.5828,41578.4742,14,0.7067,0.1094,0.1838,0
102.9973,44.5197,13363.4521,9,0.7054,0.2635,0.0311,0
1849.3438,286.2846,486934.8315,74,0.6031,0.0788,0.3181,1
229.5115,44.6906,31949.3391,16,0.7673,0.2327,0.0,0
1287.7738,447.4021,262761.6925,70,0.998,0.002,0.0,1
298.4335,25.2839,32786.0962,16,0.7717,0.2283,0.0,0
210.4211,44.3941,1638.9459,14,0.7975,0.1855,0.017,0
147.0412,1.0006,29529.2634,12,0.7778,0.2222,0.0,0
1192.7899,287.3871,365296.7156,86,0.7119,0.2732,0.0149,1
184.9877,46.5478,34716.6392,17,0.52,0.1888,0.2912,0
220.4575,17.4229,9879.4301,8,0.5588,0.3894,0.0518,0
1135.7659,436.1249,464583.2188,64,0.8334,0.0998,0.0668,1
210.0309,23.7098,39724.7311,10,0.7491,0.1273,0.1236,0
1245.231,201.9692,229976.8205,44,0.8217,0.0597,0.1186,1
91.0513,38.6,36213.4284,14,0.5138,0.253,0.2332,0
224.5634,37.0871,46643.6154,17,0.7795,0.2205,0.0,0
111.0,1.5398,7144.0688,15,0.5957,0.2548,0.1495,0
1404.7118,124.7392,123658.6372,33,0.9466,0.0534,0.0,1
235.6639,26.8032,4328.5903,13,0.868,0.132,0.0,0
72.7559,8.8869,9240.9581,11,0.6599,0.3401,0.0,0
134.0057,37.3973,4766.7882,2,0.6415,0.2097,0.1488,0
172.0155,5.4864,14132.9555,14,0.6805,0.3195,0.0,0
491.6467,269.209,107140.2496,95,0.6356,0.1821,0.1823,1
657.5249,275.0704,473727.6698,90,0.913,0.087,0.0,1
19.4518,9.4988,16082.3135,16,0.5179,0.2004,0.2817,0
60.423,22.0297,42455.9649,9,0.7353,0.1102,0.1545,0
1605.8398,436.349,377111.4663,84,0.8748,0.1252,0.0,1
80.9156,31.5157,22218.8059,18,0.8103,0.1495,0.0402,0
169.2036,31.961,5941.8579,10,0.6424,0.1649,0.1927,0
1119.9825,224.5202,95031.1991,39,0.6042,0.1452,0.2506,1
276.3898,16.9911,47447.5537,5,0.7277,0.1621,0.1103,0
64.6134,30.9974,12848.714,12,0.5095,0.1108,0.3798,0
162.3321,44.0423,44420.6412,4,0.8199,0.1186,0.0615,0
280.5642,46.589,7504.9178,16,0.5589,0.141,0.3,0
126.8234,10.684,17298.0501,7,0.5914,0.3871,0.0214,0
102.1736,31.7601,18596.885,4,0.6327,0.1107,0.2566,0
130.8331,30.291,36355.1515,19,0.6831,0.0889,0.228,0
1688.0226,332.0531,83177.9871,79,0.8979,0.1021,0.0,1
1460.7247,460.9718,357734.9147,98,0.6154,0.0867,0.2979,1
144.154,35.8081,4847.956,1,0.5459,0.1388,0.3153,0
266.2241,48.8296,49141.8033,17,0.8914,0.1086,0.0,0
254.312,38.095,49851.3381,15,0.7119,0.1119,0.1762,0
264.4613,48.3423,12585.7906,1,0.5765,0.2438,0.1797,0
299.1376,20.367,30809.9127,11,0.7364,0.0751,0.1885,0
1873.7904,484.8673,108293.8489,36,0.7643,0.0377,0.198,1
1785.7148,167.584,244220.8585,95,0.9854,0.0146,0.0,1
1495.8686,187.9222,460220.4059,86,0.8355,0.1645,0.0,1
589.469,297.175,350274.5082,48,0.8452,0.0559,0.099,1
87.1023,8.9349,26810.1182,8,0.7469,0.218,0.0351,0
53.6735,10.4697,42855.5004,15,0.7428,0.2094,0.0478,0
111.5864,33.8328,8908.0633,3,0.849,0.0907,0.0603,0
179.3784,4.7899,49320.9823,15,0.6314,0.1435,0.2251,0
913.5423,386.5556,187856.4633,81,0.8661,0.1339,0.0,1
263.4277,39.3021,47927.3617,3,0.6603,0.1141,0.2256,0
1023.491,438.2281,405586.4887,51,0.7527,0.2063,0.041,1
102.4806,10.062,24751.1884,2,0.6759,0.1574,0.1667,0
230.3904,16.2527,42561.4615,19,0.5279,0.3398,0.1323,0
81.856,31.3156,42678.4357,3,0.8498,0.1502,0.0,0
547.3272,131.1989,137472.9037,91,0.92,0.08,0.0,1
122.3189,48.3186,25447.9289,4,0.637,0.119,0.244,0
31.2024,15.1848,18078.457,5,0.8406,0.1594,0.0,0
134.1685,17.4831,14095.9601,18,0.8646,0.1074,0.0279,0
201.6518,12.2377,35421.4006,11,0.6043,0.1937,0.202,0
87.1254,15.7249,26488.8608,4,0.8639,0.1361,0.0,0
128.6202,13.6473,48876.2689,13,0.5414,0.1724,0.2862,0
11.0098,5.7285,18852.6317,14,0.7552,0.2448,0.0,0
20.5648,29.1394,676.6518,10,0.7574,0.2426,0.0,0
104.8066,31.797,41524.5299,7,0.6648,0.128,0.2072,0
237.249,23.667,24086.1915,16,0.8149,0.0545,0.1306,0
501.8197,372.8164,195066.2834,52,0.7224,0.1972,0.0804,1
225.1479,37.2394,47364.0403,16,0.6186,0.2295,0.1518,0
106.2257,43.6814,9385.9628,6,0.5944,0.0944,0.3112,0
22.2804,2.76,22491.5492,9,0.6742,0.0835,0.2423,0
214.3911,34.7384,15748.7575,17,0.6421,0.0736,0.2843,0
74.8854,47.4682,33762.6205,5,0.8348,0.1652,0.0,0
45.3843,46.4298,2449.5714,8,0.8543,0.1457,0.0,0
29.5182,35.8445,26637.0125,13,0.5582,0.2521,0.1897,0
119.7919,19.7568,6753.4007,16,0.5765,0.1442,0.2793,0
211.8207,21.9481,29061.9124,18,0.7446,0.2096,0.0458,0
139.9801,9.8456,17721.0434,1,0.8862,0.1138,0.0,0
73.3393,47.0452,26584.2917,7,0.5195,0.1121,0.3684,0
151.6894,30.4515,2263.1785,18,0.5014,0.1454,0.3531,0
295.58,35.5338,41586.3956,3,0.6374,0.3626,0.0,0
103.8044,6.3085,24978.845,17,0.63,0.2769,0.0931,0
233.0199,21.281,21809.4542,18,0.7558,0.1632,0.081,0
293.1108,25.4189,29023.1216,4,0.6814,0.3186,0.0,0
119.9253,20.2056,13743.0444,12,0.7204,0.2796,0.0,0
143.7816,23.5383,39102.8183,17,0.6376,0.3482,0.0143,0
106.4004,38.6012,18875.2907,3,0.5958,0.3157,0.0885,0
437.9606,364.1322,304154.7673,47,0.8617,0.1223,0.016,1
187.158,47.5889,7346.2456,15,0.7852,0.2148,0.0,0
240.8483,25.1882,47481.4031,1,0.5062,0.0889,0.4049,0
245.9667,30.4864,12161.8304,9,0.8281,0.1719,0.0,0
518.4324,261.1381,200965.3083,37,0.9366,0.0118,0.0516,1
280.4169,5.6676,14744.7427,4,0.5885,0.1239,0.2876,0
1006.1983,487.92,210109.8323,37,0.7429,0.0764,0.1807,1
1975.2884,368.9819,254923.0422,51,0.8068,0.1665,0.0267,1
208.4487,30.4304,48939.2019,16,0.6146,0.378,0.0074,0
277.8972,37.3264,34420.6445,7,0.5908,0.2457,0.1635,0
1590.294,379.4216,328901.9859,17,0.8242,0.1379,0.0379,1
226.4194,34.0174,26333.1556,8,0.7793,0.2207,0.0,0
78.4392,34.3367,16279.2362,17,0.5902,0.3716,0.0382,0
98.8793,8.141,32496.1245,6,0.704,0.243,0.0529,0
456.7941,151.5213,151883.8858,34,0.6327,0.2735,0.0938,1
207.3983,15.1409,24226.9023,14,0.5919,0.2254,0.1827,0
881.1471,165.0297,119156.2733,28,0.9931,0.0069,0.0,1
605.7768,109.3119,346122.3569,64,0.601,0.163,0.236,1
1083.8665,396.571,451464.0956,39,0.8794,0.1206,0.0,1
288.9676,45.4191,5906.3728,19,0.6608,0.2773,0.0619,0
159.1526,11.1797,40943.8414,12,0.8977,0.1023,0.0,0
151.1486,7.4018,36076.456,4,0.7998,0.2002,0.0,0
232.5772,13.2602,21747.1515,2,0.8013,0.1987,0.0,0
66.5032,38.932,39974.2263,18,0.6807,0.1985,0.1207,0
442.6862,271.6187,146954.0322,68,0.8722,0.0904,0.0373,1
58.7015,37.848,46467.1283,16,0.527,0.1939,0.2791,0
38.0583,32.9589,31609.4597,16,0.7744,0.2256,0.0,0
250.1325,35.3402,37801.0935,13,0.8982,0.1018,0.0,0
103.0129,46.3671,23279.0235,3,0.7986,0.2014,0.0,0
1737.9088,480.8838,474948.9255,33,0.6707,0.0038,0.3255,1
243.8071,45.6877,36773.205,9,0.8759,0.1241,0.0,0
898.2614,410.2565,394580.9578,53,0.9364,0.0636,0.0,1
27.5344,24.2184,4063.2968,13,0.6527,0.3473,0.0,0
196.5186,29.9963,41031.5338,19,0.7421,0.2579,0.0,0
1499.253,176.9243,351151.596,72,0.8538,0.1074,0.0388,1
739.9483,387.3405,353191.6905,44,0.9935,0.0017,0.0048,1
285.4569,32.0868,41311.7446,15,0.6907,0.3093,0.0,0
267.1018,42.0357,31973.5182,12,0.67,0.2456,0.0844,0
1948.5855,343.3232,127592.1646,64,0.7147,0.1609,0.1244,1
23.5027,21.95,38963.4223,16,0.8339,0.1661,0.0,0
97.5589,9.7059,44398.6375,18,0.6727,0.2744,0.0529,0
146.29,21.4624,16786.2924,17,0.84,0.16,0.0,0
1913.1872,156.4564,117271.4785,31,0.7944,0.1827,0.0228,1
42.3412,14.6401,49697.4998,1,0.606,0.2842,0.1098,0
183.0828,1.1823,41259.5769,10,0.6238,0.0796,0.2966,0
16.5697,24.1415,1816.6531,8,0.7796,0.2204,0.0,0
156.7168,36.3532,43983.2119,19,0.7054,0.0535,0.2411,0
44.517,6.7972,3866.1944,4,0.752,0.248,0.0,0
101.888,6.1828,30049.6091,13,0.8333,0.1667,0.0,0
231.7958,13.6179,12582.4177,14,0.5341,0.0857,0.3802,0
40.8504,38.1255,20694.8011,3,0.6229,0.3543,0.0227,0
164.11,10.9607,42512.2369,3,0.564,0.1824,0.2535,0
148.9746,41.1677,6337.1705,13,0.8024,0.0564,0.1411,0
1767.032,429.3901,131983.0568,45,0.7731,0.0921,0.1348,1
412.9646,493.6708,80988.1311,61,0.9114,0.0886,0.0,1
43.2137,28.0201,40871.7557,1,0.5643,0.1137,0.322,0
1472.0576,270.909,159823.0081,18,0.9673,0.0327,0.0,1
118.1524,4.7299,4171.9843,6,0.848,0.0685,0.0835,0
79.5089,37.2301,19985.7108,19,0.7601,0.1956,0.0443,0
100.1147,11.8537,26576.8119,15,0.5592,0.2678,0.173,0
438.7783,335.0046,299988.185,78,0.9007,0.0993,0.0,1
88.3991,30.7517,48988.936,9,0.6526,0.1141,0.2332,0
106.409,15.3393,16415.603,19,0.6694,0.2433,0.0872,0
43.6688,6.6078,20280.5446,15,0.8396,0.1604,0.0,0
595.8234,158.9858,198913.983,62,0.6745,0.077,0.2485,1
101.9703,35.0211,1124.5697,3,0.8467,0.0984,0.0549,0
40.5247,18.8532,3790.3803,8,0.584,0.2677,0.1482,0
1289.5281,191.5445,227689.3828,18,0.9565,0.0435,0.0,1
211.8519,30.3207,39746.1669,11,0.7609,0.1818,0.0573,0
1191.8925,183.7116,347894.5505,59,0.8778,0.1222,0.0,1
220.9915,30.7013,29961.8725,4,0.7337,0.1982,0.0681,0
47.9582,1.218,20612.1494,7,0.8122,0.1739,0.0139,0
143.7188,32.6539,39234.1452,3,0.57,0.3484,0.0817,0
1942.303,164.2084,113351.4289,59,0.7611,0.2389,0.0,1
92.7141,46.2272,49803.0786,8,0.8949,0.1051,0.0,0
117.627,11.2166,14535.8157,8,0.7671,0.2007,0.0322,0
233.8363,3.1525,49238.3971,16,0.5281,0.0758,0.3961,0
163.5913,45.4085,14837.6131,6,0.7238,0.244,0.0322,0
236.8623,16.6603,6519.6012,1,0.8585,0.1415,0.0,0
50.0379,32.5844,35117.4651,3,0.5869,0.1792,0.2339,0
824.6797,468.7691,254914.534,24,0.7554,0.0658,0.1788,1
174.7259,10.4766,25208.6343,18,0.8229,0.1771,0.0,0
206.4133,49.6212,28620.6862,7,0.5451,0.1536,0.3014,0
126.9115,30.9017,47493.4458,11,0.5547,0.3804,0.065,0
102.1395,27.6426,24306.2504,6,0.7928,0.2072,0.0,0
178.4869,46.3673,25685.1164,11,0.6624,0.2431,0.0944,0
1487.034,420.5223,342652.8168,71,0.6316,0.2995,0.0689,1
21.5832,13.053,5709.9468,13,0.7381,0.0651,0.1968,0
238.1767,9.8043,26760.7953,19,0.7235,0.2765,0.0,0
150.9531,33.8128,32876.6692,6,0.5163,0.1175,0.3661,0
113.535,30.9706,43110.4668,19,0.7392,0.0845,0.1763,0
124.618,11.514,33538.241,3,0.6,0.1461,0.2538,0
146.1048,15.4612,13886.746,12,0.711,0.273,0.016,0
263.9663,46.1685,34891.936,10,0.6782,0.3218,0.0,0
214.9571,1.753,34769.9948,11,0.6098,0.3902,0.0,0
1935.5512,223.8202,314515.6332,19,0.7168,0.2653,0.0179,1
77.89,32.0044,18602.8125,10,0.7557,0.1796,0.0647,0
189.2414,39.5077,27187.3605,13,0.7254,0.2746,0.0,0
231.0965,10.3255,39417.2044,13,0.6769,0.239,0.084,0
139.9048,42.419,8448.8685,18,0.6425,0.0697,0.2877,0
178.5238,36.7339,8664.7391,15,0.5941,0.1085,0.2974,0
1983.7951,247.1082,188834.9398,15,0.7342,0.0894,0.1765,1
177.6376,18.4054,23977.8267,18,0.6742,0.1743,0.1515,0
969.9214,90.8807,476180.2085,24,0.9627,0.0373,0.0,1
160.3082,12.1939,37645.5873,9,0.6068,0.3715,0.0217,0
1202.8251,286.7277,102297.5307,53,0.7343,0.2657,0.0,1
264.4483,21.3622,14639.6864,13,0.8718,0.1282,0.0,0
75.3219,13.0498,12639.1143,15,0.669,0.331,0.0,0
18.9372,26.6015,3399.862,1,0.8228,0.1388,0.0383,0
281.4913,42.6765,17807.9047,19,0.8452,0.0936,0.0612,0
252.6258,48.251,8106.0358,11,0.6146,0.2745,0.1108,0
279.9062,3.4337,36703.636,14,0.518,0.177,0.305,0
89.416,31.464,45396.7624,13,0.5148,0.1349,0.3502,0
289.7565,32.2568,24483.9835,7,0.56,0.1954,0.2446,0
138.6352,18.7377,43592.9545,7,0.8698,0.1302,0.0,0
1856.9923,270.8791,490933.8613,76,0.698,0.2089,0.0931,1
225.2722,23.6196,46102.8928,18,0.6875,0.242,0.0705,0
579.0354,374.7147,414128.3525,32,0.968,0.032,0.0,1
65.3567,5.9856,9344.4457,2,0.5168,0.0762,0.407,0
208.1502,7.3263,29703.9637,14,0.7037,0.0946,0.2018,0
1338.5199,393.2636,386274.2737,78,0.8282,0.1718,0.0,1
1971.0708,132.9886,375399.1158,55,0.7075,0.2826,0.0099,1
102.8304,37.0259,1442.1954,16,0.6425,0.1174,0.2401,0
1141.1131,273.7546,426409.01,24,0.6632,0.023,0.3138,1
21.1772,1.0845,11970.3322,19,0.53,0.2882,0.1818,0
188.9222,39.7858,17128.2196,7,0.5421,0.3804,0.0775,0
493.0218,160.243,352719.4764,17,0.9134,0.0866,0.0,1
61.0683,41.8354,44345.894,12,0.5688,0.2516,0.1795,0
1008.1928,151.7983,357523.934,32,0.6847,0.0876,0.2277,1
199.0265,13.4696,39368.0964,9,0.6501,0.1898,0.1601,0
192.5598,26.8021,20694.7658,7,0.8268,0.093,0.0802,0
196.7209,32.2118,42373.4549,13,0.763,0.237,0.0,0
181.1567,2.2136,29621.5555,12,0.7752,0.2248,0.0,0
190.3197,39.4257,47022.1032,4,0.5668,0.0523,0.3809,0
1371.4287,453.5529,325751.7152,26,0.6668,0.1528,0.1804,1
72.8237,4.2328,15153.4917,12,0.6971,0.1508,0.1521,0
133.244,33.5752,40430.1319,6,0.6171,0.065,0.3179,0
531.2174,130.6772,334629.6232,42,0.9294,0.0166,0.054,1
60.2071,30.2764,10527.027,13,0.8436,0.0793,0.0771,0
923.6772,318.029,230734.5892,21,0.6333,0.0748,0.2919,1
495.8649,253.8244,247929.0252,91,0.7757,0.2243,0.0,1
75.1599,1.6775,37531.6735,19,0.5823,0.2141,0.2037,0
271.6679,27.7413,22523.6332,18,0.8482,0.1518,0.0,0
86.3693,44.8506,39015.514,14,0.8403,0.1597,0.0,0
1476.7118,276.3397,405667.1969,37,0.6765,0.1813,0.1421,1
1057.6581,437.268,420556.7122,97,0.6173,0.0098,0.3729,1
147.9544,40.132,20401.6909,5,0.7513,0.234,0.0147,0
1144.5955,238.4802,433369.5568,32,0.8632,0.1368,0.0,1
58.3245,34.1522,8208.7028,6,0.8699,0.059,0.071,0
202.2438,15.6414,26841.1558,16,0.8013,0.0789,0.1198,0
277.6307,1.53,16856.9236,12,0.8485,0.1515,0.0,0
234.1687,18.0543,8280.3507,6,0.7805,0.2195,0.0,0
86.7165,3.6374,9388.9466,5,0.8605,0.0536,0.0859,0
249.0293,15.4588,1089.3763,17,0.7022,0.1927,0.1052,0
248.1456,6.288,2455.8672,2,0.6556,0.2085,0.1359,0
606.1216,125.7856,382912.0371,61,0.8955,0.1045,0.0,1
1255.9202,179.1935,254938.734,90,0.7502,0.2498,0.0,1
25.5947,21.3841,13701.1147,10,0.8011,0.1989,0.0,0
665.1129,146.145,270769.5869,53,0.7469,0.0725,0.1806,1
259.1008,13.5243,31276.331,7,0.8576,0.1424,0.0,0
241.4324,46.0183,40920.7097,5,0.5881,0.3829,0.029,0
58.113,22.4258,31454.8447,2,0.8557,0.1443,0.0,0
90.3678,32.0758,16229.3324,8,0.6219,0.229,0.1491,0
54.5224,6.0513,22137.3697,16,0.6692,0.3308,0.0,0
139.0547,3.3803,41291.718,15,0.8197,0.0869,0.0934,0
288.346,35.1991,7445.8656,7,0.7915,0.2085,0.0,0
624.7331,244.2101,225287.2071,79,0.7766,0.1093,0.114,1
225.981,1.387,14100.6029,3,0.5692,0.2379,0.1929,0
755.1985,85.2903,151786.4816,39,0.7809,0.0864,0.1327,1
157.2263,2.4787,38233.2867,18,0.8551,0.1183,0.0265,0
697.6201,331.5469,360661.5324,51,0.906,0.0492,0.0447,1
191.4191,7.755,49611.7365,12,0.7983,0.2017,0.0,0
1430.1374,472.7795,176696.2406,81,0.7507,0.1899,0.0595,1
175.7396,49.5104,32875.8252,5,0.8496,0.0692,0.0812,0
139.4125,23.2797,2837.1742,9,0.7077,0.0625,0.2298,0
1505.8385,304.7114,139759.0806,47,0.6978,0.1529,0.1493,1
97.7989,12.1357,33749.1292,1,0.6248,0.1242,0.251,0
70.7355,35.3321,36383.652,9,0.5937,0.3693,0.037,0
47.4997,40.1488,26199.8506,13,0.633,0.3302,0.0368,0
1776.1246,288.7022,171555.9135,64,0.852,0.148,0.0,1
37.9541,22.8417,12070.8424,14,0.5177,0.0518,0.4306,0
245.4441,30.309,31005.4249,6,0.8291,0.1634,0.0076,0
93.9028,44.3558,48171.4519,16,0.8535,0.1465,0.0,0
92.5688,23.387,15159.8193,7,0.8556,0.1444,0.0,0
299.5968,36.43,37808.4574,16,0.7941,0.2059,0.0,0
598.0368,405.5169,277115.3797,98,0.8544,0.082,0.0636,1
1499.1196,346.1884,495031.661,27,0.7446,0.1789,0.0765,1
150.2184,33.8823,14365.3915,17,0.8554,0.1436,0.001,0
1966.3471,93.7582,152952.4475,53,0.7991,0.0235,0.1774,1
17.8706,17.1715,1043.4399,17,0.7369,0.2631,0.0,0
587.7811,225.3687,450280.9157,79,0.9896,0.0104,0.0,1
100.2547,49.1877,7899.1846,14,0.8843,0.1157,0.0,0
679.997,389.4338,112329.4063,42,0.7975,0.2025,0.0,1
235.9883,3.2685,12308.7002,16,0.7298,0.2702,0.0,0
50.6985,25.9243,37422.4004,16,0.5977,0.3955,0.0068,0
529.0431,266.4518,327685.2587,67,0.9055,0.0945,0.0,1
63.8722,32.9623,36229.5857,12,0.8227,0.0763,0.101,0
225.9473,42.5376,21743.3411,17,0.7484,0.2399,0.0117,0
206.2645,6.2256,24559.6297,4,0.566,0.054,0.38,0
242.0822,40.6265,1846.9545,16,0.5055,0.3234,0.1711,0
108.444,30.0787,3705.2117,9,0.6966,0.1683,0.1351,0
256.3797,9.6467,36419.8243,10,0.7072,0.2574,0.0354,0
168.0186,40.9256,31618.8375,6,0.8295,0.1705,0.0,0
1201.3036,237.296,182637.7985,52,0.8315,0.093,0.0755,1
273.4964,48.8479,29899.795,12,0.7501,0.2141,0.0358,0
233.535,13.6402,23508.612,10,0.6288,0.1677,0.2035,0
602.1449,444.0599,229516.4887,29,0.9763,0.0237,0.0,1
289.564,17.7272,29291.2385,14,0.6266,0.3402,0.0332,0
1481.4044,340.0037,464859.2821,26,0.7841,0.1385,0.0774,1
1044.1987,344.303,158542.7474,29,0.8529,0.1471,0.0,1
1126.5132,430.5805,94295.4989,68,0.7199,0.2655,0.0146,1
81.8915,22.6193,30829.4774,3,0.7661,0.2339,0.0,0
441.3979,142.4019,147262.3827,17,0.6442,0.1769,0.1789,1
827.5372,321.9833,481156.6351,50,0.9987,0.0013,0.0,1
1643.2216,313.9034,218470.2171,71,0.8083,0.1421,0.0496,1
1945.6108,291.6334,283307.471,69,0.9628,0.0372,0.0,1
150.1672,15.5518,27260.8327,3,0.8775,0.1225,0.0,0
86.4119,33.9663,25722.4892,9,0.5318,0.3856,0.0827,0
178.5595,23.5561,5621.0752,4,0.5671,0.2039,0.229,0
204.0322,32.5843,6869.4788,13,0.6721,0.312,0.0159,0
704.8267,106.6216,447182.4098,95,0.8486,0.1514,0.0,1
496.1521,327.325,181471.0315,23,0.7202,0.1474,0.1324,1
139.2625,16.7457,23269.0475,2,0.7064,0.2936,0.0,0
144.0599,17.1131,25402.8318,18,0.7004,0.2584,0.0413,0
488.0515,154.6654,344360.2128,15,0.9059,0.0108,0.0833,1
1125.8568,159.7614,189019.651,83,0.832,0.1494,0.0186,1
133.0576,2.2487,45684.9108,16,0.8115,0.1884,0.0001,0
238.2129,39.839,13560.5076,14,0.5557,0.3936,0.0508,0
270.0031,35.9974,43908.1912,17,0.7373,0.2627,0.0,0
126.4408,28.0715,1177.6608,18,0.874,0.126,0.0,0
31.7273,46.7555,27021.7268,17,0.8084,0.1748,0.0168,0
730.8436,285.3417,318995.243,42,0.9226,0.0774,0.0,1
234.8176,19.1696,36720.605,1,0.7744,0.1501,0.0755,0
811.7842,147.9771,182504.3384,91,0.9125,0.0875,0.0,1
257.0787,40.3262,28277.7998,3,0.6604,0.0949,0.2447,0
803.3793,357.0052,141343.3809,49,0.6871,0.0673,0.2456,1
184.7415,20.1654,12813.5115,14,0.5377,0.1756,0.2867,0
149.889,7.9539,32213.1466,11,0.6618,0.0954,0.2429,0
1337.6984,384.751,97838.7672,94,0.9023,0.0597,0.038,1
173.6625,36.6473,31565.6161,14,0.8074,0.1926,0.0,0
482.0254,169.7628,139183.1678,86,0.6042,0.2129,0.1829,1
217.0196,36.2256,21144.1221,12,0.8966,0.1034,0.0,0
164.6424,39.3529,17521.5867,5,0.6062,0.1559,0.238,0
290.9846,44.7552,16153.9273,15,0.5838,0.3861,0.03,0
1910.4783,86.7906,339051.4964,38,0.7268,0.1296,0.1436,1
1511.1615,229.8489,173186.9318,53,0.6175,0.0799,0.3025,1
1266.0407,335.5726,139658.7132,58,0.8535,0.1465,0.0,1
1166.7866,338.2141,265045.3279,82,0.6016,0.1254,0.2729,1
1463.8406,405.2504,314556.0412,98,0.7761,0.0369,0.187,1
1970.0791,104.3151,228894.0338,76,0.7736,0.1198,0.1066,1
269.0524,28.7536,33483.3306,6,0.6467,0.1631,0.1902,0
1471.4421,251.7075,173791.407,57,0.8805,0.0561,0.0634,1
1502.2096,136.6885,149502.8176,26,0.7481,0.1434,0.1085,1
161.5632,12.6635,25686.754,19,0.7362,0.1309,0.1329,0
139.3611,26.2432,36064.9942,5,0.8738,0.1262,0.0,0
217.44,23.5952,16436.1113,12,0.8557,0.0693,0.075,0
1107.6338,371.8199,366071.5206,51,0.9361,0.0639,0.0,1
992.9167,240.2122,375876.0096,23,0.9957,0.0043,0.0,1
1066.4501,320.3955,247683.3095,64,0.8326,0.1594,0.008,1
211.4915,19.541,47262.2277,7,0.6477,0.3062,0.046,0
1459.7283,420.839,242942.554,96,0.7542,0.1321,0.1138,1
1788.7998,188.0509,280849.2954,76,0.7084,0.2244,0.0672,1
286.1524,38.3886,7211.7178,7,0.801,0.1165,0.0825,0
141.1147,49.3075,27947.384,1,0.6096,0.3463,0.0441,0
257.9341,43.5913,24903.4989,18,0.5068,0.3364,0.1568,0
19.7469,23.1393,31940.8241,6,0.8733,0.1267,0.0,0
218.4406,25.242,22595.2352,17,0.509,0.2578,0.2332,0
162.988,46.9247,32549.1994,16,0.6838,0.1294,0.1868,0
32.4071,26.4589,29476.4841,18,0.764,0.133,0.103,0
124.1343,14.3744,29996.0669,1,0.6806,0.3194,0.0,0
74.3288,14.9509,3821.0289,3,0.5218,0.1529,0.3252,0
1392.3366,350.9456,135794.6551,86,0.8153,0.0576,0.127,1
84.4493,13.8104,6539.6417,12,0.8839,0.1161,0.0,0
49.5763,46.866,38477.064,16,0.6699,0.3301,0.0,0
93.6629,44.7945,38187.4434,7,0.8944,0.1056,0.0,0
207.325,48.868,5531.8796,11,0.7152,0.0684,0.2164,0
141.7119,1.7687,29923.98,18,0.6545,0.2809,0.0646,0
1462.0831,309.8624,330226.3069,94,0.7669,0.2331,0.0,1
145.5705,16.1253,36814.4108,11,0.6982,0.2255,0.0764,0
94.4663,15.6586,43682.4485,10,0.8049,0.1951,0.0,0
827.7809,147.4223,118975.9348,47,0.8603,0.1332,0.0065,1
738.1823,283.1748,180126.7244,63,0.846,0.0833,0.0707,1
18.6513,7.6007,16453.9129,18,0.5249,0.3567,0.1184,0
1129.2212,111.51,242549.6785,45,0.9089,0.0911,0.0,1
157.8273,49.3226,22812.5671,17,0.5544,0.3583,0.0873,0
272.2546,19.1448,2462.4283,18,0.5798,0.0509,0.3693,0
445.168,403.7144,366099.1052,51,0.7211,0.0697,0.2093,1
112.488,40.5091,17554.1159,6,0.7079,0.2921,0.0,0
135.2359,39.9028,17859.0671,4,0.7923,0.0571,0.1506,0
779.8182,417.1556,480965.6928,54,0.7594,0.1686,0.072,1
1669.9249,439.6487,299806.9571,37,0.6309,0.058,0.3111,1
202.1796,21.2688,41612.0083,14,0.5822,0.3132,0.1046,0
187.9198,23.0732,30470.0385,16,0.5673,0.1089,0.3238,0
103.9541,9.576,38665.5356,6,0.5863,0.33,0.0837,0
1004.9917,358.3691,231622.515,36,0.6179,0.2193,0.1628,1
111.1017,16.262,40746.9382,9,0.5511,0.3021,0.1469,0
128.8949,8.8787,47244.6952,18,0.6841,0.3159,0.0,0
889.2766,124.5384,286658.1907,51,0.9037,0.0963,0.0,1
132.1059,14.1652,8626.4424,16,0.8382,0.1618,0.0,0
1229.8306,325.106,416614.5435,60,0.7537,0.2098,0.0365,1
403.2343,295.6511,393459.2704,99,0.7289,0.141,0.13,1
51.8056,6.8758,42551.7863,9,0.574,0.3662,0.0598,0
44.0763,2.7226,11608.1757,2,0.7797,0.2203,0.0,0
164.7498,23.1944,27395.1858,2,0.5082,0.1945,0.2973,0
567.9628,499.2395,147745.576,90,0.8758,0.0964,0.0278,1
80.32,26.5832,18453.1551,11,0.5137,0.214,0.2724,0
17.8114,17.1953,27287.8385,12,0.8685,0.1315,0.0,0
220.1735,37.786,23493.0474,10,0.697,0.2327,0.0703,0
794.8213,485.4459,454490.829,41,0.7903,0.042,0.1677,1
962.2454,305.216,160359.3026,95,0.9782,0.0218,0.0,1
226.8915,8.0968,11596.6078,9,0.5983,0.2212,0.1805,0
41.8717,30.9997,36478.7774,8,0.8668,0.0828,0.0504,0
139.7439,36.886,4753.9793,6,0.8728,0.1171,0.0101,0
155.0915,35.4094,39727.9138,9,0.606,0.3855,0.0085,0
178.2697,25.6824,38238.2015,7,0.7463,0.2537,0.0,0
1199.2718,276.0817,197200.7772,76,0.8169,0.086,0.0972,1
1794.753,311.8018,188827.253,20,0.9783,0.0217,0.0,1
147.5303,32.9,3490.4671,3,0.8019,0.1026,0.0955,0
231.0012,41.1623,31725.0537,15,0.803,0.1534,0.0436,0
859.358,342.776,435667.035,38,0.74,0.2448,0.0153,1
42.6877,32.7385,6286.3935,9,0.5391,0.1984,0.2626,0
180.7093,36.0814,41818.3408,7,0.6718,0.2523,0.0759,0
264.3809,17.8129,18119.8519,15,0.6367,0.1203,0.243,0
118.9257,46.1137,35074.591,14,0.7209,0.2791,0.0,0
298.6847,48.1776,25572.3376,18,0.8008,0.0718,0.1275,0
1417.0798,155.8334,150376.0572,25,0.6213,0.162,0.2167,1
1843.6359,111.7709,466581.376,69,0.6138,0.1668,0.2194,1
286.413,21.452,8413.4372,4,0.5532,0.0976,0.3492,0
103.5228,26.4896,48163.9768,1,0.7868,0.2132,0.0,0
206.9058,28.2977,22328.5323,19,0.5632,0.3548,0.082,0
209.5379,27.4559,32952.4646,18,0.7491,0.0773,0.1737,0
1653.7928,436.496,105889.7561,82,0.648,0.2961,0.0559,1
219.703,8.5048,39200.444,7,0.6394,0.3606,0.0,0
92.4752,16.7254,3069.1784,4,0.6983,0.1926,0.1091,0
208.36,34.9094,33133.7016,12,0.5117,0.2971,0.1912,0
1887.4922,255.2456,290740.0725,74,0.6187,0.0022,0.3791,1
105.4861,43.2972,44316.532,6,0.8006,0.1994,0.0,0
175.356,47.6991,31352.1398,5,0.5276,0.1102,0.3622,0
1163.5451,133.1663,268016.3418,93,0.9366,0.0634,0.0,1
158.9784,23.4331,17252.1667,6,0.6248,0.3678,0.0074,0
534.0235,457.9522,151543.9939,43,0.8879,0.0239,0.0881,1
137.9125,26.3943,5122.3203,9,0.5455,0.1342,0.3203,0
946.0636,128.629,140148.3772,43,0.911,0.0157,0.0733,1
229.3896,3.4024,40458.8614,11,0.8912,0.0565,0.0523,0
157.9833,21.5287,19185.8084,14,0.7914,0.1361,0.0725,0
298.3381,20.3106,11065.803,18,0.6708,0.2978,0.0313,0
110.5582,24.3905,27214.1556,5,0.7686,0.056,0.1755,0
55.1227,8.3593,45302.5139,13,0.6847,0.1396,0.1757,0
1428.0624,139.7076,174427.4689,70,0.8628,0.1372,0.0,1
183.6195,15.1382,36273.5673,19,0.8151,0.1849,0.0,0
515.5262,302.3554,383656.6487,16,0.9196,0.0804,0.0,1
141.2097,5.924,27078.0482,1,0.6652,0.1064,0.2284,0
224.9458,40.5263,10155.7363,4,0.6076,0.1089,0.2835,0
183.7523,44.8345,38769.8685,12,0.8639,0.1361,0.0,0
1719.8328,267.2627,95727.0443,84,0.711,0.033,0.256,1
11.1622,47.3283,2243.5998,6,0.7309,0.2691,0.0,0
782.1551,142.1584,93772.2778,34,0.6297,0.015,0.3553,1
258.0879,41.9128,27240.2462,5,0.8376,0.1624,0.0,0
150.5389,16.6624,43325.5918,15,0.5457,0.0703,0.3839,0
1718.5671,498.5148,360958.7436,61,0.6523,0.2805,0.0672,1
119.3897,6.0133,22732.8614,3,0.5754,0.1589,0.2657,0
298.4963,43.2359,36057.6636,16,0.7092,0.2251,0.0657,0
231.8571,47.4805,16690.954,5,0.7333,0.2667,0.0,0
39.6874,30.9422,1817.7857,13,0.721,0.1225,0.1565,0
54.2801,32.7122,42135.2485,18,0.8191,0.1809,0.0,0
1067.8781,91.457,366519.879,57,0.9809,0.0191,0.0,1
15.1239,6.7534,8405.0698,14,0.8157,0.0862,0.098,0
189.8235,38.4397,27380.9434,11,0.7749,0.2251,0.0,0
95.1415,34.2013,10211.4075,3,0.856,0.144,0.0,0
199.6803,30.1744,23293.4891,15,0.8439,0.1561,0.0,0
28.9304,29.1833,48912.0126,16,0.639,0.0649,0.2961,0
174.9349,44.7385,38314.9175,17,0.8804,0.0755,0.0441,0
647.237,431.6298,155786.7309,99,0.7317,0.0553,0.213,1
171.0241,43.5456,18994.9861,9,0.7275,0.2416,0.0309,0
866.8738,434.191,294365.8696,54,0.7941,0.0155,0.1903,1
1589.4012,95.736,295778.0648,47,0.9221,0.0779,0.0,1
28.1843,11.5505,43679.0891,11,0.6091,0.0963,0.2946,0
113.7422,42.1107,8358.6014,19,0.6182,0.1454,0.2363,0
243.7886,39.5203,34586.8126,5,0.5694,0.0888,0.3418,0
219.353,9.1423,8601.7204,17,0.584,0.1946,0.2214,0
168.246,2.3069,33679.3164,2,0.8008,0.1992,0.0,0
10.655,26.9413,40062.9342,11,0.8927,0.075,0.0323,0
296.8367,46.5604,6265.5845,10,0.7729,0.2271,0.0,0
22.5918,6.393,35357.3894,13,0.6461,0.2953,0.0587,0
158.5341,11.0004,47686.8791,4,0.6607,0.1668,0.1724,0
1419.1628,225.0661,480952.475,37,0.7095,0.1678,0.1227,1
1154.2624,95.4916,89594.7219,63,0.8411,0.0626,0.0963,1
1030.0085,167.3127,168931.1852,77,0.6456,0.0141,0.3403,1
145.4423,8.019,19339.599,13,0.6608,0.2119,0.1274,0
1871.8829,147.4473,260409.4866,83,0.8893,0.1107,0.0,1
113.0557,16.4821,36384.9075,14,0.5194,0.2388,0.2417,0
164.6825,18.6123,8441.4773,17,0.8169,0.1234,0.0597,0
1042.6322,313.2444,272932.1765,97,0.9849,0.0151,0.0,1
1938.7888,105.4243,276666.2059,35,0.9194,0.0533,0.0272,1
205.6736,7.7382,14942.3774,10,0.6058,0.3294,0.0648,0
64.5502,41.7215,11021.0975,16,0.5862,0.2492,0.1646,0
662.8049,497.583,225108.7273,83,0.7102,0.0958,0.194,1
75.0806,11.685,5233.9148,14,0.603,0.285,0.1119,0
1766.2028,205.573,232020.8149,50,0.6749,0.1238,0.2013,1
103.4425,48.7758,5175.8962,10,0.7348,0.0743,0.1909,0
30.1958,46.7161,21163.7801,18,0.7632,0.2368,0.0,0
109.3796,5.552,34259.7413,2,0.8804,0.1196,0.0,0
57.6698,32.1373,12955.7392,8,0.8654,0.1346,0.0,0
21.8126,32.5301,38802.1961,4,0.7488,0.2512,0.0,0
175.9998,11.4822,31229.7444,15,0.5071,0.1929,0.3,0
83.6284,36.3317,31770.1061,4,0.7429,0.254,0.0031,0
27.871,45.3503,47131.0299,9,0.7264,0.2736,0.0,0
766.7437,479.6469,395920.0796,22,0.7435,0.1071,0.1495,1
260.5997,18.6592,27449.7695,10,0.8518,0.1482,0.0,0
37.0486,27.1076,39482.834,16,0.6639,0.2073,0.1287,0
285.1688,2.9417,39137.1899,2,0.7712,0.2288,0.0,0
143.4593,8.0768,24778.217,4,0.7835,0.1024,0.114,0
148.3975,11.9741,41325.9233,6,0.6642,0.1199,0.2159,0
204.8333,44.4562,40273.156,9,0.6695,0.1118,0.2187,0
1965.2661,164.7212,444075.8097,93,0.641,0.1499,0.2091,1
260.5092,34.4037,43221.4256,4,0.6302,0.1668,0.2029,0
1146.0131,145.5189,122323.1199,44,0.7516,0.0695,0.1789,1
286.0892,45.9318,35044.5819,4,0.6051,0.0532,0.3418,0
17.3094,25.9543,18637.1765,8,0.8879,0.1121,0.0,0
109.6635,41.3446,24795.6532,6,0.7757,0.1471,0.0772,0
833.996,104.9763,395130.7296,30,0.7453,0.0576,0.197,1
741.4143,424.7892,147988.5076,67,0.6003,0.2762,0.1235,1
89.7942,40.2503,11838.2787,7,0.7476,0.0751,0.1773,0
63.1107,18.9276,14575.1259,7,0.5005,0.122,0.3775,0
844.1367,478.1554,183891.1762,53,0.8966,0.0348,0.0687,1
211.6123,6.7017,1191.0753,10,0.7175,0.0899,0.1926,0
75.5194,33.2975,24801.085,1,0.7118,0.2882,0.0,0
1062.9539,415.4009,106648.1161,76,0.9519,0.0481,0.0,1
44.7227,5.9792,31920.9541,19,0.5485,0.3781,0.0734,0
668.8933,393.5974,336768.7294,58,0.8063,0.1683,0.0254,1
195.4534,35.0952,32826.4952,5,0.833,0.167,0.0,0
1617.864,96.5401,128016.6705,67,0.91,0.09,0.0,1
83.9723,25.6497,19145.121,19,0.599,0.3338,0.0672,0
163.0668,16.8412,33921.6105,1,0.8627,0.1373,0.0,0
271.2925,38.2032,38312.4974,12,0.5062,0.2483,0.2455,0
16.8722,35.7095,33951.7293,8,0.7699,0.2301,0.0,0
32.9777,1.8255,20270.3225,17,0.6829,0.105,0.2121,0
296.8486,7.7779,28631.728,5,0.5053,0.202,0.2927,0
294.1343,10.8031,23052.8571,5,0.865,0.135,0.0,0
1852.5763,227.2319,325644.2915,19,0.7104,0.2617,0.0279,1
122.9683,46.8234,17719.2893,10,0.566,0.1637,0.2702,0
1430.5515,349.9622,449833.8037,73,0.6848,0.1808,0.1344,1
208.1449,24.0309,6049.4654,11,0.5499,0.3818,0.0682,0
59.3361,10.779,33754.1264,8,0.5551,0.1706,0.2744,0
198.7304,29.6517,18083.5603,4,0.5669,0.0966,0.3365,0
108.5179,24.2462,20063.5523,15,0.5304,0.0748,0.3948,0
271.1977,13.7676,33969.423,8,0.7977,0.1066,0.0957,0
1097.4492,316.8694,293814.7704,34,0.9621,0.0074,0.0305,1
60.5736,27.502,40897.0427,14,0.7215,0.254,0.0245,0
148.7686,46.2565,3650.1672,8,0.854,0.146,0.0,0
273.4884,1.8959,7102.7067,12,0.8132,0.101,0.0858,0
157.9047,9.5214,49575.3935,16,0.8521,0.1479,0.0,0
230.8154,13.0568,38295.4907,19,0.6684,0.1089,0.2227,0
1434.8118,169.1214,367352.9567,50,0.8668,0.1332,0.0,1
171.7871,5.8003,39669.416,3,0.5696,0.1352,0.2952,0
113.9351,25.9164,42740.601,9,0.6921,0.2175,0.0904,0
15.7323,35.8328,37617.3863,18,0.8646,0.1354,0.0,0
1056.908,223.5504,279553.6392,34,0.9531,0.0469,0.0,1
154.4002,7.5821,12402.0882,19,0.715,0.285,0.0,0
146.0115,38.9143,41286.5617,3,0.5116,0.3113,0.177,0
909.8755,122.7901,397810.7421,36,0.7132,0.0248,0.262,1
981.7732,421.9274,262995.4531,15,0.6488,0.2969,0.0543,1
234.257,25.6233,20727.6156,19,0.8106,0.1894,0.0,0
279.0238,9.4083,7188.1776,1,0.5939,0.18,0.2261,0
1849.0661,334.1704,338741.3556,44,0.8997,0.1003,0.0,1
45.9222,35.8444,2830.0904,9,0.7141,0.2489,0.037,0
202.0417,10.7204,9176.7575,5,0.5638,0.3398,0.0964,0
283.7448,25.7953,26482.5151,9,0.5222,0.2915,0.1863,0
31.6866,24.9811,20450.3343,17,0.8056,0.0786,0.1158,0
274.8527,36.3157,37370.1699,5,0.8413,0.1587,0.0,0
118.1339,21.4227,613.8288,5,0.8239,0.1761,0.0,0
1188.2152,289.1048,341746.1453,56,0.7683,0.1337,0.098,1
71.7917,6.0551,25250.2774,4,0.5058,0.0608,0.4333,0
267.537,3.1601,8503.3411,13,0.5043,0.2884,0.2073,0
113.9381,28.0769,21739.1791,2,0.8175,0.1825,0.0,0
62.5832,32.6401,29554.5487,18,0.6631,0.2907,0.0462,0
190.2294,6.326,30204.2437,17,0.506,0.0895,0.4045,0
1419.987,253.9761,337479.6877,65,0.7779,0.2221,0.0,1
1267.0799,146.3307,394843.5749,68,0.6352,0.1695,0.1953,1
121.9497,40.2086,28987.3466,4,0.6657,0.2442,0.09,0
1953.2004,220.4731,307927.8708,74,0.7632,0.1576,0.0791,1
123.787,7.2003,32940.343,7,0.86,0.1236,0.0164,0
118.8307,48.0298,22027.5655,5,0.6838,0.0779,0.2382,0
444.1686,320.8441,450106.6759,29,0.6386,0.2506,0.1108,1
62.3026,30.0084,16229.5679,4,0.5073,0.2381,0.2547,0
929.7795,398.2636,122370.5124,84,0.8433,0.1567,0.0,1
23.0241,26.7042,7899.2941,16,0.8955,0.1045,0.0,0
263.7207,3.6447,39612.1456,19,0.5256,0.2848,0.1896,0
75.4757,23.4092,19918.2727,4,0.7113,0.2887,0.0,0
711.2426,359.8761,270891.3456,69,0.8607,0.1393,0.0,1
47.0859,9.5229,29829.6992,5,0.8801,0.1199,0.0,0
83.4592,34.459,25670.4959,6,0.7769,0.1135,0.1096,0
34.736,35.3133,26082.2917,11,0.7657,0.2343,0.0,0
68.5531,33.4398,22620.5163,11,0.6235,0.2011,0.1754,0
155.2222,25.9391,19675.254,6,0.7896,0.2104,0.0,0
1684.5696,139.3535,174788.5122,26,0.6783,0.0103,0.3113,1
65.6493,39.5667,23300.5922,11,0.8837,0.1163,0.0,0
56.5129,32.1297,42089.451,3,0.5349,0.2832,0.1819,0
11.5872,24.619,25673.3423,19,0.6335,0.1205,0.2459,0
246.1974,2.7961,3128.1923,19,0.7231,0.2726,0.0043,0
212.7885,34.505,30160.1861,19,0.7956,0.1232,0.0813,0
623.4892,219.6303,217659.9307,19,0.6052,0.1378,0.257,1
721.1589,184.1452,415371.0554,55,0.771,0.2141,0.0149,1
238.8512,39.1522,13856.1737,19,0.7939,0.1665,0.0396,0
1514.0147,350.549,481889.3749,73,0.692,0.2187,0.0893,1
1653.0885,289.2083,294781.8284,93,0.7064,0.1471,0.1465,1
1435.8916,469.7845,313359.2691,92,0.8191,0.1809,0.0,1
24.1136,34.1601,42570.7321,7,0.6304,0.1783,0.1913,0
197.6644,11.5626,10957.3221,14,0.7441,0.2559,0.0,0
143.3157,39.597,13969.5774,7,0.6014,0.1494,0.2492,0
261.48,17.4413,6419.5366,18,0.7711,0.2289,0.0,0
274.8327,31.4162,42027.479,4,0.8739,0.1261,0.0,0
158.0916,26.9715,20783.4273,18,0.8141,0.1859,0.0,0
795.9256,150.391,134460.3193,33,0.7682,0.0038,0.228,1
1905.2977,250.686,178312.3894,75,0.6138,0.2509,0.1353,1
106.5136,22.1417,41983.8732,3,0.8585,0.1415,0.0,0
10.1648,41.2212,39905.3288,7,0.6898,0.106,0.2042,0
263.5569,30.5948,25005.958,12,0.5081,0.1066,0.3853,0
1565.67,348.5031,128352.8083,17,0.6999,0.0904,0.2097,1
154.6604,33.1339,8472.0943,8,0.5415,0.2031,0.2554,0
1401.1023,466.8875,193482.84,53,0.6846,0.0225,0.2929,1
1426.1232,275.0856,243982.6987,75,0.9576,0.0424,0.0,1
195.7088,6.5448,8743.1542,6,0.763,0.237,0.0,0
38.5388,6.216,34755.3817,8,0.6782,0.2896,0.0322,0
190.7744,28.6518,40211.2019,1,0.8892,0.1108,0.0,0
1542.8,464.0608,202059.7203,99,0.8153,0.0369,0.1478,1
138.6993,47.4843,1871.1178,9,0.5818,0.2594,0.1588,0
233.8396,22.7769,8445.6963,9,0.833,0.167,0.0,0
97.7193,39.2897,44854.1769,8,0.5902,0.0516,0.3582,0
105.9964,22.3697,17061.9951,10,0.7647,0.1954,0.0398,0
141.8899,22.8491,35203.8324,14,0.7537,0.116,0.1302,0
1367.938,397.1555,107328.7622,18,0.7036,0.1637,0.1328,1
266.3213,40.2366,6209.6629,10,0.5622,0.0562,0.3817,0
41.9493,17.6779,3904.0283,15,0.7145,0.2855,0.0,0
116.5784,36.068,39378.1278,7,0.7052,0.2948,0.0,0
233.1087,45.7903,8331.6561,13,0.8894,0.1106,0.0,0
187.6952,30.2655,34836.2418,7,0.7434,0.2566,0.0,0
1498.2239,220.1898,308208.6866,37,0.9392,0.0608,0.0,1
55.52,45.634,16552.7571,16,0.7366,0.2634,0.0,0
1897.8931,93.7344,396811.7029,66,0.9965,0.0035,0.0,1
829.2099,171.5076,204105.4805,90,0.6264,0.0834,0.2901,1
146.0487,9.364,9023.5099,15,0.6138,0.1466,0.2396,0
107.2793,26.5548,31396.2191,17,0.6253,0.1802,0.1945,0
228.9361,11.9292,12075.0939,4,0.6069,0.3931,0.0,0
21.4026,10.8938,17101.1838,15,0.6698,0.0553,0.275,0
1873.6828,439.4288,115575.9139,50,0.8248,0.1752,0.0,1
1326.8817,165.6159,411793.6579,92,0.6696,0.2151,0.1153,1
44.4688,14.7295,34400.3367,10,0.6728,0.165,0.1622,0
1567.0397,239.7433,471188.0401,90,0.752,0.1275,0.1204,1
1023.7183,474.652,394260.4501,54,0.8579,0.1421,0.0,1
190.1576,32.0889,28797.9943,6,0.8158,0.1842,0.0,0
1460.7786,308.8359,137740.0786,44,0.7324,0.2155,0.0521,1
795.3147,147.9651,135398.5861,97,0.8342,0.0778,0.088,1
1986.9271,172.3593,146807.4047,55,0.9332,0.0668,0.0,1
19.3232,15.676,9368.031,15,0.8899,0.1101,0.0,0
762.4182,94.4323,205511.5839,52,0.9587,0.0413,0.0,1
1035.2711,499.8531,398186.9192,93,0.8872,0.0872,0.0255,1
110.2967,3.1132,45667.0382,14,0.8943,0.1057,0.0,0
23.5885,34.3532,10347.115,10,0.6563,0.1542,0.1895,0
472.0327,272.615,324461.29,54,0.9051,0.0949,0.0,1
683.6471,154.9328,410253.0287,68,0.6288,0.0124,0.3588,1
13.615,5.6376,42851.6681,15,0.6167,0.1271,0.2562,0
228.8254,15.3488,46716.1488,9,0.5743,0.3788,0.0469,0
255.3926,14.1178,3300.6446,13,0.6709,0.2596,0.0695,0
207.9487,18.8593,16959.2282,5,0.7007,0.1921,0.1072,0
160.601,31.3751,16364.8009,15,0.6247,0.0874,0.288,0
175.8686,37.1398,12333.8038,10,0.8705,0.1295,0.0,0
267.7568,27.7921,9090.4699,11,0.5931,0.3851,0.0218,0
233.1057,25.3529,36506.0669,4,0.7716,0.2284,0.0,0
48.7674,19.2035,13672.4172,8,0.8152,0.1848,0.0,0
167.6137,1.2608,8618.6821,4,0.6318,0.2973,0.0708,0
1696.0873,487.9506,238659.4485,77,0.7497,0.208,0.0423,1
78.5176,26.8842,26712.3055,9,0.5468,0.1286,0.3246,0
289.3313,1.4351,14760.9706,7,0.5447,0.2975,0.1579,0
1028.7282,196.9338,150765.4671,23,0.9393,0.0607,0.0,1
97.4062,10.652,24530.5764,6,0.8598,0.1402,0.0,0
1002.3709,374.4489,180766.143,45,0.8567,0.1433,0.0,1
32.8356,22.3141,18420.1952,8,0.6939,0.274,0.0321,0
77.9457,29.467,20610.2296,1,0.8815,0.1185,0.0,0
276.7355,6.4616,29502.9669,18,0.858,0.142,0.0,0
256.9994,2.068,9305.8914,14,0.5834,0.358,0.0585,0
99.9939,21.1144,28500.4497,10,0.7726,0.2274,0.0,0
131.336,8.4951,9111.0215,12,0.8633,0.1367,0.0,0
288.3076,22.6339,11695.2519,15,0.7659,0.2093,0.0248,0
287.1996,24.5644,5511.0689,15,0.8855,0.1145,0.0,0
171.3034,9.8907,30512.1556,7,0.8805,0.0776,0.0419,0
1200.0808,83.1347,253063.012,46,0.8183,0.1817,0.0,1
225.345,21.6459,21436.3287,6,0.7018,0.1131,0.1851,0
68.0785,27.5525,49864.5263,18,0.6169,0.1341,0.249,0
112.5077,5.8962,7853.8648,10,0.757,0.243,0.0,0
171.4343,11.7644,34415.9258,19,0.8448,0.1552,0.0,0
1554.7195,333.9472,130314.5523,23,0.7993,0.2007,0.0,1
255.5135,32.7384,27966.094,7,0.8274,0.1202,0.0524,0
156.4253,23.9776,35549.6681,5,0.629,0.2575,0.1136,0
1850.3776,189.5849,475438.6711,74,0.9222,0.0778,0.0,1
209.5633,43.5432,37576.3969,6,0.8307,0.1693,0.0,0
44.705,22.5748,13963.6463,9,0.8232,0.1768,0.0,0
256.887,41.8412,37028.0055,19,0.8932,0.0712,0.0356,0
1310.0993,409.3811,186424.8252,48,0.903,0.097,0.0,1
1480.8559,259.3827,148583.1706,65,0.7759,0.0653,0.1588,1
114.0151,29.0923,44671.5306,14,0.5243,0.0798,0.396,0
34.4889,48.4142,40986.8359,4,0.8531,0.1469,0.0,0
147.8467,6.267,12153.3181,10,0.5645,0.1427,0.2928,0
69.2147,19.225,7414.8882,12,0.6151,0.3795,0.0054,0
130.7309,8.2923,31224.3562,16,0.7072,0.1628,0.13,0
146.7757,7.9702,31256.168,1,0.617,0.0667,0.3163,0
1913.4697,346.1145,180168.9148,94,0.9331,0.0669,0.0,1
1254.2326,424.3877,264042.6669,81,0.9465,0.0535,0.0,1
123.9489,30.9142,49976.5645,15,0.5543,0.3576,0.0881,0
140.8323,47.641,39483.1468,6,0.8444,0.0843,0.0713,0
260.6906,46.0327,39113.2633,7,0.69,0.2343,0.0757,0
1457.8718,410.9893,266143.2167,67,0.6259,0.1574,0.2167,1
1656.554,189.6387,436625.8777,60,0.6233,0.1527,0.224,1
153.7051,2.0438,10397.9913,9,0.7147,0.2853,0.0,0
259.6127,36.3097,6508.8885,19,0.6675,0.3092,0.0233,0
1735.1771,291.5782,275034.719,66,0.9926,0.0074,0.0,1
297.3348,17.8878,30191.8292,16,0.6685,0.0859,0.2456,0
917.4533,201.4264,370030.0383,57,0.8341,0.1335,0.0324,1
28.2497,21.8376,11507.6647,6,0.7714,0.1428,0.0858,0
56.0371,9.2959,17083.2863,8,0.8429,0.1571,0.0,0
40.7102,43.3686,42026.39,13,0.8361,0.1639,0.0,0
172.9356,46.5697,3063.4871,10,0.6516,0.3484,0.0,0
113.5635,39.8002,49858.7313,12,0.7555,0.2445,0.0,0
1493.6116,418.2274,142954.1789,77,0.7363,0.1496,0.1141,1
1896.7938,468.3399,380627.1112,27,0.7767,0.2233,0.0,1
218.7087,44.1677,36350.2425,6,0.703,0.293,0.004,0
42.1176,19.249,34013.1064,7,0.7654,0.2346,0.0,0
272.8308,45.1844,3493.1274,5,0.5635,0.3093,0.1272,0
14.0874,39.1251,49983.9799,11,0.7913,0.0637,0.145,0
202.9491,11.9295,26358.4375,9,0.5725,0.3893,0.0382,0
248.0134,2.2535,32599.6084,2,0.7368,0.1979,0.0653,0
101.1173,17.0739,36308.1466,12,0.6308,0.222,0.1473,0
75.3362,7.8269,37151.6342,9,0.7953,0.2047,0.0,0
26.9767,44.746,35435.663,4,0.784,0.1015,0.1146,0
81.2776,20.8012,37025.9793,11,0.7487,0.2513,0.0,0
219.8425,17.1949,7371.0976,5,0.5897,0.1821,0.2282,0
92.2443,35.1365,11798.1529,13,0.5015,0.0895,0.4091,0
239.8154,42.4568,34970.4115,12,0.7221,0.0746,0.2033,0
13.5209,22.7051,48944.6247,7,0.8313,0.1687,0.0,0
122.939,28.7567,22508.5805,13,0.651,0.0774,0.2717,0
14.0158,10.6148,37038.2161,9,0.6915,0.2925,0.016,0
208.2767,13.0949,18448.2545,14,0.5421,0.0637,0.3942,0
43.8696,7.1191,4339.4563,6,0.6907,0.3093,0.0,0
279.2951,2.488,25586.2459,17,0.8176,0.176,0.0064,0
215.4418,14.5423,36893.6956,19,0.5108,0.092,0.3972,0
91.2667,17.6391,14873.522,4,0.5015,0.2437,0.2548,0
1043.7448,263.9622,168334.5865,68,0.8616,0.0073,0.1311,1
1183.2481,439.2983,83041.0657,70,0.7919,0.1355,0.0726,1
86.6549,8.6292,16895.159,19,0.7963,0.096,0.1077,0
1846.5171,352.3811,231548.4007,95,0.7426,0.2092,0.0483,1
1404.9813,95.3457,293597.6857,82,0.6504,0.0715,0.2781,1
647.5047,471.0243,307255.2619,42,0.9211,0.0789,0.0,1
1808.169,468.0578,223557.0217,69,0.7459,0.1499,0.1042,1
31.8323,48.238,43840.9782,4,0.8604,0.1396,0.0,0
255.3422,37.1044,12185.3225,6,0.5546,0.0916,0.3538,0
190.8368,11.2258,42075.1439,15,0.5713,0.3978,0.0309,0
1189.266,251.8444,80410.1479,31,0.9232,0.0768,0.0,1
15.347,19.1751,24787.9556,6,0.7963,0.2037,0.0,0
188.6881,36.412,43744.3874,3,0.8814,0.1186,0.0,0
1517.9984,166.7684,162817.8134,60,0.9294,0.0706,0.0,1
978.8008,260.7593,372190.7886,36,0.8308,0.1692,0.0,1
1828.8064,480.1603,379764.5357,51,0.7362,0.0949,0.1689,1
287.5936,49.4911,32933.2637,12,0.8709,0.1291,0.0,0
185.05,49.2122,20283.3013,12,0.8819,0.1181,0.0,0
176.5387,13.5018,9900.3176,17,0.8628,0.1372,0.0,0
198.2532,19.0641,38731.5124,1,0.6558,0.0515,0.2927,0
126.4819,49.3165,15959.2954,9,0.7577,0.2287,0.0135,0
174.0792,34.1975,10080.8726,6,0.8458,0.0621,0.0921,0
1084.5198,357.4316,118903.8419,64,0.6709,0.1061,0.223,1
155.1647,3.6509,4372.4374,4,0.8818,0.1182,0.0,0
20.4472,15.7632,41273.1346,7,0.7709,0.2291,0.0,0
76.6849,23.0559,30410.9707,9,0.7293,0.1216,0.1491,0
1387.4356,348.5479,238082.8194,38,0.8881,0.1053,0.0066,1
1681.4981,363.8169,151751.4797,81,0.8326,0.0826,0.0848,1
240.6438,32.5155,31625.6213,4,0.8953,0.1047,0.0,0
625.7257,481.7955,177646.4053,84,0.7158,0.0279,0.2563,1
46.6594,16.0966,33726.3331,5,0.8718,0.1282,0.0,0
496.7552,263.4995,216585.7712,49,0.6033,0.2275,0.1693,1
137.9525,38.4775,1885.453,3,0.6588,0.3412,0.0,0
599.8061,381.0163,389189.7347,20,0.7843,0.1649,0.0508,1
182.4246,17.0629,10038.6989,16,0.8169,0.1831,0.0,0
36.3035,35.5454,42840.1297,1,0.5851,0.0991,0.3158,0
181.4327,38.0388,15641.7338,4,0.8621,0.1379,0.0,0
127.8522,9.5383,2390.3646,17,0.8971,0.1029,0.0,0
72.1342,21.7576,36487.0628,2,0.6175,0.1931,0.1895,0
19.3233,33.9427,41867.479,7,0.5581,0.2475,0.1943,0
170.5268,39.8407,41375.4062,19,0.7255,0.1048,0.1697,0
88.5149,1.6354,4264.3026,6,0.8691,0.1309,0.0,0
224.2645,34.7158,34216.2754,5,0.6715,0.2637,0.0648,0
249.6591,41.4616,8720.6119,13,0.5204,0.3962,0.0834,0
1263.6544,81.7225,330568.5624,62,0.7755,0.1037,0.1208,1
1275.1364,307.6975,81602.0866,36,0.9172,0.0828,0.0,1
217.0047,39.5577,6750.1278,4,0.7678,0.1389,0.0933,0
207.9237,6.4104,8429.1059,10,0.7117,0.2883,0.0,0
1433.1762,227.2297,419268.9959,45,0.7073,0.2927,0.0,1
250.3749,23.9609,22710.5739,6,0.8055,0.1945,0.0,0
290.4509,29.3675,9909.4622,18,0.6888,0.3112,0.0,0
630.4477,136.9927,308471.928,75,0.9885,0.0065,0.005,1
30.3464,46.7621,39353.1109,12,0.7725,0.2275,0.0,0
1609.6662,318.9826,191236.3164,43,0.769,0.1746,0.0563,1
103.7301,46.0341,31127.1461,8,0.5625,0.3633,0.0742,0
158.2317,29.8763,45341.7847,8,0.5516,0.0881,0.3603,0
136.175,31.6189,46306.7058,4,0.8196,0.1804,0.0,0
75.4018,21.2629,45315.7254,19,0.6137,0.2383,0.148,0
220.8731,5.3303,49238.4932,14,0.6337,0.0566,0.3097,0
82.7473,29.6935,15815.2171,14,0.7039,0.2186,0.0775,0
250.39,22.4776,34206.2677,9,0.694,0.306,0.0,0
205.5044,10.0561,40309.6459,16,0.8884,0.1116,0.0,0
123.8009,40.6997,34575.7217,10,0.5873,0.1416,0.2711,0
1830.0154,315.5475,154538.3029,30,0.7632,0.2368,0.0,1
104.0586,40.5557,23830.9393,2,0.8792,0.1208,0.0,0
1774.2143,119.027,392764.6245,45,0.8359,0.0533,0.1108,1
218.0685,2.9808,29750.6091,18,0.5076,0.2312,0.2612,0
1783.813,266.2115,442939.8474,70,0.7022,0.0872,0.2106,1
196.7852,49.6283,28653.9837,2,0.6917,0.1115,0.1967,0
1225.0601,344.9108,301929.3876,68,0.8318,0.067,0.1012,1
191.8074,11.5357,24710.3727,1,0.8206,0.1794,0.0,0
230.5819,7.7455,42142.1118,9,0.868,0.132,0.0,0
265.6986,21.5672,49906.409,17,0.5995,0.2979,0.1026,0
666.4003,291.3205,105666.1527,82,0.6259,0.1328,0.2413,1
265.0294,31.8198,24462.8658,3,0.7654,0.1358,0.0987,0
17.0265,48.1077,24031.1178,19,0.5805,0.0958,0.3237,0
812.928,81.7898,366274.595,38,0.7758,0.2242,0.0,1
1986.6835,87.4101,301636.43,71,0.899,0.101,0.0,1
101.0291,27.232,36167.12,16,0.7298,0.0786,0.1916,0
581.5287,373.723,386401.1386,37,0.6325,0.033,0.3345,1
1871.8937,376.1754,432940.5513,54,0.7471,0.2529,0.0,1
84.2299,40.3229,44665.2284,2,0.5664,0.1186,0.315,0
260.9824,3.1759,43856.5943,4,0.8105,0.1159,0.0737,0
1894.1908,180.0369,153073.5332,31,0.9074,0.0926,0.0,1
239.5896,36.3431,41673.9096,6,0.6016,0.1482,0.2502,0
248.1569,26.6728,11016.2098,16,0.7201,0.2759,0.0039,0
1171.8423,470.5998,402234.4484,45,0.9612,0.0388,0.0,1
114.7403,9.357,44066.0642,2,0.5893,0.2623,0.1484,0
665.7949,87.9999,343422.4887,38,0.7769,0.17,0.0531,1
140.6672,17.4007,35712.3469,9,0.7215,0.2785,0.0,0
1571.7621,465.0733,324359.1542,54,0.7676,0.2324,0.0,1
165.0926,11.6784,20041.683,13,0.8459,0.1541,0.0,0
110.9238,31.7953,48770.01,17,0.5445,0.0661,0.3894,0
470.0722,239.8563,375534.852,97,0.7576,0.1662,0.0762,1
1441.0044,126.5947,236245.2818,84,0.9087,0.0845,0.0068,1
261.0492,16.8294,25148.3132,9,0.7324,0.1326,0.135,0
14.1861,8.7898,37606.1783,12,0.7205,0.1071,0.1724,0
23.7698,43.1647,9551.1371,8,0.7431,0.2569,0.0,0
220.4732,6.6822,49978.1696,8,0.8813,0.1187,0.0,0
234.0267,26.5293,34618.5585,19,0.5937,0.258,0.1483,0
940.4783,406.3808,249114.1362,35,0.6781,0.1725,0.1493,1
114.1907,23.3176,6705.1988,14,0.8471,0.1162,0.0367,0
276.3247,4.0816,21416.0386,6,0.8012,0.1988,0.0,0
42.1015,41.7318,48602.5348,13,0.8603,0.1397,0.0,0
1232.7379,337.091,220186.096,83,0.9805,0.0195,0.0,1
1908.9026,335.9556,329099.1106,33,0.6302,0.1653,0.2045,1
170.538,25.6802,24025.507,11,0.6621,0.2049,0.1331,0
46.0035,19.948,21690.176,18,0.6038,0.3089,0.0873,0
207.864,33.9595,39147.8776,19,0.8072,0.1928,0.0,0
91.9529,49.2487,41717.8797,17,0.7049,0.1517,0.1435,0
142.3987,31.2123,10112.2664,18,0.8009,0.1991,0.0,0
114.1635,4.6662,20007.3396,13,0.5904,0.39,0.0196,0
145.1357,7.7274,49791.0268,4,0.6255,0.3408,0.0337,0
443.8558,394.0071,188313.0706,87,0.7691,0.0117,0.2192,1
211.3711,13.6996,18143.9452,19,0.7278,0.2722,0.0,0
876.9592,380.499,485009.8337,29,0.9563,0.0437,0.0,1
192.3838,48.919,10511.644,3,0.6669,0.2262,0.1069,0
203.923,28.3236,32082.1586,6,0.6603,0.2221,0.1175,0
1467.0747,81.7995,216493.146,59,0.7872,0.0983,0.1145,1
170.591,3.7466,21558.6281,1,0.739,0.261,0.0,0
47.3744,36.4569,28081.275,12,0.597,0.1909,0.2122,0
619.1108,314.4942,390028.4044,43,0.7705,0.2295,0.0,1
50.5328,18.1588,29417.8368,9,0.8435,0.1565,0.0,0
1950.1064,111.7827,266645.5021,88,0.9094,0.0906,0.0,1
51.4322,37.4469,31559.7019,10,0.6984,0.266,0.0356,0
1186.5711,200.1959,142664.3129,17,0.6161,0.2653,0.1186,1
268.8196,46.5011,26639.4037,4,0.8075,0.1925,0.0,0
149.2413,45.0512,47781.0724,12,0.7021,0.2077,0.0901,0
259.3159,10.5961,37010.9849,19,0.7522,0.1077,0.1401,0
224.1125,10.2697,45000.0731,9,0.7998,0.0668,0.1334,0
1580.8486,80.5299,149900.1597,99,0.8165,0.0949,0.0887,1
66.4422,7.8376,36989.4386,10,0.7984,0.2016,0.0,0
539.3508,181.2365,273434.083,83,0.7188,0.0647,0.2165,1
56.9169,4.5194,49299.8209,13,0.7181,0.2714,0.0105,0
706.3684,438.2409,360222.1548,91,0.6414,0.1384,0.2202,1
123.9292,3.6579,13917.8818,12,0.5867,0.2483,0.165,0
1454.5476,98.141,193765.2516,36,0.7391,0.1692,0.0916,1
37.6525,1.1834,4009.6945,6,0.6247,0.3537,0.0216,0
80.573,8.2076,16226.3046,10,0.5996,0.0712,0.3292,0
203.8633,19.4485,42038.8656,10,0.7413,0.2335,0.0253,0
42.8951,10.1313,14989.5045,6,0.7856,0.1703,0.0441,0
123.5201,28.0436,2612.0999,9,0.6774,0.0618,0.2608,0
1169.2718,225.8091,93376.0334,50,0.8632,0.1368,0.0,1
211.2192,24.7541,11552.8476,19,0.8361,0.1639,0.0,0
127.5281,8.0509,49164.1972,9,0.6106,0.1281,0.2613,0
707.8149,156.1681,297757.829,61,0.8259,0.1741,0.0,1
143.2687,23.7295,3736.3423,5,0.7965,0.1144,0.0892,0
280.1509,13.408,37545.0747,1,0.8247,0.1399,0.0355,0
278.044,13.0824,15179.3488,12,0.6734,0.3266,0.0,0
62.2903,14.5943,14369.1737,6,0.8589,0.1411,0.0,0
107.4777,32.1899,25185.0632,1,0.5823,0.1928,0.2249,0
60.4097,35.2834,1943.6052,13,0.8676,0.0818,0.0506,0
1149.5103,238.4955,482843.9719,15,0.634,0.0044,0.3616,1
588.1689,455.7653,229104.519,46,0.8171,0.1204,0.0626,1
291.6941,21.6747,14990.9583,17,0.76,0.24,0.0,0
169.388,7.1707,46106.4751,3,0.8847,0.1153,0.0,0
123.2406,16.8161,40366.0268,3,0.88,0.12,0.0,0
278.4942,7.2813,48534.8457,10,0.6176,0.1123,0.27,0
1627.4115,324.6152,310727.3018,39,0.9369,0.0631,0.0,1
135.307,27.9738,567.7999,1,0.5533,0.3875,0.0592,0
13.9954,21.7666,42100.405,5,0.8033,0.0738,0.1229,0
106.1245,42.146,43842.176,16,0.8538,0.1462,0.0,0
203.8898,27.2463,12310.8334,4,0.5248,0.2529,0.2224,0
1362.3207,146.0751,316452.8268,88,0.8532,0.1468,0.0,1
1778.3332,467.5698,332189.6859,40,0.8529,0.0071,0.14,1
41.9466,49.986,23444.0355,12,0.5467,0.3753,0.0781,0
1027.9006,407.4218,256475.0935,50,0.9573,0.0427,0.0,1
202.8221,33.0967,5018.9409,4,0.7131,0.2869,0.0,0
199.3884,39.9355,4422.07,17,0.8274,0.0832,0.0894,0
260.1187,30.7414,41065.923,11,0.8727,0.1114,0.0158,0
245.1535,20.7391,17227.2503,15,0.6438,0.2222,0.134,0
143.9444,4.1078,44837.2189,7,0.8668,0.0777,0.0555,0
1037.6033,440.9232,157122.2065,66,0.9353,0.0647,0.0,1
277.493,29.3129,44137.1503,7,0.8104,0.1896,0.0,0
1317.0671,258.8361,273341.91,58,0.773,0.1421,0.0849,1
42.0706,11.4123,8072.073,18,0.7691,0.2181,0.0128,0
19.5316,43.1328,24133.329,1,0.666,0.3277,0.0063,0
637.0748,246.803,86363.2398,68,0.6996,0.2266,0.0738,1
157.0031,30.0586,41291.1541,4,0.8061,0.1939,0.0,0
456.9129,238.8881,147097.5607,55,0.9484,0.0516,0.0,1
27.5829,41.8353,15525.961,19,0.7468,0.1558,0.0975,0
1189.6595,192.0173,271560.7127,48,0.6852,0.0261,0.2887,1
1907.9507,166.7484,116762.5834,58,0.7068,0.2854,0.0079,1
116.2373,22.5898,22275.2152,14,0.7063,0.1378,0.1559,0
632.3936,426.5545,317650.312,34,0.7777,0.2021,0.0203,1
50.1275,31.6777,9865.5742,14,0.5858,0.3286,0.0856,0
180.3813,17.9057,34114.6097,16,0.6246,0.315,0.0604,0
268.6915,10.2363,38552.4889,5,0.8269,0.1731,0.0,0
152.7057,46.0291,41704.8194,16,0.5458,0.0674,0.3868,0
261.1819,20.7958,11504.7157,1,0.753,0.247,0.0,0
22.9832,40.0089,11908.2795,8,0.8991,0.1009,0.0,0
196.2904,17.9463,4321.675,8,0.548,0.3215,0.1305,0
123.537,3.2745,39852.7898,13,0.8006,0.1994,0.0,0
273.8398,35.6704,12750.5376,10,0.5306,0.2967,0.1727,0
117.5646,35.9145,10677.4736,15,0.8569,0.1431,0.0,0
1583.5193,434.5591,431341.2717,18,0.8712,0.1288,0.0,1
662.3222,219.0393,381808.4611,72,0.657,0.0706,0.2724,1
842.7102,412.6805,106966.8261,22,0.7353,0.0118,0.2529,1
1899.4417,291.6809,137530.539,47,0.8287,0.1713,0.0,1
48.9664,2.4947,28219.7337,9,0.7673,0.2327,0.0,0
56.5979,42.712,40800.1019,7,0.7818,0.2182,0.0,0
1638.8012,190.2415,339933.9066,48,0.8104,0.1491,0.0405,1
121.4019,40.3134,12994.7639,11,0.8637,0.1363,0.0,0
131.9647,35.6394,31243.8387,17,0.5588,0.1757,0.2654,0
263.7812,33.8479,45672.9459,2,0.5746,0.3733,0.0521,0
267.153,14.5375,36753.1532,8,0.7213,0.1031,0.1755,0
156.4945,6.185,23166.6035,16,0.7675,0.0691,0.1633,0
446.5516,278.8958,167782.9802,42,0.902,0.098,0.0,1
292.4918,32.9623,33213.4994,7,0.6494,0.1849,0.1657,0
58.6329,11.3962,21772.254,10,0.6453,0.2027,0.1519,0
81.5757,5.8661,41724.6501,5,0.8759,0.1241,0.0,0
23.2073,47.8225,9908.8964,5,0.8418,0.1582,0.0,0
67.4792,39.0141,4593.6853,9,0.5934,0.1824,0.2242,0
271.4566,19.9122,1653.2096,4,0.8047,0.1749,0.0205,0
1736.3346,236.7755,186086.8537,67,0.9556,0.0444,0.0,1
279.5761,28.6678,17660.9624,15,0.8072,0.1928,0.0,0
162.1536,41.3111,799.7525,11,0.8114,0.0554,0.1332,0
221.5536,42.5086,13983.2317,1,0.5751,0.3408,0.0841,0
32.778,16.8408,1052.9964,18,0.8077,0.0733,0.119,0
257.6761,9.3343,31812.3643,1,0.8085,0.1915,0.0,0
45.3314,13.7542,32101.3981,2,0.8069,0.0655,0.1276,0
98.6905,31.8226,13885.5649,9,0.7687,0.2313,0.0,0
1701.8736,410.0826,415018.9354,90,0.9923,0.0077,0.0,1
1430.1227,393.6962,211933.7377,21,0.6305,0.2749,0.0946,1
233.9104,19.6199,3450.0043,4,0.7196,0.057,0.2234,0
258.0925,2.7733,20779.7631,3,0.5807,0.3027,0.1167,0
20.3944,43.7362,31268.0535,13,0.8956,0.1044,0.0,0
1517.3718,375.5584,189126.1576,46,0.9327,0.0673,0.0,1
178.909,42.0003,29059.3731,17,0.6435,0.3565,0.0,0
1011.8344,253.378,404387.9556,64,0.7175,0.0782,0.2043,1
1467.8707,397.2218,89003.4136,73,0.7507,0.2493,0.0,1
973.7442,233.4326,112467.5694,28,0.8805,0.0777,0.0419,1
1830.6461,345.4246,445476.3347,81,0.6772,0.2022,0.1206,1
108.5234,29.2379,31588.937,18,0.6996,0.1864,0.114,0
249.7611,35.7604,37497.6462,17,0.5038,0.3235,0.1726,0
47.4871,36.92,42597.4695,3,0.7339,0.1896,0.0765,0
19.198,13.2549,30892.0186,5,0.5241,0.293,0.1828,0
93.7349,20.4404,6853.4644,13,0.5505,0.083,0.3665,0
239.6357,27.0742,46684.8709,19,0.8648,0.1352,0.0,0
289.654,20.0372,41419.7436,12,0.7267,0.1144,0.1589,0
212.0447,49.3038,28572.0681,9,0.8736,0.0653,0.0611,0
253.7672,46.2713,1657.5062,17,0.5044,0.2001,0.2954,0
1928.2756,348.2461,84595.6244,32,0.6618,0.1523,0.1858,1
231.3243,14.8958,32175.7945,2,0.8156,0.1844,0.0,0
116.8558,39.321,37444.8242,5,0.661,0.0611,0.2779,0
1693.7524,274.2566,470190.1298,74,0.7789,0.1886,0.0325,1
702.6427,312.7485,387282.0097,50,0.7499,0.0299,0.2201,1
40.5306,25.058,46308.8574,3,0.6889,0.1048,0.2062,0
897.5082,372.0048,132837.3681,30,0.9777,0.0223,0.0,1
1058.5213,304.1739,361207.3937,15,0.8923,0.1077,0.0,1
1355.8511,458.506,407288.7035,72,0.8112,0.1116,0.0772,1
1440.8546,481.9828,376578.8974,81,0.9352,0.0648,0.0,1
995.4065,419.6756,171561.2032,70,0.7163,0.1152,0.1685,1
172.5893,31.058,32673.1534,9,0.6436,0.3564,0.0,0
55.0781,24.5381,5928.8226,1,0.7625,0.0903,0.1472,0
93.6124,11.2511,22050.8999,6,0.5097,0.2713,0.219,0
156.0535,17.8794,23153.3889,1,0.6295,0.0556,0.315,0
1878.8849,428.8558,110001.4708,38,0.6202,0.2106,0.1692,1
262.6924,11.3646,8476.5965,13,0.597,0.1831,0.2199,0
31.0515,30.5356,10986.8452,1,0.5995,0.2078,0.1927,0
122.5646,14.0018,16765.9145,4,0.776,0.224,0.0,0
115.6157,34.2825,17990.5209,5,0.614,0.2234,0.1626,0
168.6782,34.8589,34270.0304,3,0.6654,0.1738,0.1608,0
198.2395,26.2465,22409.4687,12,0.8654,0.1346,0.0,0
1971.3189,188.7783,470269.593,80,0.7809,0.1512,0.0679,1
198.2706,33.021,44893.6453,11,0.6008,0.1599,0.2394,0
10.6695,43.3035,18625.9477,15,0.5196,0.3851,0.0954,0
29.6098,12.9418,16387.8859,1,0.64,0.36,0.0,0
432.1287,491.7095,310940.1098,41,0.9227,0.0773,0.0,1
144.7571,8.099,30275.136,15,0.7096,0.1951,0.0953,0
816.3991,126.6115,381739.829,51,0.8531,0.1469,0.0,1
53.6952,25.5562,27678.4356,4,0.5255,0.0508,0.4237,0
158.4922,35.0753,8716.7695,16,0.8927,0.1073,0.0,0
229.9069,13.5341,46412.6504,6,0.6406,0.3594,0.0,0
90.273,14.67,39693.2445,7,0.7376,0.2624,0.0,0
170.1916,26.3233,17242.568,1,0.5869,0.0871,0.326,0
1750.3581,153.5982,221147.1976,45,0.8638,0.0181,0.1181,1
131.8361,17.0196,15423.2113,6,0.5355,0.1895,0.275,0
210.5111,46.7432,38224.8361,3,0.6199,0.2969,0.0832,0
1684.0657,450.1253,279752.9201,49,0.6359,0.125,0.2391,1
159.1359,8.2997,48685.784,13,0.6957,0.3043,0.0,0
1191.2426,246.8048,251981.6697,51,0.7077,0.086,0.2063,1
104.3494,11.9085,4094.229,8,0.6839,0.2474,0.0688,0
14.7798,25.7617,20710.6613,15,0.7731,0.2269,0.0,0
115.6649,27.2039,31717.2146,11,0.6879,0.3121,0.0,0
225.0682,25.0708,13675.0247,12,0.8557,0.1443,0.0,0
1007.5238,282.3256,339445.5104,29,0.9603,0.0397,0.0,1
1438.0123,483.4554,382775.9963,53,0.8882,0.0275,0.0843,1
106.9942,38.6668,6987.3206,13,0.7796,0.2045,0.0159,0
211.9329,46.6534,16805.7845,16,0.5422,0.1782,0.2796,0
227.9407,15.4529,27673.8007,15,0.6162,0.2135,0.1702,0
914.2692,139.1365,92863.9506,72,0.7219,0.0595,0.2186,1
1955.1258,334.2809,359326.6504,92,0.9339,0.0661,0.0,1
249.1526,14.6525,7534.7161,18,0.7162,0.2782,0.0056,0
266.1068,40.6332,3193.4447,9,0.6424,0.2474,0.1102,0
16.9746,25.0517,37297.4326,15,0.8684,0.1316,0.0,0
825.3008,389.022,173787.3415,79,0.8314,0.1401,0.0286,1
13.6352,40.9597,47624.7626,6,0.6498,0.1219,0.2283,0
215.8724,30.2478,16249.8279,10,0.7939,0.0864,0.1196,0
241.7412,33.3421,4990.4643,13,0.5486,0.2603,0.1911,0
183.3782,40.3095,20932.5513,4,0.5733,0.1008,0.3258,0
1365.6255,316.8779,279373.3398,48,0.7378,0.1744,0.0877,1
155.0196,44.2175,33822.5419,5,0.8716,0.1284,0.0,0
171.5108,34.5017,15498.2686,19,0.5264,0.2955,0.1781,0
274.8958,28.333,45686.6204,17,0.7303,0.2054,0.0643,0
1357.764,192.3047,182388.9652,83,0.6015,0.2789,0.1196,1
18.7636,30.7005,45370.1945,15,0.6769,0.1726,0.1505,0
80.333,24.4619,23292.3075,8,0.8097,0.079,0.1113,0
247.568,4.7086,15839.0525,1,0.8058,0.1699,0.0243,0
147.5807,22.1381,43924.6087,19,0.709,0.058,0.2329,0
16.5865,38.9088,26881.7291,8,0.8493,0.1507,0.0,0
63.2997,32.9844,45190.4992,9,0.8682,0.1318,0.0,0
122.2346,16.9796,9937.8141,12,0.5801,0.3745,0.0455,0
128.6506,47.5375,46463.5252,12,0.779,0.1795,0.0415,0
132.9479,25.0693,49001.8786,1,0.8431,0.1055,0.0514,0
14.1218,44.5394,12123.1173,9,0.7613,0.1103,0.1285,0
76.3072,39.5214,22144.3592,9,0.6922,0.2655,0.0423,0
661.1884,135.3829,203800.9147,19,0.8141,0.0557,0.1302,1
274.5197,5.9492,3648.5344,4,0.5013,0.3894,0.1092,0
500.8014,99.9454,261623.0565,27,0.9422,0.0578,0.0,1
27.0523,43.6772,37704.33,3,0.8401,0.1599,0.0,0
149.3624,24.5407,20586.327,8,0.8165,0.105,0.0785,0
258.2315,27.5603,48852.002,18,0.674,0.2821,0.0439,0
194.307,42.6149,16529.2435,16,0.7929,0.2071,0.0,0
876.7188,464.6775,363534.7396,39,0.6502,0.2501,0.0997,1
260.444,12.5267,15689.6711,16,0.7108,0.2372,0.052,0
108.7713,31.6304,24642.243,11,0.5031,0.2129,0.284,0
894.5806,151.9622,416491.0739,45,0.8315,0.1266,0.0419,1
1806.0629,384.1364,470886.2903,59,0.7593,0.0987,0.142,1
43.8441,10.8479,7173.5414,3,0.659,0.1335,0.2075,0
1279.5853,105.8897,134396.6888,35,0.9496,0.0504,0.0,1
271.8202,8.6183,23122.6481,15,0.6012,0.2592,0.1396,0
30.6153,15.7948,22846.0083,6,0.7851,0.0862,0.1287,0
162.8364,28.2984,17952.8113,6,0.8288,0.1703,0.001,0
270.1397,48.1668,47371.9283,16,0.7583,0.2417,0.0,0
236.5753,7.2629,32877.9568,3,0.7084,0.0534,0.2382,0
78.6896,37.409,2089.8398,16,0.7602,0.2093,0.0305,0
205.6957,13.8104,17814.3544,15,0.8652,0.1348,0.0,0
53.9825,3.6093,37631.4296,19,0.7923,0.1149,0.0927,0
1357.7664,361.5798,284726.1289,77,0.8516,0.1484,0.0,1
170.9072,21.3596,30132.2032,9,0.5368,0.2273,0.2359,0
785.9883,269.1579,339065.3919,19,0.9545,0.0455,0.0,1
299.2201,35.1848,10194.4837,5,0.6733,0.3095,0.0172,0
1031.0888,490.4374,245721.398,15,0.7127,0.1314,0.156,1
1928.074,191.571,95898.4153,36,0.7535,0.2465,0.0,1
39.5179,36.2257,3641.5115,19,0.8513,0.1487,0.0,0
1664.1767,198.1204,449568.0057,35,0.8633,0.1247,0.012,1
154.1563,5.282,13751.255,7,0.8454,0.0648,0.0898,0
200.2058,21.8643,7925.1179,1,0.7997,0.2003,0.0,0
289.4382,4.7714,48316.0468,18,0.5516,0.3628,0.0855,0
590.8118,179.5166,176647.1118,92,0.629,0.1102,0.2608,1
149.1604,48.6452,20309.8651,15,0.7982,0.2018,0.0,0
118.4373,43.8111,42962.4016,2,0.8203,0.1797,0.0,0
239.6726,10.8745,32610.983,5,0.573,0.3518,0.0752,0
10.7186,8.5167,31684.1092,16,0.8678,0.1322,0.0,0
115.6165,42.3704,9314.1927,15,0.7785,0.1767,0.0448,0
138.333,21.9246,10632.981,17,0.5419,0.3891,0.069,0
183.5733,43.146,28923.5222,5,0.5748,0.3814,0.0438,0
1218.4531,278.2265,223235.6853,48,0.971,0.029,0.0,1
89.3123,38.1467,27658.3005,7,0.6052,0.0533,0.3415,0
101.3148,24.6734,35623.0923,13,0.6365,0.1807,0.1828,0
257.6555,18.8785,5525.1997,16,0.8143,0.1857,0.0,0
144.5893,14.6936,2712.4949,9,0.7643,0.2357,0.0,0
12.0548,32.1133,43221.8795,8,0.6975,0.132,0.1706,0
206.583,43.3784,9994.1702,6,0.8247,0.1753,0.0,0
66.6334,49.3475,36182.9022,14,0.6875,0.3125,0.0,0
148.9287,15.6295,13984.9812,12,0.672,0.2335,0.0945,0
229.6313,22.2376,5664.1796,8,0.7415,0.2585,0.0,0
184.9011,34.5543,5192.5114,7,0.7461,0.2183,0.0356,0
123.175,4.4398,11936.3923,3,0.7802,0.1972,0.0226,0
259.5246,9.3646,15030.7161,3,0.5147,0.1678,0.3175,0
183.6689,38.7316,31534.3473,18,0.8094,0.1906,0.0,0
170.6859,33.6049,30507.5605,15,0.8332,0.1668,0.0,0
142.9291,49.6236,23716.7903,1,0.5179,0.2656,0.2166,0
85.9499,25.3985,29037.6797,10,0.6914,0.3086,0.0,0
174.412,15.951,33424.4382,19,0.54,0.1145,0.3455,0
212.455,5.4197,42315.9879,19,0.5916,0.3286,0.0797,0
232.3435,6.0361,26885.2087,12,0.7664,0.1287,0.1049,0
228.1754,36.187,43931.8768,18,0.6367,0.1731,0.1903,0
10.0912,10.5648,45382.4453,16,0.8015,0.1985,0.0,0
265.8046,2.2604,36325.585,1,0.6658,0.2441,0.0901,0
66.7384,15.9367,13490.315,5,0.8866,0.1134,0.0,0
50.8863,38.2472,46732.005,9,0.7559,0.2441,0.0,0
533.4144,261.6852,208136.3553,75,0.8538,0.0857,0.0605,1
1865.4231,175.229,285219.7466,16,0.916,0.084,0.0,1
290.5499,40.3548,29652.9881,11,0.7777,0.2223,0.0,0
1886.2754,306.9877,424872.5137,95,0.9149,0.0851,0.0,1
97.5131,36.0416,36196.664,17,0.898,0.102,0.0,0
82.9961,26.4027,28678.3195,4,0.7893,0.2107,0.0,0
268.9424,39.7123,33926.1727,13,0.6834,0.077,0.2396,0
1424.9065,298.4987,383230.1197,55,0.8922,0.1078,0.0,1
253.0143,28.832,37388.6137,10,0.6329,0.323,0.0441,0
1781.7582,462.9281,450704.1112,61,0.6601,0.2301,0.1098,1
1680.7164,375.7127,138048.4909,58,0.7609,0.1045,0.1346,1
946.1311,199.0154,485553.1774,18,0.7241,0.1278,0.1481,1
187.5132,2.7654,18949.2517,3,0.8311,0.1689,0.0,0
151.7984,23.9789,15533.9802,5,0.7076,0.2924,0.0,0
129.1696,45.0556,20441.8216,8,0.8598,0.1402,0.0,0
1769.4555,255.9161,265542.8018,74,0.7081,0.0985,0.1934,1
257.0417,32.8756,46503.5477,10,0.5959,0.0656,0.3384,0
184.0085,20.1494,20166.3611,8,0.8548,0.1165,0.0287,0
165.5815,49.6733,9501.1187,1,0.541,0.0716,0.3874,0
272.6612,48.4172,5764.6405,10,0.8226,0.1774,0.0,0
34.603,47.8501,26973.7483,13,0.7457,0.2353,0.019,0
220.5289,5.6688,46476.5501,16,0.5142,0.1547,0.331,0
28.3653,32.3328,23471.9093,8,0.6079,0.1692,0.2229,0
247.7271,6.3104,3926.4044,7,0.5129,0.3055,0.1816,0
74.8278,45.8389,8672.4341,8,0.8855,0.1145,0.0,0
160.903,33.4959,4737.9956,5,0.5466,0.0587,0.3947,0
239.7947,33.2393,21376.6829,11,0.5017,0.3337,0.1646,0
641.688,318.6541,257023.3646,25,0.9452,0.0548,0.0,1
264.4641,19.3,5724.4656,6,0.7488,0.2512,0.0,0
1136.7869,450.2348,140388.4277,25,0.6988,0.0428,0.2584,1
298.711,20.8268,31576.556,5,0.5337,0.3375,0.1288,0
1310.9102,286.8777,157684.7214,52,0.9029,0.06,0.0371,1
258.4536,33.1265,6176.1459,10,0.6076,0.1795,0.2129,0
71.2541,9.2487,36222.2177,11,0.772,0.228,0.0,0
264.9755,17.017,41525.416,10,0.7415,0.2119,0.0466,0
24.2315,35.6256,1560.8006,16,0.6793,0.3207,0.0,0
99.0883,33.2916,40287.4214,5,0.7149,0.2851,0.0,0
130.9453,45.5266,38272.2404,11,0.7175,0.2825,0.0,0
638.2575,94.203,299076.4533,45,0.959,0.041,0.0,1
216.1208,16.8037,45312.0324,14,0.851,0.149,0.0,0
197.4243,37.4156,34038.3834,1,0.6395,0.3605,0.0,0
190.2838,2.1236,46088.2685,1,0.5933,0.3237,0.083,0
806.1103,298.4296,122502.7159,91,0.7531,0.0536,0.1933,1
51.0628,39.5104,558.9281,18,0.7698,0.2302,0.0,0
17.7076,9.9549,43334.8059,2,0.8691,0.1309,0.0,0
67.9198,16.9483,21236.2576,17,0.8498,0.1502,0.0,0
24.6003,1.9741,27799.6642,5,0.7406,0.2429,0.0165,0
1500.9125,205.3418,374926.3422,84,0.7375,0.207,0.0555,1
70.6904,23.33,30922.0634,19,0.5986,0.3807,0.0207,0
1155.0825,174.6161,491158.9435,49,0.743,0.1601,0.0969,1
295.9868,2.3679,41713.7019,2,0.513,0.0704,0.4166,0
1547.679,271.6318,442443.1971,88,0.7908,0.2022,0.007,1
543.1945,226.7677,328843.084,81,0.7496,0.1796,0.0707,1
684.1389,104.8056,286313.4169,34,0.7317,0.0264,0.2419,1
102.5484,3.2738,29515.0416,1,0.6362,0.2289,0.1349,0
1337.2021,332.7305,106661.572,63,0.7563,0.1528,0.0909,1
183.821,33.3476,47311.6832,4,0.8383,0.0569,0.1048,0
853.4553,472.086,440056.4202,66,0.8065,0.0298,0.1637,1
171.4814,35.2645,45061.5071,2,0.8568,0.1432,0.0,0
17.6007,38.5838,40846.3694,4,0.7967,0.2033,0.0,0
124.0698,18.4392,30093.4003,16,0.7467,0.2533,0.0,0
1100.8072,228.0989,254282.632,82,0.7916,0.0442,0.1641,1
70.9253,36.1013,9600.8738,6,0.5121,0.2798,0.2081,0
159.0422,38.1222,49736.1396,12,0.879,0.121,0.0,0
171.6992,44.4211,47565.9102,1,0.8152,0.0857,0.0991,0
163.2265,37.9355,26183.612,18,0.5541,0.062,0.3839,0
1459.5015,143.9383,480498.2439,58,0.9458,0.0542,0.0,1
424.9349,454.773,154832.8073,47,0.8909,0.1091,0.0,1
686.8489,252.6263,260132.4648,57,0.8802,0.0349,0.0849,1
81.319,5.7806,26703.5266,8,0.7365,0.2489,0.0146,0
124.9444,47.0665,6066.0872,14,0.7035,0.0842,0.2123,0
245.4456,39.8602,37428.1843,5,0.5325,0.2539,0.2136,0
71.7158,9.7183,27965.3391,18,0.7681,0.2319,0.0,0
402.5481,121.056,456913.1659,99,0.878,0.0098,0.1122,1
54.5127,10.481,49741.007,19,0.5588,0.1671,0.2741,0
106.3141,31.4131,43591.5186,15,0.8212,0.1788,0.0,0
164.4004,40.6641,31590.379,14,0.6072,0.1817,0.2111,0
186.4409,3.0627,3463.4634,9,0.7043,0.1122,0.1835,0
48.035,6.2761,14212.3625,6,0.7058,0.2658,0.0284,0
10.8877,8.4701,28010.6055,18,0.7407,0.2593,0.0,0
60.2272,28.7861,14062.4529,5,0.7668,0.1506,0.0826,0
113.6372,43.3111,44993.5015,9,0.5011,0.2897,0.2092,0
779.4828,391.2436,311592.1779,97,0.7738,0.2119,0.0143,1
93.3739,11.3678,3062.2099,3,0.8822,0.1178,0.0,0
1207.4866,288.2737,234070.7558,46,0.9565,0.0435,0.0,1
241.4814,28.0213,753.0694,15,0.5905,0.3164,0.0932,0
893.7819,229.2018,114404.6952,83,0.7851,0.1655,0.0495,1
234.6638,35.455,42218.8157,2,0.7558,0.2442,0.0,0
184.3533,44.7025,25225.7164,1,0.6824,0.2965,0.0211,0
200.361,36.2996,47901.3846,1,0.7655,0.2345,0.0,0
78.6321,17.8472,24344.1561,3,0.8715,0.1285,0.0,0
63.4007,1.3294,29794.3848,13,0.5765,0.0849,0.3385,0
159.5618,15.0027,44008.2214,17,0.676,0.1904,0.1336,0
91.0376,47.9064,3454.9859,11,0.6097,0.1598,0.2305,0
1435.937,309.6156,163701.1066,70,0.6726,0.0483,0.2791,1
143.6232,20.9684,32239.6028,17,0.8492,0.1482,0.0026,0
257.3065,41.9747,13908.1402,13,0.7923,0.0582,0.1495,0
116.8313,5.2107,11936.1172,2,0.619,0.0522,0.3288,0
251.9826,21.0606,7467.1813,8,0.6748,0.1541,0.1711,0
214.4031,41.1683,33756.3563,6,0.8746,0.1254,0.0,0
227.3593,14.7727,47776.7363,10,0.5165,0.1131,0.3704,0
74.3667,4.026,36594.6333,16,0.5524,0.3967,0.051,0
98.3419,44.7821,19302.3711,16,0.5669,0.3723,0.0608,0
193.5461,7.1673,19395.8507,15,0.7628,0.0766,0.1606,0
81.8735,6.864,14747.6158,6,0.5921,0.3902,0.0177,0
219.319,41.6288,21973.232,13,0.6824,0.1005,0.2171,0
66.6201,1.7632,40698.9027,19,0.7826,0.1348,0.0826,0
78.055,47.1611,47232.0065,15,0.863,0.0686,0.0684,0
119.6167,44.4396,43446.1478,12,0.8869,0.1131,0.0,0
144.6765,26.405,32303.1335,10,0.6905,0.263,0.0465,0
46.517,48.5409,44034.447,4,0.6397,0.3603,0.0,0
201.1272,41.2087,8280.6594,18,0.5365,0.3994,0.064,0
104.5872,40.9572,38923.1593,12,0.8943,0.1057,0.0,0
131.3004,26.3121,32000.6809,17,0.6228,0.1715,0.2057,0
26.6143,25.9482,43162.3941,12,0.878,0.122,0.0,0
839.512,492.708,321024.1428,19,0.8809,0.1191,0.0,1
120.7565,26.2944,14466.9067,19,0.5528,0.1269,0.3203,0
43.8152,7.6866,26447.2164,14,0.8306,0.1694,0.0,0
81.3345,14.7696,4098.3277,6,0.5859,0.2833,0.1309,0
583.1271,170.8275,370497.322,84,0.9332,0.0668,0.0,1
189.4273,37.0968,49443.1011,13,0.5905,0.3921,0.0174,0
1489.937,202.2557,271690.4259,64,0.8323,0.1677,0.0,1
214.5196,41.7234,27034.4724,3,0.6274,0.3726,0.0,0
595.7649,340.5901,326049.4488,44,0.7137,0.2844,0.0019,1
851.7509,152.2588,291928.733,57,0.9985,0.0015,0.0,1
754.9624,473.491,477206.0445,81,0.6348,0.2619,0.1033,1
228.1811,19.1668,18344.2199,18,0.887,0.113,0.0,0
193.2224,30.0665,40923.7626,16,0.6138,0.2041,0.1821,0
295.5612,26.1149,49395.7973,18,0.6959,0.1413,0.1628,0
56.9421,5.4946,8524.0983,10,0.6972,0.2006,0.1022,0
261.22,26.9732,37613.893,7,0.5154,0.0616,0.423,0
229.1065,48.9168,8284.0663,7,0.5414,0.2534,0.2051,0
11.6238,32.6045,44021.598,12,0.5639,0.2058,0.2303,0
80.4659,5.1426,24510.1547,7,0.8811,0.1189,0.0,0
31.3718,6.4092,6611.4443,12,0.7923,0.2077,0.0,0
437.2545,350.8637,122526.5377,86,0.8424,0.1076,0.0501,1
37.5155,27.5064,12396.8322,18,0.7109,0.0855,0.2036,0
870.7266,369.4457,257778.5467,71,0.706,0.0327,0.2613,1
191.5316,12.9955,40559.1182,15,0.8666,0.1334,0.0,0
62.0527,41.9701,8747.3297,1,0.649,0.351,0.0,0
48.4384,26.0355,23367.7679,2,0.651,0.2959,0.0531,0
99.5371,33.096,48793.098,3,0.7059,0.0632,0.231,0
226.4383,47.5661,37252.6106,3,0.6356,0.2422,0.1222,0
1563.0422,379.2258,250365.3228,25,0.8083,0.1917,0.0,1
136.1781,2.1063,2535.1578,1,0.8841,0.1159,0.0,0
68.5168,4.9989,3955.8403,11,0.6625,0.2765,0.0611,0
141.0173,27.6966,24073.4514,15,0.7612,0.2229,0.0159,0
87.2744,2.7375,22143.1434,8,0.664,0.2787,0.0574,0
143.6701,1.4936,19172.6739,17,0.7775,0.2225,0.0,0
110.0111,49.4876,6445.8365,11,0.6296,0.3704,0.0,0
184.2489,27.8911,13464.8713,6,0.5795,0.1676,0.2529,0
68.8386,47.1855,44533.0743,19,0.8975,0.1025,0.0,0
1984.0133,435.6075,447606.9104,22,0.6761,0.0143,0.3095,1
70.4012,37.3896,22927.1371,18,0.5403,0.0774,0.3824,0
174.5479,12.6058,47866.2592,10,0.5617,0.3474,0.0909,0
1204.4498,429.8864,280629.7967,19,0.6524,0.0264,0.3212,1
90.6264,46.7363,45170.2951,19,0.7945,0.2055,0.0,0
1422.6102,81.8484,224522.7241,86,0.8782,0.0142,0.1076,1
190.6268,4.3004,29066.6233,18,0.6036,0.1531,0.2433,0
1511.7456,230.4469,411369.2346,48,0.8151,0.0224,0.1624,1
602.0995,94.4659,376619.352,63,0.7638,0.1778,0.0584,1
280.229,38.6144,47639.1722,10,0.8187,0.0784,0.1029,0
57.1974,41.6151,40574.8924,5,0.5286,0.2876,0.1837,0
1801.2011,441.2892,105215.5505,19,0.8855,0.1145,0.0,1
1794.3118,356.9767,468954.392,43,0.788,0.1555,0.0565,1
131.5432,26.3319,2808.0771,9,0.6519,0.3212,0.0269,0
227.0963,8.6839,47514.2538,16,0.7063,0.0911,0.2026,0
97.6008,31.6373,9858.1638,6,0.668,0.332,0.0,0
784.8887,211.4209,84151.4494,50,0.8512,0.1488,0.0,1
215.6227,32.0569,23735.1162,19,0.5341,0.3596,0.1062,0
486.8614,82.4803,261369.9616,82,0.8815,0.0452,0.0732,1
941.4571,252.127,94358.4361,94,0.8458,0.1542,0.0,1
178.3965,33.2012,48962.1683,16,0.8483,0.1517,0.0,0
231.8463,33.1057,28232.6384,19,0.7158,0.2842,0.0,0
252.3336,15.2856,8741.2917,13,0.8125,0.0728,0.1147,0
145.0697,49.4214,16249.2383,3,0.5273,0.349,0.1238,0
228.5935,22.5883,49846.8541,5,0.5681,0.3675,0.0645,0
413.1536,227.8256,80024.0799,52,0.676,0.0847,0.2393,1
261.8649,5.1609,32163.736,3,0.6343,0.3488,0.0169,0
693.2158,393.2379,447776.0637,59,0.8678,0.1272,0.005,1
224.1883,8.9638,27461.5178,5,0.8196,0.1315,0.0488,0
1039.9033,351.2055,232607.387,80,0.9847,0.0153,0.0,1
113.0132,7.3035,29174.6628,6,0.6469,0.1068,0.2463,0
47.8356,5.6854,32089.8188,11,0.7598,0.2402,0.0,0
136.648,18.6808,32363.9504,5,0.596,0.084,0.32,0
276.3429,5.2606,30042.9646,18,0.7068,0.2932,0.0,0
282.4767,31.3712,35114.0639,14,0.7858,0.1419,0.0723,0
225.9836,26.2563,32027.5871,15,0.7947,0.2053,0.0,0
136.9922,40.1059,37320.4908,13,0.6079,0.1252,0.2669,0
58.9732,46.3209,34141.7076,18,0.7737,0.2263,0.0,0
228.5036,48.4598,27170.5441,11,0.8718,0.1282,0.0,0
46.942,9.7487,37343.1837,8,0.6053,0.3907,0.004,0
1685.4826,124.6615,285748.2954,48,0.8808,0.1086,0.0106,1
125.2675,44.5739,10811.8472,8,0.7671,0.2195,0.0134,0
293.0983,17.4036,49263.3897,18,0.8362,0.0645,0.0993,0
275.6569,2.3104,37784.7499,4,0.5389,0.2872,0.1739,0
237.5656,18.3603,9866.2546,12,0.7567,0.2433,0.0,0
187.1864,34.8303,18901.602,2,0.7728,0.0613,0.1659,0
56.5706,47.0541,27087.6138,8,0.656,0.0738,0.2702,0
214.0955,42.565,11862.1139,18,0.5839,0.1449,0.2711,0
176.3225,17.0434,19755.2159,3,0.5841,0.0675,0.3484,0
1018.098,302.7942,322159.3955,55,0.6212,0.1881,0.1907,1
103.5222,18.1561,7157.4627,4,0.5858,0.1951,0.2191,0
17.9888,21.8622,37235.0515,3,0.8969,0.1031,0.0,0
1564.6208,90.6746,439936.7478,80,0.6693,0.1943,0.1364,1
119.372,31.4461,13656.4175,10,0.714,0.286,0.0,0
203.6977,36.2007,38555.0677,17,0.6326,0.0937,0.2737,0
272.8026,48.5949,23712.7846,17,0.5508,0.0863,0.3629,0
56.5151,24.9534,32219.144,16,0.708,0.2251,0.0669,0
123.6974,2.7373,13828.8458,4,0.5151,0.0598,0.4251,0
130.8168,8.1452,38329.8483,5,0.7712,0.2288,0.0,0
688.6582,162.4112,256360.849,68,0.7017,0.279,0.0193,1
178.9779,35.7229,43058.2459,17,0.8673,0.1327,0.0,0
524.7017,458.7395,224866.73,17,0.9437,0.0563,0.0,1
1672.8563,349.038,155454.865,90,0.6583,0.2497,0.092,1
214.937,46.7434,39763.4565,19,0.6064,0.0559,0.3376,0
167.5719,49.1801,26444.1713,4,0.8057,0.1943,0.0,0
252.1339,40.3801,41399.0149,5,0.8184,0.0724,0.1092,0
133.6108,32.5938,49384.0247,2,0.5761,0.1276,0.2963,0
946.3894,190.7217,439040.1226,24,0.9042,0.0958,0.0,1
93.4798,45.3583,8008.1017,14,0.7501,0.1155,0.1344,0
256.3362,8.8487,39868.7279,1,0.6345,0.274,0.0915,0
16.3732,17.2348,47734.942,7,0.673,0.2814,0.0456,0
1215.0923,292.9736,368835.8967,87,0.9881,0.0119,0.0,1
1934.3807,497.7919,116362.5562,69,0.9319,0.0681,0.0,1
242.2528,7.8262,12356.8023,2,0.7512,0.2433,0.0055,0
134.5924,31.4472,22760.9948,10,0.648,0.0724,0.2796,0
272.12,38.6721,24672.6824,18,0.7504,0.2166,0.033,0
99.7358,4.791,9438.4421,11,0.5297,0.1534,0.3169,0
162.2352,44.6727,3207.0367,3,0.5976,0.0593,0.3431,0
191.9594,13.4377,15321.7304,14,0.6748,0.1948,0.1304,0
272.1523,36.0082,11546.3234,8,0.546,0.193,0.261,0
236.7641,46.1611,10887.3346,13,0.5121,0.0511,0.4367,0
950.0175,331.7856,283923.8935,43,0.789,0.1062,0.1049,1
174.775,34.7147,41870.3159,10,0.6249,0.0762,0.299,0
1865.6799,388.1228,271823.1099,97,0.7075,0.2818,0.0106,1
231.9858,12.1505,1648.6435,18,0.8991,0.1009,0.0,0
157.5289,4.7378,26308.8689,15,0.805,0.1435,0.0515,0
282.9115,46.2165,34371.8681,10,0.7389,0.1989,0.0621,0
48.2089,31.9007,46686.375,7,0.67,0.1277,0.2023,0
1943.4188,487.6305,373185.5813,44,0.936,0.064,0.0,1
203.1781,32.9126,18109.16,4,0.5221,0.224,0.2539,0
1593.453,247.2247,132558.3714,42,0.6787,0.2148,0.1065,1
1277.759,493.3058,490091.8162,82,0.646,0.2099,0.1441,1
30.7537,32.9319,1020.7925,2,0.5868,0.1142,0.299,0
269.1855,9.5464,38061.5255,9,0.527,0.1944,0.2786,0
35.4356,33.6105,3337.1102,10,0.5345,0.3541,0.1114,0
135.0943,47.4232,10605.8651,15,0.6025,0.0948,0.3027,0
224.3316,13.1659,3003.0289,4,0.508,0.1549,0.3371,0
86.6008,47.7889,33528.1676,7,0.7048,0.1793,0.1159,0
266.0258,20.8378,48642.0805,2,0.5073,0.2828,0.2099,0
243.2403,31.3864,21896.7695,2,0.7937,0.1424,0.0639,0
123.8461,3.6113,32974.0802,9,0.8253,0.1675,0.0072,0
296.1215,31.0275,19148.7528,4,0.7043,0.0697,0.226,0
147.5089,43.863,23779.6635,19,0.8073,0.1927,0.0,0
38.3585,25.474,11064.1264,14,0.8136,0.1864,0.0,0
20.6465,39.0947,45835.1433,13,0.6865,0.3135,0.0,0
94.7781,18.7042,29485.1518,5,0.8678,0.1322,0.0,0
99.0681,20.2579,10368.5105,17,0.6044,0.2114,0.1842,0
84.6611,21.4686,13520.7596,14,0.5496,0.2736,0.1768,0
211.7773,40.6746,28969.6988,18,0.803,0.077,0.12,0
104.1781,26.9467,29577.1582,14,0.8595,0.0894,0.0511,0
1428.2984,432.5665,344414.4619,35,0.6542,0.2406,0.1052,1
56.379,36.6005,41410.7638,2,0.6681,0.1299,0.202,0
247.4118,47.402,8973.1958,1,0.6606,0.3093,0.03,0
1569.2342,475.6043,426458.3598,28,0.7489,0.1105,0.1406,1
104.4515,20.1937,7352.5461,12,0.7905,0.2095,0.0,0
1334.2007,467.3607,153326.0213,45,0.651,0.0113,0.3377,1
250.7056,16.2338,8360.6307,8,0.8167,0.1411,0.0422,0
177.1529,33.7892,29373.4354,3,0.8694,0.1306,0.0,0
1476.1971,447.2844,85515.1517,57,0.8513,0.0568,0.0918,1
115.4829,10.4396,6362.7218,6,0.5218,0.1797,0.2986,0
1777.055,390.6678,114147.2062,67,0.6556,0.2966,0.0478,1
263.7067,3.111,48252.1144,12,0.6734,0.1507,0.1759,0
270.2176,37.4538,33489.3898,19,0.7614,0.2386,0.0,0
229.4283,4.2031,29305.8882,19,0.5417,0.1199,0.3384,0
94.0519,34.4411,16171.1816,12,0.6775,0.3225,0.0,0
65.2864,4.4072,32247.4391,12,0.8235,0.1765,0.0,0
106.0628,43.1851,41650.9359,17,0.8473,0.1527,0.0,0
68.4756,28.3404,48190.1904,14,0.5778,0.2181,0.2041,0
22.1993,9.9073,7589.807,11,0.6981,0.1532,0.1487,0
1748.2107,192.25,348757.9972,96,0.7759,0.2241,0.0,1
270.3419,14.6007,18457.39,10,0.8045,0.1955,0.0,0
255.2779,22.6325,44668.0266,19,0.5437,0.0759,0.3804,0
708.1807,350.8677,94989.3474,72,0.8035,0.1965,0.0,1
40.4727,27.8919,20706.7848,2,0.5153,0.242,0.2427,0
237.5814,20.2268,7785.7394,18,0.6944,0.225,0.0806,0
169.5695,25.4682,17768.1159,4,0.7609,0.2391,0.0,0
1770.3514,238.6031,461296.213,69,0.7452,0.0376,0.2173,1
20.8912,25.004,31249.186,9,0.7158,0.1308,0.1534,0
201.0654,48.2489,45772.387,6,0.601,0.1712,0.2279,0
140.8524,49.7018,48914.0482,3,0.5667,0.2234,0.2098,0
670.9663,353.5897,381715.4777,96,0.8833,0.1167,0.0,1
149.5257,15.2776,24015.1077,9,0.7251,0.0524,0.2225,0
131.39,33.1749,15367.7853,10,0.7081,0.0531,0.2388,0
1177.4935,224.6326,382531.5306,15,0.6179,0.0241,0.358,1
122.838,11.7938,21242.8901,18,0.7079,0.2762,0.0159,0
132.6427,24.6718,40776.013,2,0.8623,0.1377,0.0,0
1850.1779,427.2572,449007.3964,99,0.8076,0.0064,0.186,1
132.3122,12.6371,5509.7015,5,0.6748,0.2952,0.03,0
296.6498,30.0161,14723.5706,13,0.5488,0.3341,0.1171,0
11.5953,40.0134,1190.195,11,0.6602,0.3052,0.0346,0
451.1773,490.6874,94778.369,73,0.644,0.1262,0.2298,1
230.0706,39.1159,40623.938,7,0.671,0.329,0.0,0
154.4195,44.9312,35000.7863,12,0.5907,0.1486,0.2606,0
38.1917,12.8419,10616.8585,8,0.5261,0.3818,0.0921,0
138.4451,3.0769,20446.4063,15,0.5864,0.3795,0.0341,0
1959.0894,353.0526,238843.0604,64,0.6612,0.0911,0.2477,1
103.2176,19.5297,25727.7776,3,0.5051,0.0534,0.4415,0
273.4202,37.1326,28644.376,15,0.8336,0.1664,0.0,0
77.5272,19.2354,49946.7567,3,0.7098,0.2849,0.0053,0
126.629,18.3767,20623.9403,3,0.613,0.2214,0.1655,0
58.7202,31.6425,45112.8155,1,0.7147,0.091,0.1943,0
109.7334,11.5873,27159.2077,7,0.6876,0.3124,0.0,0
66.1999,41.9506,27199.5538,6,0.5918,0.123,0.2852,0
95.6541,30.4128,12619.3115,8,0.6771,0.2328,0.0902,0
1304.903,340.9103,372749.8931,48,0.6723,0.2791,0.0485,1
213.5692,41.7168,7768.8436,8,0.8952,0.1048,0.0,0
639.4558,115.8563,426423.591,43,0.7753,0.2247,0.0,1
222.6293,2.0701,42327.3804,13,0.5587,0.102,0.3394,0
183.9997,22.9259,36325.7726,16,0.5789,0.2121,0.209,0
22.8021,7.6887,39679.8976,18,0.6506,0.2659,0.0835,0
288.3346,18.0883,21993.3751,5,0.8323,0.1613,0.0064,0
235.9089,14.5391,14413.3311,12,0.8355,0.1645,0.0,0
1544.4769,138.9941,286794.5522,60,0.821,0.0835,0.0955,1
668.5845,176.3315,191207.5625,86,0.8271,0.1386,0.0342,1
244.778,26.1121,28826.216,11,0.58,0.0677,0.3523,0
94.9256,1.4353,39773.9016,6,0.6183,0.3487,0.0329,0
243.982,17.1349,32342.3442,5,0.5801,0.1617,0.2582,0
1069.8951,104.9232,181176.3025,69,0.9331,0.0669,0.0,1
1609.7411,224.4345,257416.4197,20,0.7117,0.2883,0.0,1
1498.6693,190.7515,322328.1965,53,0.6533,0.0386,0.3081,1
298.8446,21.9658,6334.3713,18,0.5873,0.1242,0.2885,0
79.5451,22.0306,13567.7988,9,0.8006,0.1545,0.0449,0
130.8442,5.956,21052.1254,1,0.5299,0.1407,0.3294,0
78.6384,28.2614,45627.2482,18,0.6305,0.3075,0.062,0
256.459,37.7258,13226.864,9,0.8472,0.1528,0.0,0
1374.4112,363.851,163111.2617,47,0.9988,0.0012,0.0,1
1810.351,349.1201,410540.3064,35,0.8581,0.1419,0.0,1
62.0174,31.0711,10788.6425,3,0.6798,0.2358,0.0844,0
1933.0703,248.3912,307269.0247,58,0.8722,0.1278,0.0,1
37.8676,31.8294,4899.8927,14,0.8619,0.1381,0.0,0
172.7547,32.0217,23122.3287,9,0.8675,0.1325,0.0,0
143.5147,47.7602,48298.6255,13,0.5455,0.3003,0.1542,0
573.5997,496.2081,234987.7423,35,0.9041,0.0705,0.0254,1
593.2368,171.6888,279328.1728,36,0.6524,0.1743,0.1734,1
1612.5021,349.0023,84973.1132,26,0.6429,0.1498,0.2073,1
1793.1762,196.3418,251172.9572,52,0.9699,0.0301,0.0,1
803.0417,441.9667,478860.0854,77,0.6393,0.0416,0.3191,1
218.1154,30.5534,27493.5624,1,0.5007,0.0929,0.4065,0
1581.4521,468.8869,424830.8766,66,0.8188,0.1048,0.0764,1
24.1995,18.877,31262.8776,3,0.5299,0.2579,0.2122,0
1195.2947,272.1966,310635.0704,79,0.8895,0.1105,0.0,1
107.7261,49.7065,29252.453,2,0.7169,0.0694,0.2137,0
244.0077,7.911,42696.7007,6,0.5303,0.3779,0.0919,0
285.6882,17.7652,9264.9768,12,0.6207,0.2545,0.1249,0
245.8162,37.5564,42874.5421,17,0.5096,0.2193,0.2711,0
135.1875,18.3315,8045.3797,2,0.7446,0.2554,0.0,0
275.8373,13.8601,2528.3768,11,0.7896,0.2104,0.0,0
115.7768,33.7995,13656.0443,19,0.7997,0.0567,0.1436,0
48.8355,24.0429,11762.9297,9,0.709,0.2422,0.0488,0
1945.7854,414.4185,225861.5522,85,0.8759,0.1241,0.0,1
400.3696,457.2576,224726.5478,87,0.8118,0.0194,0.1687,1
129.2714,29.5396,46121.9991,1,0.8757,0.1243,0.0,0
198.1447,29.3004,30843.6088,19,0.7495,0.2505,0.0,0
256.3439,19.0,4791.8243,2,0.6106,0.0965,0.2929,0
902.3757,231.2081,475047.3699,54,0.9374,0.0626,0.0,1
195.314,28.6866,46997.3089,14,0.5941,0.3662,0.0397,0
1471.7914,347.6188,250659.5773,25,0.9104,0.0202,0.0693,1
1926.5305,144.9817,344510.2072,79,0.7055,0.1547,0.1398,1
256.2546,9.4039,39757.1198,7,0.699,0.301,0.0,0
514.2353,477.427,445087.3932,35,0.8959,0.1041,0.0,1
91.5578,34.206,8659.9531,14,0.8486,0.1514,0.0,0
126.94,26.7909,39703.108,1,0.7387,0.2613,0.0,0
101.7199,26.4434,5327.3335,1,0.7688,0.2312,0.0,0
229.5152,34.5952,30979.9858,7,0.7962,0.1701,0.0336,0
97.8597,40.9021,28591.5041,18,0.8516,0.0679,0.0805,0
648.0558,312.4455,325576.2392,48,0.7069,0.1471,0.1459,1
27.6779,46.5435,10773.9833,11,0.8684,0.1316,0.0,0
123.0751,3.2062,44420.1647,13,0.7761,0.1227,0.1012,0
199.3961,8.1472,29014.8897,11,0.7424,0.173,0.0846,0
169.2519,6.8678,47242.0873,8,0.6208,0.3792,0.0,0
29.4236,14.6898,10885.8292,7,0.6674,0.0648,0.2679,0
11.1443,8.1633,18342.821,3,0.7019,0.2208,0.0773,0
207.7269,16.5197,40646.46,16,0.8441,0.1559,0.0,0
269.8866,32.8328,41418.2518,15,0.5083,0.2414,0.2502,0
279.2732,5.1638,20612.7968,5,0.7362,0.2595,0.0043,0
981.7938,153.4624,388356.9233,81,0.7298,0.1797,0.0905,1
89.9586,43.3231,7046.1523,17,0.7949,0.2051,0.0,0
1180.2409,222.0813,235362.8823,87,0.9238,0.0762,0.0,1
164.0749,18.7471,33458.6569,6,0.5848,0.0552,0.3601,0
182.2878,29.0634,30207.8145,2,0.7095,0.1265,0.164,0
1705.9765,123.2598,160695.7357,75,0.9496,0.0082,0.0421,1
240.8327,32.5107,46453.2213,11,0.8394,0.1606,0.0,0
247.2634,39.9751,49101.7929,16,0.8979,0.1021,0.0,0
799.754,275.7895,97561.4698,34,0.9257,0.0076,0.0667,1
105.4317,4.7779,10996.1369,15,0.6538,0.1358,0.2105,0
195.1032,20.1748,46455.0923,7,0.6292,0.3366,0.0343,0
1685.4796,279.4939,231554.6363,52,0.9199,0.0395,0.0406,1
1168.7437,333.8255,419266.0305,67,0.9922,0.0078,0.0,1
203.7362,7.1837,26653.9656,15,0.5919,0.2594,0.1486,0
38.5184,34.4927,13571.4582,8,0.8149,0.1186,0.0665,0
200.2116,14.3218,39064.4169,13,0.664,0.1239,0.212,0
171.2952,24.785,22146.86,14,0.5156,0.0691,0.4153,0
214.1694,11.4932,46774.654,5,0.6195,0.2735,0.1069,0
48.8278,18.8108,18793.269,14,0.6957,0.1953,0.1089,0
130.2787,44.1134,19036.3446,8,0.6826,0.1146,0.2028,0
182.1678,36.4992,3641.9148,1,0.8762,0.1238,0.0,0
193.8253,12.5277,35461.2416,10,0.6915,0.265,0.0435,0
155.8833,15.2421,8832.9094,3,0.6936,0.2565,0.0498,0
796.9777,442.3121,208972.8886,56,0.8511,0.1489,0.0,1
34.1539,14.4179,12229.8466,3,0.7724,0.2276,0.0,0
818.0218,409.681,162211.8611,44,0.7156,0.2844,0.0,1
65.1131,29.3272,25986.9988,2,0.6754,0.0779,0.2467,0
44.0691,47.8871,45561.1554,2,0.8594,0.1406,0.0,0
299.4644,33.3773,48640.7668,11,0.6845,0.2576,0.0579,0
170.6076,21.071,35444.1341,4,0.6472,0.0678,0.285,0
71.6844,20.1229,43278.5736,7,0.7041,0.2959,0.0,0
178.5919,8.9921,17571.4322,8,0.7507,0.1912,0.0581,0
284.7413,3.1195,4266.1843,8,0.7455,0.1028,0.1517,0
831.2346,274.9553,357995.2932,62,0.7083,0.0086,0.283,1
1328.1649,208.3555,470397.3948,80,0.9376,0.0624,0.0,1
273.6974,6.7001,23163.2404,9,0.7094,0.0783,0.2124,0
478.4641,326.3434,491914.7727,75,0.7623,0.0813,0.1565,1
205.1275,21.753,35968.4608,9,0.5935,0.3104,0.0961,0
68.7893,10.3274,7707.4503,4,0.7836,0.1814,0.0349,0
227.0692,32.1695,49354.9904,6,0.6367,0.2789,0.0844,0
1565.6662,222.418,87970.0278,26,0.9533,0.0467,0.0,1
163.8001,22.9874,30689.5028,16,0.8993,0.1007,0.0,0
82.3224,43.4103,46851.2186,5,0.5816,0.3477,0.0707,0
1058.5376,93.8321,370084.2227,37,0.9688,0.0312,0.0,1
47.4576,6.5472,22534.7736,6,0.5216,0.3376,0.1408,0
1568.9995,121.8436,297928.7242,89,0.813,0.0631,0.1239,1
221.8531,40.8579,25304.3784,15,0.7869,0.2131,0.0,0
229.4845,9.091,32313.7691,3,0.7644,0.2356,0.0,0
165.9708,19.4633,45856.6287,5,0.7406,0.2594,0.0,0
1869.4195,311.8544,130127.0155,21,0.9604,0.0396,0.0,1
121.8973,28.4873,40488.9649,19,0.7441,0.2559,0.0,0
19.5149,37.7221,4575.8204,10,0.6469,0.3531,0.0,0
101.5521,18.2254,18184.5488,14,0.7801,0.2199,0.0,0
69.2661,37.1162,38983.5025,5,0.8241,0.1759,0.0,0
1623.9682,333.3631,161485.1123,80,0.8344,0.0426,0.1231,1
289.38,22.8181,5851.6255,7,0.8398,0.0539,0.1063,0
289.6664,27.6496,9293.7568,7,0.5204,0.3401,0.1395,0
33.9041,19.5102,17264.9175,9,0.5236,0.25,0.2264,0
267.2366,47.732,30176.6283,19,0.5738,0.3883,0.0379,0
411.7487,90.1857,240993.1636,51,0.9551,0.0449,0.0,1
1732.8273,115.3095,335541.0994,54,0.971,0.029,0.0,1
1590.3389,476.6535,299732.7515,81,0.9724,0.0276,0.0,1
216.0545,20.2097,18339.2823,13,0.5705,0.1312,0.2983,0
85.4502,9.1456,18672.4603,13,0.5844,0.3119,0.1037,0
227.4952,32.8811,6083.8449,7,0.5984,0.0713,0.3303,0
112.1416,12.5589,35364.6673,13,0.7885,0.2115,0.0,0
140.8767,14.0107,11387.8138,6,0.6073,0.184,0.2087,0
230.3957,17.0878,8129.8044,14,0.8279,0.1654,0.0067,0
628.2156,256.6871,190718.9715,31,0.8939,0.1061,0.0,1
226.5522,48.1959,30700.6856,8,0.6623,0.2396,0.0981,0
426.6992,328.6163,269460.4179,97,0.7289,0.1497,0.1214,1
124.1026,5.1488,31303.2861,6,0.7059,0.2941,0.0,0
80.0286,42.2998,16842.561,8,0.7994,0.1859,0.0147,0
1912.5526,142.6379,413488.0059,69,0.9976,0.0024,0.0,1
108.3122,48.1451,46597.1761,10,0.6482,0.3333,0.0185,0
936.2467,301.3482,418553.3088,83,0.7733,0.0046,0.222,1
1055.3954,122.7975,198279.8417,67,0.6206,0.1488,0.2307,1
634.6708,448.2918,206571.65,27,0.6796,0.0514,0.269,1
1832.7186,218.372,280790.8628,58,0.7873,0.207,0.0058,1
51.6784,42.3195,25652.2641,15,0.7942,0.2058,0.0,0
125.9859,20.1165,8811.3705,12,0.7261,0.2549,0.019,0
185.9368,17.0252,16852.5485,7,0.6116,0.0819,0.3065,0
947.4952,90.0169,91685.6992,26,0.6334,0.0366,0.33,1
97.9679,42.265,49831.469,9,0.7925,0.2075,0.0,0
12.131,48.9915,20832.8481,7,0.8445,0.1555,0.0,0
250.5343,47.3314,37953.8013,1,0.7067,0.2933,0.0,0
566.8748,454.635,155990.9569,81,0.8586,0.1414,0.0,1
1542.7918,356.7587,312700.7717,75,0.6027,0.0751,0.3222,1
82.3551,11.1955,40697.2158,6,0.5395,0.2317,0.2288,0
33.2143,36.4411,23024.5102,5,0.5042,0.2279,0.268,0
145.3491,39.7119,35770.3649,17,0.7949,0.2051,0.0,0
16.1027,32.0268,11072.3066,1,0.6095,0.1613,0.2292,0
201.5337,23.9205,49615.6785,11,0.7042,0.1169,0.1789,0
234.9909,16.7952,36774.9583,16,0.8449,0.1551,0.0,0
109.9039,46.8501,41459.3678,4,0.5024,0.2397,0.2579,0
206.9129,5.2443,21983.9414,3,0.7094,0.2906,0.0,0
71.5604,36.8925,41703.1868,1,0.5897,0.1275,0.2828,0
201.1929,2.8615,18382.8353,18,0.7166,0.2834,0.0,0
102.703,23.6579,40749.4029,1,0.7566,0.2434,0.0,0
413.9856,215.1769,359087.9488,50,0.8027,0.0985,0.0987,1
156.314,36.8287,26157.9374,8,0.7209,0.0866,0.1925,0
437.8064,273.5598,158867.6642,54,0.8578,0.1422,0.0,1
924.3295,199.5477,495663.4444,97,0.8287,0.1713,0.0,1
198.2381,29.2673,47388.9704,7,0.6836,0.1681,0.1483,0
298.1215,48.3543,5404.0419,4,0.6492,0.3319,0.019,0
262.5127,22.1959,43998.3108,16,0.7683,0.2317,0.0,0
100.6643,8.8383,15045.2341,19,0.5251,0.1345,0.3404,0
45.4946,2.199,19552.5343,3,0.7189,0.1196,0.1615,0
78.1036,42.9931,23248.283,4,0.7402,0.2598,0.0,0
188.7291,37.9812,12266.5838,11,0.7543,0.1949,0.0508,0
1967.9598,310.5401,155655.569,94,0.8668,0.1332,0.0,1
268.8205,40.1896,34184.4132,12,0.5806,0.1186,0.3007,0
82.4492,25.1061,14799.9416,17,0.7905,0.2095,0.0,0
243.2736,49.5218,16854.1624,19,0.5478,0.3885,0.0637,0
155.0105,23.4268,40378.9299,12,0.5234,0.3225,0.154,0
52.4531,49.6274,9947.2559,12,0.5082,0.1722,0.3196,0
154.594,6.1017,44169.7219,17,0.709,0.139,0.1519,0
193.362,35.7704,8967.7525,10,0.7833,0.0537,0.1629,0
227.8878,36.7181,24984.2733,19,0.8401,0.1517,0.0082,0
177.9854,5.4441,13031.8734,16,0.5574,0.3752,0.0674,0
59.9865,39.2751,45405.3957,2,0.6138,0.3739,0.0123,0
1095.1919,97.3667,343513.8668,63,0.6956,0.2523,0.0522,1
13.111,40.667,1830.6433,19,0.5398,0.3964,0.0638,0
157.5735,45.9642,25077.0544,19,0.5074,0.1366,0.356,0
101.5057,3.5435,5802.3852,14,0.6109,0.1504,0.2386,0
192.9413,37.6805,2826.1126,19,0.5488,0.091,0.3603,0
1043.9022,301.5385,249755.1497,29,0.8827,0.107,0.0104,1
240.874,25.466,7188.6668,11,0.79,0.21,0.0,0
56.7152,3.8423,23214.1428,19,0.5794,0.1336,0.287,0
1452.7577,115.6977,453547.4753,32,0.8258,0.1742,0.0,1
46.9742,35.0158,16594.2396,2,0.7312,0.1176,0.1512,0
197.9051,35.613,10099.3518,13,0.8861,0.1139,0.0,0
67.4719,16.9046,43845.0736,7,0.8102,0.1898,0.0,0
227.4221,21.3758,14493.5145,2,0.559,0.3218,0.1192,0
253.398,11.8892,40584.574,14,0.7341,0.2659,0.0,0
155.5234,14.447,43190.363,3,0.7938,0.2062,0.0,0
1342.6214,390.077,112889.8116,48,0.7092,0.2497,0.0411,1
43.1891,26.6433,12685.7032,3,0.8315,0.0523,0.1162,0
199.1902,26.8564,27476.31,5,0.5853,0.3519,0.0628,0
201.396,17.973,25304.3543,4,0.8299,0.1641,0.006,0
33.358,48.6382,22183.5254,11,0.5832,0.3546,0.0622,0
160.4561,29.5342,27862.0426,10,0.5116,0.3743,0.1141,0
13.1948,2.3019,24936.3637,10,0.7537,0.1966,0.0497,0
250.9555,49.8417,33248.812,1,0.7392,0.1564,0.1044,0
109.0942,40.2524,32330.3921,19,0.5468,0.0505,0.4027,0
221.0746,25.1968,48353.8223,16,0.7454,0.1137,0.1409,0
287.1876,48.4216,26690.319,8,0.5738,0.3776,0.0487,0
10.3741,18.5725,4453.0546,11,0.8728,0.1272,0.0,0
169.0981,40.3375,30446.4499,15,0.6826,0.3174,0.0,0
1247.3213,355.7158,274426.7438,55,0.8981,0.1019,0.0,1
17.6944,5.2254,7274.0101,6,0.7946,0.1854,0.0199,0
52.5207,30.5406,37701.5548,13,0.5858,0.1947,0.2194,0
198.4555,18.9185,34651.9207,2,0.8074,0.1926,0.0,0
559.5531,284.8439,173821.3993,93,0.9829,0.0171,0.0,1
179.7055,25.8152,5888.8466,10,0.8261,0.0753,0.0986,0
239.6307,18.6449,10369.7657,6,0.7301,0.1324,0.1374,0
149.8359,18.1369,6821.1072,12,0.8573,0.1427,0.0,0
203.5451,3.0088,46529.8696,16,0.6876,0.2169,0.0955,0
266.0194,30.1454,40960.9186,7,0.8952,0.0897,0.0151,0
18.5288,40.5828,40304.7155,19,0.8876,0.1124,0.0,0
54.0225,20.6329,5902.2932,9,0.7002,0.1971,0.1027,0
37.3267,48.1545,11933.0352,9,0.7879,0.0856,0.1264,0
82.6092,45.8981,2339.723,6,0.5463,0.1044,0.3493,0
11.1609,13.5101,45822.5555,8,0.5131,0.0547,0.4322,0
1179.0431,378.323,278488.7607,37,0.7477,0.0608,0.1915,1
923.1721,231.7782,489339.8549,60,0.7173,0.2265,0.0562,1
193.7451,12.9815,8282.8109,6,0.7567,0.2294,0.0139,0
1959.5936,190.4021,494020.8057,90,0.9495,0.0505,0.0,1
201.9944,14.5493,32820.786,7,0.7089,0.281,0.01,0
42.1634,32.1485,4479.7207,11,0.8548,0.1452,0.0,0
1797.3511,387.5247,298710.7519,74,0.7342,0.0933,0.1726,1
119.8643,27.6821,44720.7484,3,0.7578,0.1144,0.1278,0
10.1863,23.3975,25181.1043,16,0.7456,0.2544,0.0,0
37.343,3.7759,46037.7955,10,0.8279,0.1721,0.0,0
139.6877,18.2033,43111.5237,3,0.5284,0.2472,0.2244,0
166.3769,21.7336,794.6806,16,0.5741,0.1272,0.2987,0
1859.0305,260.0203,488614.0269,62,0.8263,0.0893,0.0844,1
54.5832,19.6274,31058.8159,18,0.8459,0.1541,0.0,0
13.5775,28.491,20103.3142,2,0.5976,0.3599,0.0424,0
278.5928,29.3338,39127.9976,3,0.5917,0.0546,0.3536,0
162.1439,4.394,26798.483,5,0.5331,0.3509,0.116,0
50.6521,33.8065,2606.9083,6,0.6261,0.1592,0.2147,0
730.8557,254.1725,413703.043,83,0.765,0.061,0.174,1
69.1196,15.2821,43589.7635,15,0.8782,0.0895,0.0323,0
728.8139,137.5141,453946.0676,87,0.7744,0.0394,0.1862,1
100.0165,29.034,24998.3962,3,0.7315,0.2685,0.0,0
173.3617,32.9909,22332.0433,11,0.5723,0.2871,0.1405,0
418.4033,368.9621,394672.5475,50,0.925,0.0203,0.0547,1
279.1115,40.3421,9756.729,16,0.6776,0.3005,0.0219,0
89.3293,14.5328,31149.7836,12,0.8375,0.1625,0.0,0
12.1351,5.4558,27310.0878,19,0.796,0.204,0.0,0
279.3897,47.0513,31281.8374,2,0.7433,0.1382,0.1185,0
163.8378,39.4024,7342.2049,11,0.5697,0.3839,0.0464,0
24.7775,30.0445,23914.966,18,0.7017,0.2983,0.0,0
84.436,23.9682,39166.6282,17,0.5218,0.0723,0.406,0
201.5693,36.8597,43014.2564,1,0.841,0.159,0.0,0
69.7664,24.563,19248.7263,7,0.8735,0.1265,0.0,0
480.7687,194.9843,107820.7428,96,0.8175,0.0008,0.1817,1
113.9521,21.7348,42286.5535,17,0.8667,0.0672,0.0661,0
82.6256,19.4185,18166.2696,19,0.648,0.352,0.0,0
1089.9823,278.836,277915.1184,83,0.7548,0.0944,0.1508,1
1982.862,291.7405,85184.5411,69,0.6885,0.0924,0.2191,1
56.1308,2.1682,46889.4905,1,0.6009,0.1569,0.2422,0
273.3321,39.2639,1696.9412,10,0.789,0.211,0.0,0
870.7313,403.0068,146055.1594,39,0.7718,0.0436,0.1846,1
1102.9973,292.6286,132700.2366,97,0.7483,0.0501,0.2016,1
1188.3659,367.3863,114943.1876,79,0.9755,0.0245,0.0,1
228.4598,17.8252,26134.1588,11,0.5487,0.308,0.1433,0
479.9395,300.7397,239491.4891,54,0.7517,0.2483,0.0,1
242.4297,43.9164,14695.7425,17,0.5031,0.247,0.2499,0
270.016,6.8468,32871.3536,12,0.5072,0.2273,0.2655,0
1999.0181,436.9673,166896.1865,66,0.7329,0.2671,0.0,1
565.058,185.8035,241290.37,31,0.9936,0.0064,0.0,1
193.8528,21.1458,29327.9171,4,0.6842,0.2682,0.0476,0
223.314,1.0318,14547.4466,9,0.6749,0.3062,0.0189,0
254.8785,15.3301,35852.3938,7,0.7072,0.14,0.1528,0
21.5668,45.224,7954.5309,1,0.8797,0.0997,0.0206,0
737.8516,455.388,360394.7799,27,0.7083,0.2184,0.0732,1
134.5176,6.6293,21989.1024,1,0.6487,0.2305,0.1208,0
1532.356,142.0344,184961.8276,70,0.936,0.064,0.0,1
12.1701,17.4102,40225.0421,8,0.5515,0.2571,0.1914,0
278.1318,11.9917,1374.6054,14,0.8591,0.1409,0.0,0
742.6437,138.7738,114946.6906,58,0.7158,0.0529,0.2313,1
68.9134,22.5041,18395.5958,15,0.5016,0.2707,0.2278,0
111.234,43.8741,27134.6438,15,0.6806,0.1309,0.1885,0
145.0679,29.3366,19386.0384,2,0.6584,0.2488,0.0928,0
199.2792,40.9772,31829.3916,10,0.8414,0.0871,0.0715,0
101.0823,4.7793,20756.1524,13,0.6647,0.2868,0.0485,0
119.2532,2.7289,42109.0972,7,0.8669,0.1331,0.0,0
55.3245,47.5054,1437.5366,1,0.6956,0.2667,0.0377,0
132.6605,2.8915,21434.9074,4,0.7286,0.2714,0.0,0
513.5871,182.7227,205549.515,52,0.7853,0.2147,0.0,1
63.0668,2.5764,40833.5348,15,0.6814,0.3186,0.0,0
45.8983,6.4637,49646.1696,10,0.5885,0.3552,0.0563,0
204.1493,19.6221,8967.7254,8,0.7403,0.0599,0.1998,0
402.9558,303.8566,409904.6315,50,0.9698,0.0302,0.0,1
1889.7331,200.2646,105283.2561,96,0.8556,0.018,0.1264,1
1140.2091,332.8908,187677.8582,62,0.6782,0.1345,0.1873,1
11.9946,39.8745,27377.6774,2,0.7378,0.1904,0.0718,0
115.8637,8.3268,45010.1784,18,0.598,0.1753,0.2267,0
196.2532,36.5739,27405.5551,19,0.859,0.0508,0.0901,0
241.0986,11.5403,17738.1099,14,0.5129,0.145,0.3422,0
11.4086,44.039,2035.1933,1,0.5935,0.1404,0.2661,0
1509.5102,299.7427,421042.9692,74,0.8332,0.0233,0.1436,1
64.1589,6.0699,40420.0365,16,0.5145,0.383,0.1025,0
1471.4911,457.7409,489305.8156,36,0.6804,0.1172,0.2024,1
244.1597,27.9684,48301.2496,19,0.6377,0.2025,0.1597,0
1858.62,391.409,320188.5939,76,0.9097,0.0903,0.0,1
1176.187,236.8415,144013.0123,67,0.6984,0.1484,0.1532,1
244.3736,29.0443,37945.0537,17,0.6374,0.1504,0.2122,0
269.8933,17.1363,12533.0797,6,0.8329,0.1671,0.0,0
1862.8285,242.6992,191127.2411,23,0.9014,0.0427,0.0559,1
469.8506,419.9628,170311.8029,79,0.7881,0.2119,0.0,1
209.15,1.7036,21159.7783,8,0.6218,0.2493,0.1289,0
298.4987,31.358,48644.3279,11,0.8462,0.1538,0.0,0
1594.5424,462.0031,330655.7124,37,0.7439,0.1677,0.0884,1
118.6193,32.4268,17205.3499,4,0.5759,0.1368,0.2873,0
284.073,32.1282,21573.0976,7,0.7403,0.2597,0.0,0
447.0495,379.4738,133118.3297,34,0.9209,0.0723,0.0068,1
739.2335,391.6069,329061.5682,55,0.6704,0.1512,0.1784,1
167.5597,19.7886,11812.206,9,0.5691,0.3084,0.1226,0
286.0946,32.0311,45727.5036,16,0.8753,0.1052,0.0194,0
1246.3338,181.1745,88956.3482,23,0.8867,0.0413,0.072,1
269.8754,29.3495,23566.6036,7,0.8093,0.1342,0.0565,0
165.5083,34.0769,28219.4159,5,0.8114,0.1886,0.0,0
1188.2587,499.9544,496215.6889,19,0.6825,0.2153,0.1022,1
194.1,5.1954,33017.0047,2,0.518,0.1409,0.341,0
1877.8273,335.1566,375201.5763,21,0.8991,0.1009,0.0,1
243.62,20.9244,8981.5596,2,0.5478,0.2189,0.2333,0
94.4046,30.9367,6975.0236,19,0.8311,0.1689,0.0,0
1096.4605,231.7744,206009.7407,56,0.975,0.025,0.0,1
210.2877,22.1665,32526.9828,8,0.5189,0.1726,0.3085,0
164.9697,29.3167,1620.1992,13,0.6579,0.3421,0.0,0
62.1078,9.433,4556.7415,7,0.7438,0.2562,0.0,0
239.3903,30.7825,48020.6744,17,0.8479,0.1521,0.0,0
118.4734,32.7097,48398.4464,3,0.5135,0.3048,0.1816,0
87.0847,33.4288,7434.4469,4,0.5388,0.1124,0.3487,0
298.493,39.1563,43339.2796,1,0.5801,0.3985,0.0214,0
63.9413,46.3908,6385.1337,2,0.6197,0.1389,0.2414,0
211.1166,16.3079,24757.7253,8,0.7173,0.2794,0.0033,0
1426.3885,434.0939,93406.6683,72,0.9595,0.0405,0.0,1
1234.6717,352.5816,233413.4686,18,0.6095,0.2869,0.1036,1
1744.433,430.8206,217238.9933,25,0.9502,0.0393,0.0105,1
95.2485,11.3047,40629.7576,11,0.8817,0.1183,0.0,0
666.8984,272.0259,183125.3232,16,0.8155,0.1845,0.0,1
1439.0797,438.3178,447258.3019,16,0.6149,0.0314,0.3537,1
148.3939,20.6416,43253.0971,1,0.6695,0.3305,0.0,0
1097.7217,155.9536,437108.5318,71,0.7651,0.1554,0.0794,1
238.8255,30.7631,49399.9289,7,0.7026,0.0995,0.1979,0
950.7881,460.6589,353051.8945,84,0.7645,0.1971,0.0384,1
201.3988,30.6109,27549.061,18,0.5286,0.1867,0.2847,0
49.6153,44.1422,24116.7459,10,0.6362,0.3062,0.0576,0
124.8826,30.3105,32524.1926,18,0.7999,0.2001,0.0,0
170.6806,35.6403,49051.8023,13,0.5931,0.2788,0.1281,0
13.495,25.1198,42404.2837,5,0.739,0.079,0.182,0
804.3274,113.0911,373321.0592,35,0.675,0.1999,0.125,1
59.6745,21.2818,4514.9019,10,0.5268,0.1862,0.2869,0
90.5378,10.5744,21373.4162,6,0.8836,0.1022,0.0142,0
17.5186,35.0335,38357.1912,15,0.7955,0.2045,0.0,0
828.7103,470.3766,435898.5031,84,0.6112,0.132,0.2567,1
148.9718,41.9037,20846.0961,8,0.564,0.0582,0.3778,0
138.4436,35.3735,30507.0176,16,0.7773,0.2227,0.0,0
268.1043,35.3148,35856.6763,2,0.6317,0.1936,0.1747,0
533.5566,209.2454,294531.5595,44,0.9987,0.0013,0.0,1
41.1361,28.7463,49128.6396,1,0.7073,0.1662,0.1265,0
111.2984,26.8882,9027.2933,11,0.7416,0.2584,0.0,0
10.2391,7.5476,41427.3935,7,0.7117,0.1521,0.1361,0
200.4588,1.7568,11551.2358,4,0.5933,0.1206,0.2861,0
1425.1303,414.4945,478096.427,69,0.6127,0.295,0.0923,1
282.7772,20.1031,9761.9765,5,0.6894,0.117,0.1936,0
119.3282,3.7741,42525.1812,1,0.8704,0.1296,0.0,0
739.2898,241.9292,106270.6818,30,0.8163,0.1837,0.0,1
279.5334,14.0456,26686.9416,1,0.6115,0.3885,0.0,0
13.2442,11.6612,14405.3408,7,0.506,0.276,0.2179,0
180.8063,25.87,45521.1388,10,0.5643,0.125,0.3106,0
39.3208,26.0108,31900.7666,16,0.5721,0.3397,0.0881,0
442.6531,451.8539,181983.4928,21,0.7463,0.245,0.0087,1
252.868,6.9209,5472.9232,19,0.6642,0.3358,0.0,0
1852.0411,330.4525,270281.6087,47,0.8067,0.1933,0.0,1
20.4582,31.6794,14866.7601,7,0.5557,0.2562,0.1882,0
1460.8469,412.1829,376436.5758,69,0.8747,0.1253,0.0,1
59.1378,1.2867,47677.5983,18,0.5517,0.1435,0.3048,0
1189.5346,229.6239,157401.8161,51,0.775,0.1048,0.1202,1
87.7447,30.3208,30602.5668,13,0.5295,0.1396,0.3308,0
254.2249,31.8506,10641.6969,16,0.7503,0.2497,0.0,0
210.895,30.4123,26579.3123,11,0.7916,0.2084,0.0,0
1365.7212,270.2126,396845.3818,90,0.9117,0.0883,0.0,1
273.8413,35.1955,29069.4933,9,0.5115,0.2586,0.2299,0
1678.6388,214.9712,486346.2023,89,0.7384,0.0878,0.1739,1
263.0342,44.1088,29577.6663,18,0.6412,0.3439,0.0149,0
274.0196,12.8575,31879.3141,17,0.8066,0.1934,0.0,0
76.2175,48.2898,45736.5066,1,0.8779,0.1221,0.0,0
1948.8515,493.7938,496992.9387,72,0.6366,0.0034,0.36,1
288.3833,42.0766,19618.5261,8,0.774,0.226,0.0,0
193.1838,35.3624,2753.9436,12,0.7217,0.2452,0.0331,0
1999.6001,407.9459,335606.9557,75,0.9643,0.0357,0.0,1
203.8486,33.1565,40722.7215,11,0.8391,0.1609,0.0,0
134.9311,14.5698,1592.1327,19,0.8863,0.1137,0.0,0
246.4958,35.1556,8529.1112,18,0.7775,0.1101,0.1123,0
1846.7967,454.7152,319145.4537,75,0.9707,0.0293,0.0,1
97.3894,30.2021,29122.9437,5,0.6845,0.1012,0.2142,0
111.3734,18.216,42526.656,1,0.6595,0.2899,0.0506,0
827.8808,323.438,432617.0702,33,0.9963,0.0037,0.0,1
151.38,47.785,13629.8535,16,0.506,0.0747,0.4193,0
55.94,48.68,690.7295,1,0.8118,0.1882,0.0,0
53.4099,32.7984,4106.3943,8,0.7595,0.0701,0.1704,0
121.1627,43.4518,43156.7554,5,0.6743,0.323,0.0027,0
106.1276,24.8615,31130.3308,6,0.8901,0.1099,0.0,0
144.1628,13.7143,18225.6495,14,0.82,0.0972,0.0827,0
258.1362,29.898,9174.4658,17,0.7408,0.2592,0.0,0
585.2646,128.2355,420960.1106,30,0.8631,0.0889,0.048,1
1436.5634,345.9436,402276.2566,49,0.7147,0.063,0.2223,1
155.9218,9.1256,863.3257,17,0.7008,0.2958,0.0034,0
759.5286,296.1951,470855.0778,95,0.8167,0.0704,0.1129,1
69.2824,48.5988,8134.1956,16,0.7261,0.102,0.1719,0
123.9358,43.1099,11806.1689,6,0.784,0.216,0.0,0
258.486,12.2529,2710.5208,11,0.8791,0.1209,0.0,0
1591.8473,89.2312,379158.7146,56,0.7358,0.2045,0.0597,1
66.5848,13.1105,15679.4474,9,0.5818,0.0696,0.3487,0
137.8792,21.4508,34458.054,17,0.7634,0.1329,0.1037,0
49.3316,37.3179,17819.5201,3,0.8856,0.1144,0.0,0
45.3939,43.5874,4930.5136,13,0.5733,0.11,0.3168,0
101.7448,4.0005,24615.9212,15,0.7744,0.2256,0.0,0
816.3391,417.5371,191299.3399,45,0.6351,0.2092,0.1557,1
255.4965,27.072,16412.3616,10,0.7728,0.2272,0.0,0
440.9075,366.6303,240438.5927,64,0.8214,0.1786,0.0,1
97.7805,24.0272,49842.2334,6,0.5151,0.0772,0.4078,0
199.5265,7.7123,43224.1879,18,0.8502,0.1101,0.0397,0
265.3029,39.9998,48496.492,13,0.6132,0.3868,0.0,0
1110.6338,227.3911,206863.1364,72,0.6595,0.1744,0.166,1
180.7423,41.0553,25399.8292,5,0.8433,0.1537,0.003,0
1929.3732,410.1237,277718.6948,62,0.7768,0.2232,0.0,1
297.3511,12.7153,871.6588,16,0.6187,0.3813,0.0,0
948.9053,119.6843,369736.9376,71,0.6126,0.2974,0.09,1
1470.8493,303.8874,240444.5045,71,0.8384,0.0264,0.1352,1
653.6409,212.4856,228372.1391,85,0.9496,0.0504,0.0,1
97.072,44.006,23794.8655,12,0.864,0.1176,0.0184,0
654.0045,261.072,90601.384,61,0.8513,0.1461,0.0027,1
145.4353,13.7736,25484.4046,14,0.5107,0.1358,0.3535,0
33.3973,38.4252,44545.361,15,0.6654,0.2533,0.0813,0
604.5078,147.8614,225270.2083,89,0.6138,0.2239,0.1622,1
172.9275,25.3209,34382.4313,12,0.7362,0.2638,0.0,0
251.9772,27.2393,16188.065,12,0.656,0.1416,0.2024,0
112.9978,24.822,42971.8251,18,0.5169,0.1161,0.367,0
239.8033,47.5806,18251.1344,16,0.6259,0.2926,0.0815,0
1709.3791,159.5464,318406.3172,48,0.6766,0.0678,0.2556,1
612.417,121.1085,252874.9933,36,0.7493,0.2294,0.0213,1
177.7967,17.6662,41992.4502,7,0.5217,0.2732,0.2051,0
214.9657,32.7763,11271.1325,7,0.5501,0.3254,0.1245,0
1598.8545,454.9784,186218.9805,62,0.9514,0.0486,0.0,1
225.0196,33.5118,25946.8676,17,0.6357,0.3378,0.0265,0
1090.5488,403.9451,311643.0579,97,0.8301,0.1429,0.027,1
142.1751,15.1141,23395.0474,2,0.5673,0.3986,0.0341,0
463.5234,381.9467,471732.2763,29,0.7815,0.1311,0.0874,1
721.0376,397.9696,449477.4135,71,0.8085,0.1915,0.0,1
257.7739,1.6886,45743.0648,19,0.5509,0.26,0.1891,0
154.5139,43.6035,2198.4808,12,0.5767,0.3572,0.0661,0
89.0501,15.9666,34776.5053,14,0.8372,0.1628,0.0,0
782.7731,394.2848,406492.9125,35,0.804,0.196,0.0,1
1342.2051,260.9339,352943.9691,52,0.6819,0.2348,0.0833,1
1953.1223,195.4475,198377.8514,60,0.7603,0.2397,0.0,1
1133.3398,132.0242,88292.7152,34,0.9938,0.0062,0.0,1
36.9078,39.1182,49685.611,17,0.6491,0.2202,0.1307,0
412.2907,470.1813,252097.3779,74,0.9679,0.0321,0.0,1
766.5588,175.0462,346219.5328,65,0.9614,0.0071,0.0315,1
1542.803,225.0757,210979.3047,69,0.9977,0.0023,0.0,1
1674.5956,489.3923,281851.2348,22,0.7571,0.2262,0.0167,1
38.6881,5.0403,28211.9779,13,0.6754,0.2134,0.1113,0
27.4959,29.1622,24517.8184,14,0.8102,0.1898,0.0,0
76.8969,39.7203,33558.1222,10,0.5835,0.2829,0.1336,0
264.9229,15.8484,27517.4115,15,0.8976,0.1024,0.0,0
256.0825,25.8314,14863.2578,7,0.6595,0.1751,0.1654,0
161.3564,22.4514,30130.7173,10,0.5525,0.0761,0.3714,0
265.7531,21.3366,47877.1227,2,0.6723,0.3277,0.0,0
221.2922,41.5743,46245.102,2,0.5941,0.1495,0.2565,0
1056.217,328.8075,103846.6855,82,0.6883,0.1039,0.2078,1
426.5466,262.1475,255040.0168,54,0.8006,0.0942,0.1051,1
1179.4772,132.6822,284690.7946,21,0.9584,0.0256,0.0159,1
459.6023,304.3798,173950.6375,27,0.6178,0.1378,0.2444,1
1654.2757,384.0407,268523.4174,88,0.7146,0.2854,0.0,1
297.6922,13.8535,38244.6098,16,0.5808,0.2649,0.1543,0
637.1665,330.0438,450315.1489,46,0.8307,0.1466,0.0227,1
19.9966,34.9303,48103.9829,10,0.8894,0.1106,0.0,0
230.6764,14.7213,16407.0322,13,0.696,0.2648,0.0393,0
196.6899,31.7563,41842.307,12,0.5896,0.2202,0.1901,0
13.5425,19.7246,35896.8928,18,0.7657,0.2343,0.0,0
178.1028,30.9288,42774.5929,7,0.5077,0.2529,0.2395,0
286.6537,45.7746,2865.7816,3,0.7745,0.1245,0.1009,0
220.3032,15.3868,7519.0598,15,0.6837,0.1357,0.1807,0
27.5533,2.2673,7739.4996,9,0.7128,0.2872,0.0,0
60.2648,6.496,35064.4371,19,0.8654,0.1346,0.0,0
121.9172,32.2059,14686.1605,7,0.716,0.2192,0.0648,0
268.5864,31.4647,45341.3793,10,0.5076,0.1776,0.3148,0
19.0164,23.57,27255.6398,10,0.52,0.2037,0.2763,0
1695.6168,191.5061,456530.7225,16,0.9073,0.0927,0.0,1
156.2118,3.5574,46054.9868,15,0.631,0.3024,0.0665,0
904.8443,392.1024,239281.0351,59,0.6397,0.0673,0.293,1
212.8169,45.8384,5338.7211,8,0.5415,0.2682,0.1903,0
289.038,38.3683,36980.1137,6,0.8492,0.1508,0.0,0
1536.5127,164.1199,153827.652,69,0.6093,0.0556,0.335,1
19.1036,37.0756,34521.0056,18,0.5127,0.3528,0.1345,0
782.0572,108.0676,237213.4463,35,0.7726,0.2274,0.0,1
241.0058,30.871,38703.9197,2,0.7797,0.2203,0.0,0
277.5943,7.2504,49792.4201,18,0.5999,0.1693,0.2308,0
66.9661,21.9188,10454.6646,16,0.5652,0.3226,0.1121,0
872.5883,408.6356,370391.9245,25,0.8723,0.1277,0.0,1
188.9366,22.437,16488.2511,4,0.5952,0.2915,0.1134,0
205.7289,7.1188,1458.2272,16,0.7807,0.2193,0.0,0
229.0458,22.9828,7709.2068,4,0.5038,0.3232,0.173,0
161.0235,35.9538,25108.8035,13,0.8361,0.1639,0.0,0
555.1627,269.2441,405073.1473,93,0.6717,0.1015,0.2268,1
1544.2593,266.5126,182232.0399,32,0.7902,0.0223,0.1875,1
795.2195,367.752,173119.8897,62,0.9799,0.0183,0.0018,1
1438.2593,114.0284,90037.2028,97,0.6338,0.2172,0.1489,1
210.2437,36.524,36441.5976,4,0.5126,0.356,0.1315,0
77.5814,44.9329,13416.5461,12,0.6081,0.2132,0.1787,0
112.1149,31.1193,5380.3667,3,0.5633,0.1586,0.2782,0
1902.6795,380.2346,282739.2975,44,0.9587,0.0413,0.0,1
1106.8452,411.5626,303199.3412,33,0.6936,0.0865,0.22,1
732.6441,299.7,460764.5852,96,0.7693,0.2307,0.0,1
1519.7462,311.5794,492889.1509,62,0.8313,0.0108,0.158,1
172.1701,20.0964,19920.7561,17,0.7534,0.2203,0.0263,0
72.0073,6.1911,11585.0215,16,0.8691,0.1309,0.0,0
187.4494,3.5739,44070.2684,8,0.5683,0.3679,0.0638,0
127.3755,43.6992,11259.1281,12,0.6221,0.2236,0.1543,0
33.0019,38.8301,41188.5962,13,0.7457,0.2494,0.0049,0
162.1906,34.3414,13581.52,18,0.858,0.142,0.0,0
227.7925,45.7296,37922.7475,15,0.7749,0.2251,0.0,0
1744.2089,205.774,345155.7544,35,0.8011,0.1671,0.0318,1
1339.3265,262.8076,353606.968,81,0.6613,0.1128,0.2259,1
295.8066,45.5223,16123.502,10,0.5719,0.3293,0.0988,0
247.9467,12.0479,18763.0142,4,0.7136,0.2864,0.0,0
102.3357,30.7974,3963.6347,10,0.649,0.3488,0.0022,0
17.5984,48.254,41668.8333,17,0.6911,0.3089,0.0,0
1919.9065,348.6254,485961.7202,56,0.8829,0.1171,0.0,1
136.5607,11.4907,30783.4303,16,0.654,0.1375,0.2085,0
1850.0232,191.0579,109310.7533,46,0.7734,0.201,0.0256,1
202.7457,20.8113,35979.209,19,0.7367,0.2633,0.0,0
298.7233,37.9542,907.0372,19,0.8976,0.1024,0.0,0
1896.0947,312.1419,354898.3305,32,0.6217,0.284,0.0943,1
177.4581,11.6892,41700.0875,17,0.7258,0.1235,0.1507,0
24.7767,38.8862,45957.4522,5,0.6289,0.0675,0.3036,0
1211.8271,291.1491,252150.9645,54,0.9664,0.0336,0.0,1
60.1684,13.9332,44578.1317,3,0.6553,0.2419,0.1027,0
194.0424,9.4278,17199.1427,12,0.7047,0.2953,0.0,0
1144.0776,125.1204,482267.7615,50,0.7294,0.2222,0.0483,1
73.0542,15.984,48780.536,17,0.8013,0.1931,0.0057,0
78.7601,18.5809,4149.0642,8,0.6888,0.1313,0.1799,0
241.6375,22.9871,13071.0757,15,0.5298,0.1079,0.3623,0
1271.0641,146.5902,346204.139,33,0.8525,0.0085,0.1391,1
191.4946,23.0714,6308.591,15,0.5167,0.3604,0.1229,0
137.6348,2.8245,5905.1433,9,0.8655,0.1345,0.0,0
273.055,23.2713,7369.2313,7,0.6881,0.2081,0.1038,0
1897.7333,369.4269,348365.0242,63,0.806,0.1342,0.0599,1
283.3263,27.609,42676.9513,3,0.6166,0.3834,0.0,0
1357.4026,303.1141,464331.0675,74,0.839,0.161,0.0,1
81.8266,41.0538,8432.7351,12,0.856,0.1038,0.0402,0
1048.3335,247.0891,396619.9024,83,0.9276,0.0724,0.0,1
993.7478,339.5365,235033.9583,45,0.6444,0.1796,0.1759,1
236.961,28.7996,34903.6262,18,0.6571,0.0528,0.2901,0
82.3716,25.8437,13882.0887,5,0.7922,0.2078,0.0,0
148.5594,36.1298,15435.6917,5,0.6508,0.1554,0.1939,0
137.5446,42.7366,33414.1104,5,0.7173,0.2827,0.0,0
1892.9337,272.813,189422.6924,63,0.792,0.1848,0.0232,1
65.6393,36.8239,21560.8439,8,0.8341,0.1659,0.0,0
73.838,10.1961,13395.3113,5,0.6263,0.3412,0.0325,0
1824.4241,141.6163,315184.3046,82,0.9608,0.0048,0.0344,1
41.4094,22.2707,7069.9487,16,0.5687,0.2433,0.188,0
130.025,41.414,29844.7578,3,0.8113,0.1887,0.0,0
270.8842,6.5139,38857.6499,13,0.7481,0.0831,0.1688,0
166.7658,30.9761,32490.3641,17,0.8684,0.1316,0.0,0
97.2751,46.8687,31233.0069,1,0.5875,0.1201,0.2924,0
1809.1618,85.7455,144541.8841,43,0.9295,0.0705,0.0,1
222.0375,38.2131,15872.578,13,0.7777,0.1023,0.12,0
475.6383,133.1665,263803.3467,76,0.9155,0.0845,0.0,1
977.1089,281.1157,222835.5394,95,0.6605,0.0125,0.327,1
255.7317,43.8642,1604.2595,10,0.6581,0.1695,0.1724,0
32.9737,4.5033,9111.9701,9,0.8981,0.1019,0.0,0
82.6766,45.6597,40083.4218,18,0.8195,0.162,0.0186,0
200.1259,17.7566,836.0666,9,0.591,0.3242,0.0848,0
66.7738,10.4227,8101.3412,11,0.8114,0.1886,0.0,0
1656.3983,205.8079,119268.7402,78,0.8994,0.1006,0.0,1
1327.6023,390.1565,100441.7833,24,0.8721,0.0424,0.0855,1
566.7955,203.8901,81402.1729,92,0.9743,0.0257,0.0,1
134.5238,22.3748,38657.7278,3,0.6648,0.2112,0.1241,0
177.2897,4.7265,36716.0688,7,0.6602,0.3211,0.0186,0
250.1556,26.304,20951.0596,16,0.7166,0.1741,0.1094,0
266.1805,15.8713,11671.667,4,0.5326,0.1021,0.3654,0
771.9956,398.8165,495273.8691,36,0.8681,0.1319,0.0,1
1520.0888,174.5623,325647.7555,19,0.6815,0.0495,0.269,1
298.1051,40.2333,40951.0749,17,0.5294,0.0519,0.4187,0
478.1508,312.0172,227545.1862,95,0.8031,0.1969,0.0,1
74.1542,33.3478,24900.7771,11,0.7787,0.2213,0.0,0
33.2813,33.0305,15841.5248,12,0.7334,0.2666,0.0,0
37.1343,30.6109,44381.0446,13,0.8094,0.1906,0.0,0
137.9546,9.5758,28612.1028,7,0.7944,0.2056,0.0,0
633.876,410.26,207516.3936,96,0.6011,0.0964,0.3025,1
85.2376,19.0519,48306.0302,15,0.7866,0.2134,0.0,0
921.7477,478.3881,364792.4046,94,0.9721,0.0279,0.0,1
221.2597,24.0202,23692.6746,15,0.5622,0.3103,0.1275,0
161.7929,35.4329,45636.1391,6,0.6383,0.1578,0.2038,0
278.3802,36.2746,26765.5253,6,0.7452,0.2548,0.0,0
294.0755,8.3364,15999.7774,17,0.5363,0.16,0.3037,0
1238.5263,217.472,359971.6069,59,0.9518,0.0482,0.0,1
147.4555,25.7769,3587.0211,4,0.5405,0.211,0.2485,0
562.6526,199.0063,354148.4188,19,0.9714,0.0138,0.0148,1
53.7667,18.0813,7482.99,5,0.8582,0.1418,0.0,0
22.7031,12.4656,1179.976,7,0.851,0.1321,0.0169,0
213.596,16.6588,37472.9339,6,0.6804,0.075,0.2446,0
515.671,424.031,472982.3863,48,0.8168,0.1832,0.0,1
191.0651,30.8682,47438.2215,15,0.523,0.1351,0.3419,0
1201.2918,206.871,166114.8266,52,0.9141,0.0859,0.0,1
265.0328,17.6074,7484.5601,18,0.6683,0.2578,0.0739,0
170.7905,21.2773,26244.8863,13,0.6505,0.2331,0.1165,0
1629.1422,361.7023,482716.6377,63,0.8173,0.1438,0.0389,1
701.5844,388.6709,468678.9552,65,0.8438,0.0985,0.0577,1
17.545,17.554,2341.3869,14,0.8079,0.1921,0.0,0
155.4976,18.2635,22955.4056,4,0.622,0.0891,0.2889,0
72.2694,6.4737,36040.9414,16,0.6579,0.0845,0.2576,0
179.2339,25.3434,4587.9907,2,0.847,0.153,0.0,0
38.0749,19.3224,36920.174,1,0.5842,0.3701,0.0457,0
916.4944,174.1133,484533.4888,28,0.9672,0.0328,0.0,1
1303.1929,441.3933,330847.604,85,0.7958,0.0784,0.1258,1
1119.1997,375.8946,480948.0462,37,0.9426,0.0574,0.0,1
28.6612,39.6206,27677.7433,13,0.8357,0.1643,0.0,0
152.0675,34.3381,14204.1559,5,0.5735,0.3199,0.1066,0
228.0006,17.3356,46237.0195,8,0.7078,0.1729,0.1193,0
68.5739,18.6703,4008.2218,5,0.5777,0.343,0.0793,0
1956.4383,351.4087,182889.4127,29,0.9809,0.0191,0.0,1
31.7496,6.8058,14359.207,9,0.6923,0.3047,0.003,0
237.7788,15.8995,2705.8064,12,0.7538,0.2458,0.0003,0
100.5098,30.0567,43461.9219,3,0.7469,0.1746,0.0785,0
664.7073,141.7267,230455.4584,78,0.7486,0.0683,0.1831,1
169.1774,35.6011,45256.992,15,0.7836,0.1216,0.0948,0
207.9219,8.4199,9272.0013,11,0.8556,0.1444,0.0,0
128.4137,22.4712,1352.3352,1,0.7343,0.2657,0.0,0
18.8934,30.9569,27695.4956,11,0.853,0.147,0.0,0
69.3694,6.4228,12194.3607,15,0.5668,0.1044,0.3288,0
74.8412,38.8292,38265.633,13,0.7661,0.2339,0.0,0
229.3253,36.8721,42427.2212,7,0.8276,0.1724,0.0,0
214.4865,44.4659,5892.4383,8,0.7988,0.174,0.0273,0
229.5067,43.6927,49706.4,17,0.7097,0.177,0.1133,0
213.5806,39.3959,31563.3383,11,0.7945,0.2055,0.0,0
201.3108,46.8301,16771.558,1,0.6318,0.2515,0.1167,0
44.484,4.1131,27665.9154,17,0.7035,0.0965,0.2,0
33.4132,6.2746,2032.5954,10,0.733,0.267,0.0,0
67.1203,12.5163,25607.27,13,0.8905,0.1095,0.0,0
266.4209,28.9158,39997.5257,3,0.5774,0.3147,0.1079,0
1643.3866,269.4419,256766.5097,98,0.7949,0.0611,0.144,1
240.1678,38.2856,24358.442,19,0.788,0.212,0.0,0
28.9125,44.457,33688.949,12,0.7339,0.2661,0.0,0
1697.2569,377.6807,486903.59,92,0.9899,0.0101,0.0,1
61.5946,8.9766,49319.1329,10,0.7265,0.164,0.1095,0
225.43,8.7674,25860.3134,9,0.5291,0.1933,0.2776,0
44.6356,44.2388,7796.212,7,0.676,0.324,0.0,0
31.4767,41.4934,13775.189,5,0.5735,0.3335,0.093,0
1035.2703,198.3538,116633.7428,55,0.9078,0.0443,0.0479,1
220.4676,8.8335,49867.1426,10,0.7422,0.161,0.0968,0
938.1627,217.4937,198100.3598,68,0.842,0.158,0.0,1
213.9394,1.0646,33696.4108,8,0.5058,0.255,0.2392,0
63.0145,3.937,30493.0633,8,0.6709,0.3291,0.0,0
282.9964,46.6454,21482.5934,9,0.792,0.1511,0.0569,0
292.2663,23.345,38195.3535,7,0.5369,0.3579,0.1052,0
194.0167,2.2035,46395.1077,18,0.6218,0.0824,0.2958,0
116.1706,18.0528,14521.1974,13,0.8891,0.1109,0.0,0
43.1363,8.4955,42568.5634,5,0.6675,0.3325,0.0,0
1512.2913,444.6006,250568.003,29,0.8956,0.1044,0.0,1
1396.583,211.4615,243489.9941,85,0.8136,0.1864,0.0,1
72.1547,13.254,48424.2246,18,0.8679,0.1321,0.0,0
160.4235,42.3455,20663.4703,4,0.8916,0.1084,0.0,0
1713.2144,308.1472,493657.6119,57,0.9854,0.0146,0.0,1
67.5311,42.5392,11117.0634,9,0.8417,0.0741,0.0842,0
1262.7337,408.8751,279892.9004,94,0.739,0.1127,0.1483,1
270.2123,34.1801,33456.1644,13,0.6221,0.3406,0.0373,0
1037.0349,185.9604,226316.6567,69,0.8067,0.1933,0.0,1
96.6298,15.2214,10560.3667,18,0.8212,0.1788,0.0,0
89.8981,43.3874,38552.8444,15,0.6379,0.2547,0.1074,0
1120.9256,233.4338,434323.8091,77,0.8715,0.1285,0.0,1
144.562,33.0694,11309.9609,4,0.8329,0.0635,0.1036,0
285.1734,38.4496,3011.4059,2,0.607,0.3419,0.051,0
227.3829,5.6396,4134.7122,19,0.5824,0.3281,0.0894,0
80.9419,25.8764,17323.0241,4,0.8265,0.1735,0.0,0
226.5502,6.1868,49647.4302,17,0.5509,0.1539,0.2952,0
107.1636,14.6776,42793.5015,3,0.7706,0.2294,0.0,0
1820.0754,348.9929,356661.4867,45,0.6495,0.184,0.1665,1
216.4037,34.3142,23429.9227,8,0.672,0.3119,0.0161,0
72.4207,1.7329,16297.369,17,0.7632,0.2368,0.0,0
61.68,45.4736,45096.5245,3,0.8015,0.1906,0.0079,0
155.9161,49.6172,44078.246,10,0.7018,0.0849,0.2133,0
260.4127,38.163,34666.9885,14,0.6121,0.1209,0.267,0
1243.1799,148.5035,130726.5756,74,0.8652,0.1348,0.0,1
261.1383,16.319,36431.696,12,0.8571,0.1429,0.0,0
219.6202,5.4244,48230.4081,16,0.5365,0.1818,0.2817,0
1336.0436,367.655,95847.9515,59,0.7558,0.1645,0.0796,1
136.6871,41.5689,18512.3917,12,0.5672,0.2545,0.1783,0
131.8645,25.4424,29282.2441,10,0.8914,0.1086,0.0,0
164.9429,5.7636,22048.3464,11,0.7728,0.1237,0.1035,0
55.67,23.119,41548.7056,18,0.6299,0.3451,0.025,0
78.2878,9.4235,14499.1127,8,0.646,0.0614,0.2926,0
148.5482,45.5686,12684.2769,6,0.8608,0.1392,0.0,0
117.133,10.3749,40657.479,4,0.5114,0.2028,0.2858,0
298.0769,39.4279,2517.0801,12,0.5664,0.1323,0.3013,0
222.0304,9.8359,39759.0929,11,0.5422,0.3497,0.1081,0
105.0855,29.3681,44347.5929,1,0.5521,0.1329,0.315,0
1733.642,92.6396,302356.0881,81,0.9741,0.0259,0.0,1
1142.9913,386.0106,433217.2842,88,0.8584,0.1336,0.0079,1
81.4422,3.1861,21314.3808,11,0.7913,0.1731,0.0355,0
152.5388,17.3321,34468.2741,2,0.8807,0.1193,0.0,0
961.5104,429.478,468349.1637,60,0.9929,0.0071,0.0,1
238.3553,20.2862,1011.754,19,0.6688,0.0676,0.2636,0
75.4267,2.8576,13796.0891,2,0.5349,0.1048,0.3603,0
879.1741,473.2086,155979.147,45,0.76,0.0113,0.2287,1
237.0223,19.5561,15011.9222,2,0.7213,0.1067,0.1721,0
130.1839,28.4712,22316.9569,15,0.7041,0.2907,0.0051,0
184.3981,45.9804,3122.4645,1,0.7995,0.2005,0.0,0
228.5152,32.473,4911.7948,1,0.8857,0.1143,0.0,0
1425.5655,470.4254,434834.5202,24,0.6899,0.2278,0.0823,1
69.1638,43.9308,750.5773,13,0.6038,0.2379,0.1583,0
234.5532,40.0983,6276.7642,7,0.6659,0.2337,0.1004,0
288.8494,41.6022,40010.7508,11,0.716,0.284,0.0,0
158.6193,3.8988,46067.6315,10,0.6677,0.3323,0.0,0
48.6713,42.349,24353.0668,3,0.6042,0.1615,0.2343,0
44.9273,13.4458,6474.8691,6,0.6947,0.0534,0.2518,0
255.3546,48.829,46012.5411,11,0.7806,0.2194,0.0,0
225.9281,21.5217,9332.0737,5,0.8992,0.1008,0.0,0
197.0132,14.7368,47756.9886,6,0.6683,0.3317,0.0,0
87.4034,26.3218,17395.5912,2,0.6027,0.3529,0.0445,0
79.8184,12.2376,37365.1903,6,0.6561,0.3304,0.0135,0
1302.2521,235.3256,175118.6342,58,0.9569,0.0431,0.0,1
1495.6108,331.751,255764.3785,65,0.6454,0.1973,0.1573,1
105.2247,36.6698,29653.7046,13,0.5318,0.2791,0.1892,0
159.3887,31.6936,39685.4606,5,0.7277,0.1724,0.0999,0
56.5405,35.7071,28011.5161,2,0.6304,0.0948,0.2748,0
286.5153,6.888,13545.9474,11,0.8218,0.1585,0.0198,0
179.5453,6.3505,30460.0776,15,0.7181,0.1685,0.1134,0
250.4354,44.9029,11227.241,16,0.6044,0.1196,0.2759,0
1714.9164,394.1674,446682.9259,85,0.703,0.2285,0.0685,1
203.5156,42.8678,6055.8558,2,0.6807,0.1938,0.1255,0
1189.6433,292.3966,347576.3654,20,0.9487,0.0513,0.0,1
1824.6081,156.2316,210531.0286,47,0.7507,0.0381,0.2112,1
120.7439,27.9733,36206.8428,10,0.5236,0.147,0.3294,0
106.8923,36.2476,24375.1468,1,0.787,0.0546,0.1584,0
214.529,12.6205,5119.603,1,0.8894,0.1106,0.0,0
1054.5874,347.3948,178502.7463,46,0.9097,0.0903,0.0,1
1943.2644,246.7253,445420.2046,79,0.806,0.194,0.0,1
849.2725,126.1765,232532.2005,88,0.963,0.037,0.0,1
145.8375,9.464,26499.5427,19,0.7321,0.2679,0.0,0
466.2003,383.1049,194597.4812,98,0.6871,0.1077,0.2052,1
51.8909,39.596,26242.4083,8,0.8806,0.1194,0.0,0
52.5905,33.008,21837.12,15,0.6981,0.226,0.0759,0
211.8737,21.4453,2696.0923,12,0.5876,0.2538,0.1586,0
10.1209,31.3514,9074.2364,5,0.5023,0.0576,0.4401,0
175.4401,14.0813,41612.3389,8,0.5937,0.2129,0.1934,0
242.1692,13.4501,13470.595,1,0.7909,0.2091,0.0,0
84.1764,37.1073,37320.7703,19,0.5336,0.332,0.1344,0
206.0139,23.4812,23008.4042,12,0.5865,0.3408,0.0728,0
103.2594,12.9807,32164.6915,2,0.7492,0.2465,0.0043,0
757.9881,241.6529,176854.6443,21,0.7914,0.0462,0.1625,1
168.0065,27.1241,38607.8908,16,0.8457,0.0993,0.0551,0
51.5218,45.0949,2973.4477,5,0.8584,0.1416,0.0,0
111.9184,9.8682,27164.0265,2,0.6817,0.3135,0.0049,0
1130.4788,93.3836,118001.058,23,0.9145,0.0742,0.0114,1
173.4217,7.2083,6869.0671,7,0.607,0.2828,0.1103,0
1613.7571,491.2136,239918.3488,82,0.9507,0.0493,0.0,1
180.0516,30.4985,48508.2817,12,0.5972,0.1492,0.2536,0
94.9809,12.1614,2461.7699,7,0.5118,0.1323,0.3559,0
998.0529,123.7118,172505.2132,62,0.9725,0.0275,0.0,1
38.4431,48.9184,12262.4169,16,0.5854,0.0667,0.3479,0
125.7551,5.3126,5963.8622,3,0.8879,0.1121,0.0,0
1653.481,288.6379,229864.9506,80,0.8225,0.1775,0.0,1
179.8737,48.466,48663.5734,4,0.8942,0.1058,0.0,0
269.4595,17.0149,2607.1912,12,0.8979,0.1021,0.0,0
62.4048,9.6226,24555.3784,15,0.5874,0.3354,0.0772,0
189.1588,35.2114,9580.0729,1,0.6416,0.3452,0.0132,0
138.0706,28.6926,34737.9094,2,0.6441,0.2822,0.0737,0
50.8531,47.5158,23118.0632,13,0.8421,0.1579,0.0,0
1921.8339,140.5858,264215.2886,91,0.8442,0.133,0.0228,1
169.7412,5.6607,13809.7015,14,0.6485,0.2273,0.1242,0
1676.5153,389.2999,372878.9963,35,0.8815,0.0591,0.0594,1
131.589,39.5995,47991.0131,12,0.7243,0.2757,0.0,0
1970.0516,170.7436,190847.0741,72,0.959,0.0376,0.0034,1
1099.4708,415.9445,256307.1887,37,0.9203,0.0797,0.0,1
65.7711,8.1088,33718.2424,13,0.5897,0.2802,0.1302,0
927.231,353.0339,206200.9516,57,0.8264,0.1318,0.0418,1
150.0433,15.4964,3132.5679,8,0.7529,0.1202,0.1269,0
1500.0391,472.3654,215802.5346,24,0.9289,0.034,0.0371,1
226.7767,14.1737,33179.2689,12,0.7441,0.2559,0.0,0
141.5481,43.6602,32554.7209,11,0.8878,0.1122,0.0,0
243.2097,28.3189,5431.1091,14,0.7004,0.2996,0.0,0
1701.6143,193.1141,461805.1652,79,0.8085,0.064,0.1275,1
294.2037,14.0818,30617.3932,7,0.7783,0.204,0.0177,0
220.8346,25.1277,46040.1408,8,0.7727,0.1701,0.0573,0
97.3829,1.5148,20197.877,16,0.8638,0.0878,0.0484,0
299.4942,14.4256,44584.7403,8,0.7368,0.1317,0.1315,0
281.4225,32.3373,9429.3648,19,0.6816,0.0971,0.2213,0
1914.348,216.5366,86285.4907,99,0.9934,0.0066,0.0,1
166.39,9.8311,24309.7268,1,0.5656,0.1783,0.2561,0
903.7938,409.9156,359820.8333,40,0.9774,0.0226,0.0,1
502.3227,305.974,215735.7391,48,0.9549,0.039,0.0061,1
585.8025,232.549,180567.9958,74,0.6862,0.2675,0.0463,1
65.5649,2.563,30303.3995,5,0.896,0.104,0.0,0
105.7922,4.3463,38299.8786,15,0.8047,0.1953,0.0,0
188.1417,48.2417,19494.5298,6,0.6748,0.1905,0.1347,0
294.5225,31.776,11786.1286,4,0.66,0.21,0.1299,0
94.8524,33.6733,26548.059,4,0.6934,0.17,0.1366,0
146.1712,38.3906,43378.1433,2,0.702,0.061,0.237,0
54.744,48.2404,38246.6816,16,0.8817,0.1183,0.0,0
297.4609,28.3984,24206.3861,15,0.8632,0.1368,0.0,0
837.1785,288.385,465327.853,27,0.8314,0.1686,0.0,1
14.3429,16.3528,1144.4159,7,0.521,0.1068,0.3722,0
58.8629,21.1731,3936.8795,9,0.7089,0.1104,0.1807,0
265.4455,9.7214,46077.3631,10,0.5277,0.2672,0.205,0
131.1456,28.8778,22597.967,9,0.7184,0.2816,0.0,0
265.2162,27.1108,42439.5492,6,0.5457,0.2669,0.1874,0
235.4439,41.9607,7526.3515,8,0.7216,0.2784,0.0,0
208.523,4.897,14333.5708,9,0.5064,0.1638,0.3298,0
15.7942,27.0381,30049.9556,4,0.8072,0.1928,0.0,0
215.2275,30.0343,48062.9362,17,0.7681,0.1022,0.1297,0
1102.2269,269.8891,300842.3044,36,0.9054,0.0946,0.0,1
276.4838,49.2856,46822.2484,6,0.8117,0.1883,0.0,0
49.6291,38.4315,20621.3133,16,0.7624,0.2376,0.0,0
699.2708,272.0454,297837.9028,24,0.615,0.251,0.134,1
169.2508,28.7755,8282.2692,11,0.6505,0.2405,0.1089,0
35.5688,20.9579,47552.4761,3,0.8584,0.1416,0.0,0
177.9544,40.2364,16466.9055,15,0.8423,0.1577,0.0,0
152.9908,31.6031,28288.4695,13,0.7425,0.2575,0.0,0
1617.7896,497.8472,97463.3133,60,0.6695,0.0468,0.2836,1
1669.0887,299.2409,357153.8149,36,0.853,0.0079,0.1391,1
77.9663,4.7725,25735.9284,6,0.6535,0.2859,0.0606,0
283.7015,42.1341,45344.2542,13,0.7614,0.2386,0.0,0
286.3074,33.026,48772.6696,15,0.8856,0.1144,0.0,0
48.4909,40.2871,3832.2637,10,0.6521,0.0855,0.2624,0
287.1307,34.2976,40042.4023,13,0.7954,0.051,0.1536,0
1583.0225,230.4498,394160.8902,19,0.6015,0.0474,0.3512,1
413.749,145.3893,152170.4504,53,0.6837,0.0658,0.2505,1
1824.601,429.1373,193390.1501,16,0.7659,0.2117,0.0224,1
249.9439,35.6709,48524.5368,17,0.8339,0.1661,0.0,0
200.039,24.9969,22028.1266,6,0.6134,0.2923,0.0943,0
237.7098,37.4922,24353.588,16,0.7541,0.164,0.0819,0
66.6038,15.2952,5372.5334,1,0.6542,0.2366,0.1092,0
782.3718,98.3584,82479.9663,57,0.835,0.0724,0.0925,1
39.4162,17.3966,44991.8962,7,0.8299,0.1701,0.0,0
27.049,32.2294,15458.5383,14,0.5054,0.3464,0.1481,0
101.9792,13.091,15344.4441,13,0.761,0.239,0.0,0
290.602,21.3485,29164.447,8,0.6709,0.1924,0.1367,0
72.2747,27.0529,17937.9692,9,0.7608,0.0871,0.1521,0
885.4729,86.5754,252319.6406,48,0.8618,0.0264,0.1119,1
179.4738,30.4857,48405.8617,13,0.6164,0.0753,0.3083,0
1642.443,192.2512,496062.7275,22,0.7882,0.0196,0.1923,1
1063.1481,295.8525,156605.8732,25,0.6903,0.0031,0.3067,1
457.613,105.0533,177303.5619,91,0.6757,0.1034,0.221,1
155.176,29.4408,24017.9167,3,0.5952,0.1298,0.275,0
196.7478,12.3599,20547.5106,13,0.8396,0.1604,0.0,0
59.7749,2.3185,18293.9374,15,0.7919,0.2081,0.0,0
131.4103,18.9539,6358.6322,11,0.5102,0.1562,0.3336,0
183.4432,45.8537,27987.2696,18,0.8365,0.1635,0.0,0
20.4872,20.6027,15960.8751,9,0.6672,0.2662,0.0665,0
1436.366,348.6946,203238.2609,98,0.8751,0.1134,0.0116,1
37.2043,17.0172,37720.0978,7,0.8135,0.1865,0.0,0
136.5318,26.5557,38773.5677,16,0.5842,0.2886,0.1272,0
161.2971,49.0532,33244.5855,13,0.7046,0.2279,0.0675,0
181.4317,9.932,14287.7455,2,0.8055,0.1945,0.0,0
159.3666,47.241,48456.8134,12,0.6921,0.1937,0.1142,0
296.8326,46.9857,45022.3033,15,0.895,0.105,0.0,0
26.6913,43.7433,38685.1101,7,0.8797,0.1203,0.0,0
198.3506,37.8408,28267.2333,2,0.5251,0.2531,0.2219,0
43.4285,26.0184,9910.7437,12,0.7793,0.2082,0.0125,0
281.4193,5.7524,45957.3654,18,0.7767,0.1545,0.0688,0
51.5567,6.5199,28943.0284,6,0.5004,0.1941,0.3055,0
26.0109,15.7994,20369.0587,10,0.6991,0.2806,0.0203,0
124.7724,12.2465,40375.6843,2,0.6492,0.0917,0.2591,0
190.9487,40.0588,7260.8676,4,0.8739,0.1261,0.0,0
239.5209,1.7591,7718.0204,14,0.827,0.173,0.0,0
85.6041,11.4215,11945.4834,5,0.8128,0.0639,0.1233,0
128.3088,13.3964,44443.4469,13,0.8132,0.1868,0.0,0
1351.0566,465.1542,360307.1261,66,0.8704,0.1296,0.0,1
120.0698,10.0841,24963.216,9,0.8425,0.1575,0.0,0
288.2064,1.6552,41161.9931,3,0.645,0.355,0.0,0
47.4495,2.6191,3807.5362,7,0.7193,0.0916,0.1891,0
1840.7356,498.4576,231661.466,25,0.6237,0.2403,0.136,1
288.226,41.4439,23955.6286,11,0.7111,0.2889,0.0,0
228.0164,12.8125,36893.6942,11,0.6142,0.2413,0.1445,0
1283.4182,168.9965,388634.0214,25,0.8842,0.1158,0.0,1
123.6329,48.7333,17280.2413,9,0.7911,0.2089,0.0,0
1770.7439,361.5296,250978.7196,51,0.8866,0.1017,0.0117,1
1566.7669,448.6064,111464.8607,37,0.7527,0.0735,0.1737,1
146.8909,6.4416,12945.666,11,0.8407,0.1593,0.0,0
30.8321,19.6989,25740.3315,14,0.7318,0.1855,0.0828,0
1422.2247,260.3096,224062.3074,86,0.9388,0.0612,0.0,1
886.1181,102.9706,321669.5567,35,0.8913,0.1087,0.0,1
977.6539,122.7714,271266.0055,19,0.7459,0.0954,0.1587,1
1482.6231,150.8445,210967.9667,52,0.6966,0.2961,0.0073,1
797.7025,339.0968,329677.5207,87,0.9863,0.0137,0.0,1
48.3917,39.3033,6812.4606,9,0.6373,0.328,0.0347,0
232.8699,36.3466,17763.7421,2,0.8564,0.0608,0.0828,0
31.2224,15.6414,44147.6365,11,0.5546,0.247,0.1984,0
221.529,44.4378,13534.346,18,0.5281,0.3671,0.1048,0
245.7125,31.1738,36415.4283,5,0.5865,0.2433,0.1702,0
693.5536,153.7724,271885.3092,42,0.9891,0.0109,0.0,1
19.9934,24.5309,46483.6202,11,0.8349,0.1651,0.0,0
246.8049,10.1527,41491.037,18,0.7956,0.2044,0.0,0
1294.9968,206.4404,422922.8376,79,0.8789,0.1054,0.0157,1
63.0419,45.6625,26001.1687,9,0.7459,0.2541,0.0,0
1340.4448,390.4634,315023.9866,50,0.7778,0.1856,0.0365,1
681.947,261.7579,148372.6115,40,0.6348,0.1655,0.1997,1
97.6795,17.4809,25059.3227,7,0.6937,0.0676,0.2387,0
258.4895,46.0637,39208.2449,8,0.8441,0.1559,0.0,0
459.0311,239.1905,396872.7441,33,0.7662,0.2338,0.0,1
1158.2967,408.2022,231502.227,18,0.9326,0.065,0.0024,1
251.3862,16.028,14534.1453,1,0.7215,0.2785,0.0,0
286.4919,20.6829,10455.474,4,0.67,0.2593,0.0707,0
656.0469,428.7604,359692.9787,51,0.7703,0.1338,0.0959,1
799.4583,106.0925,303681.9457,23,0.9082,0.029,0.0628,1
140.7654,16.8162,39030.4353,4,0.6578,0.3253,0.0169,0
136.0352,22.0786,6533.7149,1,0.8717,0.1283,0.0,0
158.0269,12.8684,43698.7743,14,0.5188,0.2348,0.2464,0
288.22,24.0416,47569.1888,18,0.8489,0.1511,0.0,0
180.0691,1.1195,31320.3396,7,0.509,0.0737,0.4173,0
142.6281,5.4247,41962.5331,4,0.7156,0.1921,0.0923,0
119.7669,12.0485,18120.8908,6,0.6435,0.2521,0.1044,0
73.4242,9.3494,32735.9506,12,0.7214,0.2357,0.043,0
252.8409,40.8627,47997.9524,5,0.5958,0.2221,0.1821,0
229.376,49.7803,23775.4105,14,0.784,0.216,0.0,0
197.891,2.1929,42103.9272,1,0.6106,0.2009,0.1886,0
251.5227,11.939,27788.0579,9,0.6798,0.2836,0.0365,0
47.7135,19.7035,43468.7472,3,0.8819,0.1181,0.0,0
152.3412,34.5781,1685.3833,9,0.8592,0.1086,0.0322,0
297.813,12.4039,5921.7974,9,0.5704,0.0729,0.3567,0
178.992,2.3688,32491.8582,12,0.7727,0.0945,0.1328,0
76.1933,45.8069,3461.7546,13,0.7329,0.1484,0.1188,0
199.6275,17.1301,32027.8959,9,0.5071,0.3394,0.1535,0
239.6991,7.9105,32104.9229,17,0.5726,0.2809,0.1465,0
285.3849,14.6538,19204.1505,2,0.8083,0.1647,0.027,0
1970.5341,217.7005,135169.4913,56,0.6303,0.2581,0.1116,1
208.8217,34.4657,9165.251,13,0.5305,0.0624,0.4071,0
97.9421,35.8066,38078.8289,4,0.7316,0.1724,0.0961,0
933.9779,382.9049,106646.9855,94,0.9701,0.0033,0.0266,1
41.3923,30.1323,1570.4492,7,0.7104,0.2847,0.005,0
1653.6678,121.1631,491901.6446,87,0.9468,0.0458,0.0075,1
159.6655,32.8288,18607.1433,8,0.7868,0.0889,0.1243,0
267.0568,45.172,19968.367,2,0.7932,0.1473,0.0595,0
1861.2759,438.0005,328415.7061,61,0.8465,0.1174,0.0361,1
78.0152,30.7593,35264.4652,15,0.5947,0.0849,0.3204,0
11.6355,34.4732,9787.0705,10,0.7202,0.1586,0.1212,0
139.9898,35.5998,24607.0312,19,0.5478,0.3873,0.0649,0
677.5394,386.9985,305925.161,43,0.8244,0.1318,0.0438,1
249.7173,35.0513,43234.9261,6,0.7973,0.2027,0.0,0
1842.5891,350.2554,464378.8782,29,0.6723,0.1383,0.1894,1
910.4215,228.9674,164655.8814,17,0.8174,0.1826,0.0,1
299.2982,33.5339,31522.7221,15,0.5584,0.2229,0.2187,0
246.3217,15.5278,24257.2984,4,0.5187,0.0926,0.3887,0
294.1344,38.8763,29356.4283,11,0.6026,0.2975,0.0998,0
88.5394,29.0957,5934.1183,8,0.7421,0.2091,0.0488,0
275.4651,17.9301,40257.3851,9,0.7064,0.095,0.1986,0
165.5327,40.193,4761.427,1,0.6417,0.2417,0.1167,0
75.784,21.3725,37548.5011,8,0.7557,0.2443,0.0,0
1250.1909,263.7875,455801.3433,62,0.6039,0.2932,0.1028,1
199.4256,3.8434,22721.3963,1,0.6063,0.2375,0.1561,0
20.5653,2.2845,2886.5067,7,0.7087,0.1355,0.1557,0
848.2474,484.2092,188840.4236,16,0.9726,0.0274,0.0,1
263.7744,45.7493,33816.8519,10,0.6389,0.2189,0.1422,0
54.5213,19.7465,49677.4886,12,0.529,0.1169,0.3541,0
295.8301,30.5812,14351.2604,2,0.8788,0.1212,0.0,0
243.126,46.134,27209.9767,15,0.5389,0.1495,0.3116,0
275.6476,36.2627,2039.9963,8,0.6458,0.2836,0.0705,0
1716.2794,372.5346,106588.7572,89,0.9404,0.0596,0.0,1
241.9624,12.7072,45610.8282,9,0.5066,0.2382,0.2551,0
163.9232,16.6503,2472.9484,18,0.7342,0.2658,0.0,0
228.785,21.998,20917.9776,18,0.5536,0.3106,0.1358,0
101.1907,20.9342,16199.1686,7,0.8649,0.1351,0.0,0
1716.7783,254.9406,468387.1724,84,0.8068,0.1932,0.0,1
1115.0183,390.9357,371525.1796,49,0.786,0.214,0.0,1
70.5391,1.2768,42024.5053,8,0.6368,0.1132,0.2499,0
273.5735,11.0509,5683.5116,12,0.7194,0.1689,0.1117,0
116.5774,2.0079,12874.5015,2,0.6597,0.1061,0.2342,0
129.9615,31.8197,3502.7657,17,0.7179,0.2821,0.0,0
118.4173,44.2046,25422.3766,6,0.5598,0.0855,0.3546,0
265.8308,10.2824,34141.5289,3,0.6037,0.0965,0.2998,0
100.3637,28.0303,37424.2296,15,0.5397,0.3542,0.1061,0
256.5159,35.6887,36746.8279,1,0.5582,0.3771,0.0647,0
88.4507,9.6443,46279.6236,5,0.6792,0.2661,0.0547,0
1304.6105,316.3358,371521.9129,25,0.9329,0.0671,0.0,1
57.9914,13.0189,47287.752,14,0.8131,0.1869,0.0,0
102.9694,29.6551,15027.5774,11,0.6779,0.2708,0.0513,0
78.8853,31.4744,28430.0526,17,0.8177,0.1604,0.022,0
223.5427,37.6069,39169.1112,9,0.5638,0.2571,0.1791,0
731.6234,188.0337,377007.3975,44,0.8118,0.1376,0.0506,1
1423.3082,334.8766,316486.0642,16,0.6765,0.1145,0.209,1
1078.1996,463.2656,196114.0385,83,0.6004,0.2814,0.1182,1
88.6695,7.2908,12716.4252,8,0.5209,0.2593,0.2198,0
77.4453,39.562,3743.3433,15,0.8169,0.1831,0.0,0
106.5973,12.6834,10074.7389,5,0.8053,0.1947,0.0,0
98.9645,17.2799,20537.1921,17,0.8218,0.1782,0.0,0
72.7432,23.7392,35931.18,17,0.7961,0.2039,0.0,0
51.4721,12.399,1633.4284,2,0.8902,0.1098,0.0,0
26.2229,16.3966,46685.1783,3,0.5951,0.2493,0.1556,0
292.6802,14.017,3926.1395,14,0.6265,0.2229,0.1506,0
517.3735,419.4524,284195.8421,50,0.9607,0.0105,0.0288,1
14.5829,28.004,30397.7931,4,0.7932,0.2068,0.0,0
228.3369,3.4939,38614.1279,13,0.7186,0.1627,0.1187,0
158.3936,2.4041,35148.3492,12,0.7455,0.2545,0.0,0
588.4835,153.7487,489031.5982,38,0.8268,0.1732,0.0,1
147.7493,23.8556,13919.0761,5,0.6125,0.3872,0.0003,0
1960.5032,430.735,268094.9669,93,0.7753,0.0567,0.1679,1
210.5507,40.0986,8984.7341,12,0.801,0.199,0.0,0
133.2798,10.4101,9775.7765,1,0.6528,0.23,0.1172,0
1474.6882,195.7471,345896.2442,68,0.8599,0.1083,0.0318,1
1089.9951,220.5761,174178.4451,36,0.8469,0.1531,0.0,1
170.368,30.2021,36464.3021,9,0.7833,0.0996,0.1171,0
717.7397,283.3065,361703.4848,94,0.9904,0.0096,0.0,1
170.7757,37.0552,17531.5442,4,0.5521,0.0808,0.3671,0
272.1322,29.0498,2516.6922,2,0.643,0.1498,0.2072,0
42.3687,39.5237,19925.5199,5,0.6973,0.177,0.1257,0
189.9037,32.4716,5752.1049,16,0.5612,0.1385,0.3004,0
159.5992,11.8363,15319.7109,8,0.6794,0.1521,0.1685,0
163.4022,28.0694,29531.3103,7,0.5937,0.3172,0.089,0
288.9266,38.6846,6328.4099,3,0.7204,0.2796,0.0,0
83.8712,34.8247,31926.9055,5,0.8271,0.1729,0.0,0
150.1857,36.7183,23889.6452,3,0.6441,0.1684,0.1875,0
611.1759,455.6331,444144.6051,15,0.8796,0.1204,0.0,1
16.1352,18.0351,23844.2109,3,0.6581,0.3419,0.0,0
249.0805,20.1879,22291.5249,15,0.5263,0.1035,0.3702,0
278.8098,37.1119,35434.125,1,0.5034,0.0936,0.403,0
190.6292,37.5398,15627.8394,17,0.5804,0.3456,0.074,0
201.2455,21.9695,22569.8929,7,0.6437,0.0951,0.2611,0
1965.2201,350.0789,209348.7079,89,0.8349,0.1651,0.0,1
52.8572,9.8013,18280.2328,17,0.6924,0.1092,0.1984,0
221.6364,39.8157,10962.3003,17,0.6196,0.3196,0.0609,0
284.6057,12.6746,27867.6445,15,0.878,0.122,0.0,0
229.2219,3.9079,35372.6621,13,0.8545,0.1455,0.0,0
1139.7605,347.7113,249905.8426,71,0.8258,0.0547,0.1195,1
76.2466,32.4877,47961.5027,5,0.7122,0.1044,0.1834,0
228.4158,26.6456,42135.8799,13,0.8386,0.0756,0.0857,0
45.9283,39.8794,21795.2545,4,0.7134,0.2452,0.0414,0
26.0284,5.9448,13940.794,8,0.8168,0.0812,0.102,0
1919.7152,495.7153,251603.4749,23,0.6324,0.2205,0.1472,1
775.7525,161.7165,250656.4432,39,0.9955,0.0045,0.0,1
71.0752,41.0679,6784.0889,6,0.5056,0.2698,0.2245,0
169.5368,15.125,39462.6342,1,0.5219,0.1939,0.2842,0
281.2511,23.2686,24164.3124,19,0.6355,0.362,0.0025,0
64.492,41.2186,49530.352,6,0.6686,0.0689,0.2625,0
240.7023,15.1614,31909.8588,2,0.6746,0.1207,0.2047,0
234.28,9.7856,32448.325,12,0.7404,0.2596,0.0,0
173.9851,13.5581,46477.6634,13,0.5901,0.0953,0.3146,0
103.0427,10.7993,45471.6006,4,0.7531,0.1067,0.1402,0
129.3802,38.4898,41693.5825,10,0.7953,0.1683,0.0364,0
1581.7971,270.0248,261864.1041,76,0.8579,0.1421,0.0,1
1195.8746,87.3507,92738.1466,78,0.9504,0.0496,0.0,1
1078.9123,245.1044,198518.2974,55,0.8501,0.1499,0.0,1
85.3415,8.9867,34407.965,12,0.5799,0.3854,0.0347,0
56.8497,7.1497,6199.0243,10,0.5263,0.2288,0.2448,0
184.6597,23.5084,4619.378,5,0.657,0.2136,0.1293,0
205.0067,11.628,3688.878,1,0.7309,0.2691,0.0,0
1250.2091,139.5754,147391.568,21,0.8152,0.0111,0.1738,1
217.1468,21.8419,4584.6424,17,0.8203,0.1797,0.0,0
170.5191,12.5739,48323.9582,2,0.6565,0.3435,0.0,0
254.4037,45.1723,27991.5473,4,0.5188,0.1936,0.2875,0
179.3664,18.5241,35987.8466,17,0.5219,0.0853,0.3928,0
1462.8533,497.3017,176823.7112,84,0.675,0.0706,0.2544,1
1265.718,354.7862,162992.4237,39,0.7961,0.0982,0.1058,1
294.0903,18.4582,34130.6102,13,0.6202,0.34,0.0398,0
81.5373,18.0462,26660.0523,15,0.7477,0.2523,0.0,0
19.0144,36.406,34346.3224,15,0.8265,0.1735,0.0,0
860.3856,316.2576,251903.295,67,0.8389,0.1388,0.0223,1
713.1251,393.0149,416979.9074,76,0.6504,0.1944,0.1552,1
237.018,49.8168,36358.88,16,0.7482,0.2518,0.0,0
248.251,21.2787,47737.1801,11,0.865,0.0629,0.0722,0
453.4159,452.7208,405215.0819,30,0.6623,0.0269,0.3108,1
1368.0104,357.1849,460457.947,26,0.7185,0.2284,0.0531,1
1343.0163,394.2328,211750.9248,52,0.9872,0.0128,0.0,1
222.6061,6.4573,12238.5571,1,0.7577,0.2423,0.0,0
117.395,15.1225,35255.3364,15,0.6502,0.1977,0.1521,0
79.1553,38.7894,29404.2907,3,0.7827,0.2173,0.0,0
202.1336,46.1272,10182.6991,5,0.6152,0.1365,0.2483,0
15.7185,33.0931,31054.963,9,0.5812,0.0891,0.3297,0
296.5023,46.0811,24287.5081,15,0.8347,0.1653,0.0,0
944.8087,213.1778,422371.2746,48,0.8059,0.0871,0.1069,1
204.7677,46.0624,47441.6414,14,0.7536,0.1033,0.1431,0
94.3662,31.7673,38159.4419,12,0.6885,0.3115,0.0,0
277.7348,33.0228,16499.7279,10,0.6283,0.3717,0.0,0
77.4658,3.8126,7483.3417,13,0.6529,0.0892,0.258,0
1321.1572,426.3082,421270.5317,29,0.7178,0.2701,0.0121,1
201.2812,46.8797,28037.7918,4,0.8983,0.0809,0.0208,0
810.8372,152.1261,178003.5346,55,0.706,0.1745,0.1195,1
44.46,14.2109,41633.8963,3,0.895,0.105,0.0,0
63.7588,17.2748,41446.0903,12,0.8701,0.1299,0.0,0
175.2536,19.6853,37091.4341,6,0.6953,0.0512,0.2535,0
262.2084,45.3873,1208.1291,11,0.5338,0.1948,0.2714,0
18.9674,48.1003,20110.1881,4,0.5591,0.2459,0.195,0
1393.2156,183.2262,331821.0632,22,0.6016,0.2183,0.1801,1
517.7918,84.3231,299917.1395,77,0.6305,0.0879,0.2815,1
96.43,23.691,38792.2958,17,0.577,0.2999,0.1231,0
275.4771,42.866,18345.2752,2,0.5898,0.1868,0.2234,0
293.1928,24.7148,3177.3497,1,0.6261,0.2483,0.1256,0
98.6928,44.4089,37421.1521,16,0.7914,0.2086,0.0,0
889.4812,349.5243,494756.9483,31,0.6759,0.0926,0.2315,1
37.6177,11.9501,35739.7204,9,0.8477,0.1523,0.0,0
70.5308,1.0097,20197.2301,4,0.7916,0.2084,0.0,0
190.0505,46.7163,23133.9362,2,0.6527,0.267,0.0804,0
290.5901,7.8922,1974.233,8,0.7446,0.2554,0.0,0
149.1549,35.67,26245.7231,10,0.6935,0.2808,0.0257,0
169.3288,49.9744,47407.4082,7,0.8378,0.1622,0.0,0
195.5546,27.0524,46582.0087,2,0.784,0.164,0.052,0
928.6219,478.0848,240423.4933,35,0.7915,0.1709,0.0376,1
986.128,421.5946,155501.2843,62,0.6718,0.0488,0.2795,1
105.1427,10.124,20745.7187,5,0.8949,0.1051,0.0,0
256.1325,24.8236,7823.0743,1,0.6336,0.2544,0.1121,0
237.7479,23.0305,8373.6922,2,0.7959,0.1064,0.0977,0
1851.5932,90.1234,359291.2133,95,0.9323,0.0183,0.0494,1
267.6661,34.7866,9114.8925,16,0.6105,0.1935,0.196,0
588.5787,135.799,173222.308,27,0.8241,0.1759,0.0,1
275.7656,47.1316,40885.5251,14,0.5575,0.3467,0.0958,0
55.31,48.3377,35796.5323,10,0.6655,0.0855,0.249,0
18.0226,37.6901,21065.6721,12,0.6169,0.3269,0.0562,0
957.2796,167.6469,480011.1593,51,0.6425,0.0357,0.3218,1
291.0076,9.2712,25716.6661,5,0.5156,0.3583,0.126,0
224.4351,6.4357,3213.6992,9,0.7943,0.0556,0.1501,0
291.5566,14.6651,35893.8785,14,0.8555,0.0759,0.0686,0
1935.794,269.9052,219366.3533,52,0.643,0.014,0.343,1
85.3253,46.1202,3462.4009,14,0.5784,0.2966,0.125,0
131.0275,48.1939,14864.7575,12,0.7289,0.0502,0.2209,0
238.3931,23.3587,44324.3463,15,0.7948,0.1878,0.0174,0
194.1828,33.6386,47284.0359,16,0.7459,0.0864,0.1676,0
278.7344,16.103,8261.4861,10,0.7823,0.2177,0.0,0
18.1837,23.9711,16616.8454,16,0.8106,0.1429,0.0465,0
138.2231,29.9903,3536.4164,7,0.6772,0.3228,0.0,0
30.2802,44.0074,13358.0618,5,0.8885,0.1115,0.0,0
199.2503,46.3428,47439.4203,4,0.711,0.289,0.0,0
146.2971,6.0008,30952.11,11,0.792,0.1551,0.0529,0
174.6462,36.3486,3059.8315,10,0.887,0.0566,0.0564,0
35.3285,39.3796,34147.1749,6,0.5186,0.0679,0.4135,0
1077.0855,420.5405,484279.9746,42,0.6676,0.2467,0.0857,1
1781.0727,366.6635,324761.8544,70,0.6324,0.2042,0.1634,1
250.1764,26.8761,33770.7986,14,0.5703,0.2943,0.1354,0
102.8467,44.7464,5518.8071,3,0.8837,0.1163,0.0,0
78.4088,23.3926,27085.9394,6,0.5958,0.0541,0.3501,0
1784.8685,369.2239,194079.0443,40,0.6474,0.0907,0.2619,1
264.14,20.3557,27571.6062,18,0.6595,0.266,0.0745,0
1781.2702,249.4109,108282.3199,54,0.9912,0.0088,0.0,1
208.0395,26.7181,11256.7658,17,0.7157,0.2843,0.0,0
1081.0038,312.5654,255990.498,84,0.6272,0.0051,0.3677,1
40.3384,8.3889,11019.4921,12,0.7105,0.2538,0.0357,0
117.4803,6.332,25413.6953,12,0.5083,0.085,0.4067,0
182.6125,4.0254,585.0084,7,0.6245,0.2266,0.1489,0
287.9223,15.7538,47233.7099,6,0.5865,0.3475,0.066,0
230.4199,18.0744,44243.3967,17,0.7767,0.1278,0.0955,0
288.8446,1.1049,39759.3023,13,0.6446,0.0768,0.2786,0
88.4551,48.4565,36039.871,10,0.5353,0.1279,0.3368,0
1724.78,292.6019,447877.9024,72,0.6844,0.2588,0.0567,1
1044.3584,228.5558,337116.5571,38,0.6303,0.2673,0.1023,1
137.6257,2.5795,36601.7665,9,0.8385,0.1615,0.0,0
108.3828,47.982,1608.1958,6,0.8468,0.1532,0.0,0
1626.7425,466.2733,211419.6369,19,0.7028,0.1143,0.1829,1
43.9443,8.2775,13607.5521,8,0.7942,0.2058,0.0,0
1667.1803,401.9474,445925.8367,22,0.851,0.1268,0.0223,1
1851.1856,240.2578,242967.7418,47,0.9768,0.0232,0.0,1
1859.2979,228.8338,208241.4873,87,0.8813,0.0932,0.0255,1
79.8734,33.0667,1017.3815,7,0.7847,0.1854,0.0298,0
204.5724,46.1272,26416.1819,2,0.6601,0.2695,0.0703,0
202.9121,32.1504,35056.6352,13,0.8631,0.1369,0.0,0
181.1618,39.1001,25437.5459,9,0.6038,0.265,0.1313,0
61.6913,45.7384,31388.4047,6,0.5304,0.1848,0.2849,0
264.2461,28.4504,24024.9676,15,0.8053,0.1947,0.0,0
647.367,396.556,106583.2143,72,0.8852,0.1148,0.0,1
1005.2678,406.492,243140.0775,76,0.9602,0.0398,0.0,1
212.4619,6.6782,2133.1351,10,0.6015,0.158,0.2405,0
811.0801,469.1378,234976.0836,48,0.8491,0.1509,0.0,1
1022.3166,477.6312,258888.0313,91,0.7631,0.1234,0.1134,1
121.5236,14.104,13173.1631,10,0.8254,0.1707,0.0039,0
161.0668,43.0704,11249.0557,19,0.7464,0.1288,0.1248,0
758.1016,319.9675,389421.5662,34,0.6209,0.0839,0.2952,1
229.4582,22.3678,40435.6307,18,0.6239,0.3064,0.0697,0
58.8994,3.6787,33025.9274,16,0.7605,0.0597,0.1798,0
122.039,22.9886,44948.8137,11,0.7923,0.2077,0.0,0
947.6145,397.0022,462932.0417,49,0.7089,0.2406,0.0505,1
129.4252,25.0484,1899.539,12,0.5234,0.1382,0.3385,0
64.4022,24.4303,47832.5919,10,0.8187,0.1813,0.0,0
229.6381,1.5135,27941.5622,2,0.7234,0.0905,0.1861,0
1226.1682,276.0587,258772.2329,44,0.7503,0.0601,0.1896,1
516.708,403.5286,101952.9254,43,0.9581,0.0419,0.0,1
56.4981,9.2459,37284.2278,17,0.6241,0.1595,0.2164,0
266.6062,7.7368,17806.4172,19,0.7013,0.2115,0.0872,0
198.0931,21.8444,37211.8881,5,0.8936,0.1064,0.0,0
36.116,14.5133,44271.7659,2,0.5295,0.0871,0.3834,0
1450.3328,156.941,275480.7608,37,0.6203,0.2229,0.1568,1
217.4175,23.1022,39438.5717,15,0.6953,0.3047,0.0,0
205.3572,9.6543,30978.8748,9,0.6848,0.3152,0.0,0
209.7545,44.865,22039.7627,10,0.7422,0.2089,0.0489,0
1359.9641,250.6798,478804.6512,64,0.79,0.21,0.0,1
1839.6166,111.1954,250056.6361,63,0.6572,0.0619,0.2809,1
1150.036,366.3499,308663.9489,44,0.7626,0.2374,0.0,1
260.1908,22.1291,14420.8902,13,0.7256,0.2744,0.0,0
81.6037,31.057,17183.0227,2,0.5378,0.1861,0.276,0
152.2155,35.8468,11331.5043,9,0.7333,0.2667,0.0,0
50.0504,8.8429,13710.8733,8,0.7729,0.1855,0.0415,0
1931.7213,147.6615,121357.2377,81,0.9791,0.0209,0.0,1
68.4224,38.2855,12897.6109,19,0.6385,0.344,0.0175,0
566.6189,122.3984,380638.5172,20,0.9657,0.0343,0.0,1
137.8954,21.6861,28954.0882,4,0.802,0.1182,0.0798,0
1251.827,201.8205,352461.7135,93,0.7146,0.2292,0.0562,1
1756.0156,432.396,190121.8136,37,0.7469,0.1142,0.1389,1
186.9841,28.0288,25370.5467,3,0.5891,0.3412,0.0697,0
145.5093,19.9425,15374.3095,15,0.7407,0.2593,0.0,0
50.4252,43.5193,39090.7525,5,0.722,0.278,0.0,0
1568.7207,161.4538,461870.8898,20,0.9771,0.0229,0.0,1
256.8282,34.9924,11051.4487,7,0.7184,0.2816,0.0,0
479.1118,442.8618,442685.5464,90,0.9715,0.0285,0.0,1
1252.8501,472.7858,127151.6076,25,0.8812,0.0698,0.049,1
1203.0525,267.8275,120292.4728,53,0.6941,0.2609,0.0449,1
849.0134,413.3907,239358.1643,29,0.7527,0.0435,0.2038,1
109.9064,41.374,24003.2353,12,0.5525,0.3512,0.0963,0
177.9837,18.1503,6353.248,13,0.5688,0.3916,0.0396,0
206.6118,43.5666,16755.9007,16,0.8406,0.1594,0.0,0
1054.0608,300.2887,259383.7663,21,0.7843,0.2157,0.0,1
184.2463,12.9443,9794.8398,4,0.6782,0.3035,0.0183,0
86.4021,14.8499,26700.3683,2,0.7162,0.0589,0.225,0
173.6459,31.3902,41912.9744,14,0.8518,0.0647,0.0835,0
202.0056,48.7258,43675.3105,12,0.5899,0.1155,0.2946,0
165.0678,47.6996,11909.3373,8,0.8604,0.1396,0.0,0
1422.988,459.4666,486631.0373,96,0.745,0.0924,0.1626,1
11.8341,21.0602,45126.3478,5,0.7002,0.2998,0.0,0
108.6872,12.7629,42709.0332,16,0.7703,0.2297,0.0,0
250.8006,48.3164,45912.4289,4,0.5127,0.3833,0.104,0
241.4688,8.2675,47283.7226,5,0.6983,0.3017,0.0,0
1611.0798,255.295,353593.7205,73,0.806,0.1781,0.0159,1
792.4535,459.8581,103937.7969,34,0.738,0.1148,0.1471,1
1202.8522,104.207,401077.3701,63,0.9239,0.0761,0.0,1
139.0024,34.8942,47644.6936,12,0.5729,0.3948,0.0324,0
100.301,49.0166,30355.8227,5,0.7482,0.1767,0.075,0
223.774,31.6322,13114.0191,6,0.5696,0.0551,0.3754,0
1483.7568,159.1787,413043.7244,87,0.94,0.06,0.0,1
533.4454,267.4116,428498.8281,83,0.9143,0.0857,0.0,1
218.2634,37.6541,18537.7219,16,0.6041,0.1203,0.2756,0
12.7364,18.7791,8027.9069,2,0.6284,0.2687,0.103,0
40.2039,38.6257,34193.5584,4,0.6688,0.114,0.2172,0
1152.8024,403.9247,424130.7192,30,0.7927,0.2073,0.0,1
1926.7962,228.2661,196374.9291,37,0.8973,0.0403,0.0624,1
121.4203,6.6151,8384.0373,10,0.791,0.0632,0.1458,0
56.6229,16.5766,18364.8498,13,0.8139,0.1133,0.0729,0
245.9227,38.6325,32113.3329,14,0.7896,0.1681,0.0423,0
233.8836,42.5726,29307.4695,1,0.8466,0.0981,0.0553,0
247.4934,30.5011,3225.6914,2,0.7691,0.0947,0.1362,0
1982.9348,143.8484,231824.933,89,0.9148,0.0146,0.0706,1
135.0523,25.6865,17047.7647,8,0.7007,0.0665,0.2328,0
26.3238,16.332,18485.9257,10,0.8664,0.0714,0.0622,0
273.0601,48.5177,6988.059,6,0.8243,0.1757,0.0,0
275.566,15.0505,3767.6569,2,0.8812,0.1188,0.0,0
288.0252,26.3295,32006.5579,3,0.6548,0.1433,0.2019,0
632.1806,257.6138,226981.7251,62,0.7066,0.1688,0.1245,1
1350.1474,344.2769,278465.575,44,0.9078,0.0922,0.0,1
178.608,1.1206,3655.5718,7,0.7412,0.0561,0.2028,0
264.731,44.6441,26259.4192,17,0.6538,0.1627,0.1834,0
242.5875,18.5668,26310.9379,10,0.8193,0.1807,0.0,0
65.982,30.3548,32943.226,15,0.8692,0.1062,0.0246,0
1705.5311,393.7274,222877.1988,96,0.7146,0.2854,0.0,1
140.1321,7.3574,25736.6763,9,0.8929,0.1071,0.0,0
736.7617,185.1124,325363.5825,97,0.602,0.1699,0.2281,1
214.0403,17.9329,34368.5106,4,0.6347,0.0732,0.2921,0
64.0802,22.2553,3999.4572,7,0.7951,0.1645,0.0404,0
248.7547,37.314,23899.8258,19,0.6172,0.1004,0.2824,0
163.6422,39.0596,35241.3562,16,0.6112,0.2703,0.1185,0
1959.7612,492.8995,221023.9898,77,0.8944,0.1056,0.0,1
199.5818,30.7558,41660.452,9,0.8445,0.1555,0.0,0
137.0891,25.5268,12503.3624,19,0.7101,0.1459,0.1439,0
119.4117,31.2558,47006.5707,1,0.8056,0.1944,0.0,0
54.4525,4.7724,13886.2136,4,0.6199,0.2687,0.1114,0
1033.0309,200.7425,104322.3361,42,0.8971,0.0613,0.0416,1
88.5503,1.1387,33005.7592,4,0.5982,0.0908,0.3111,0
165.4981,49.6481,12604.9558,19,0.5075,0.142,0.3505,0
197.7491,37.9742,9269.6281,16,0.8244,0.1756,0.0,0
13.5512,43.8505,38088.9301,6,0.5782,0.1099,0.3119,0
45.464,27.0421,32086.9011,5,0.6819,0.1736,0.1445,0
159.7732,32.3129,20646.5824,5,0.8925,0.0838,0.0237,0
137.1176,30.3778,31328.5269,18,0.6943,0.1208,0.1849,0
115.1305,46.8906,17130.821,16,0.8104,0.068,0.1217,0
22.8927,19.7814,2443.277,13,0.7304,0.1115,0.158,0
93.0443,4.5214,36334.9451,4,0.5065,0.3973,0.0962,0
1642.2299,351.9062,376214.6299,42,0.9999,0.0001,0.0,1
275.7409,40.3296,17716.8936,5,0.7677,0.2323,0.0,0
284.7227,37.4745,37697.9862,5,0.8646,0.1354,0.0,0
49.2318,22.1629,11947.5734,10,0.7392,0.2092,0.0516,0
1470.39,289.7901,412658.1141,78,0.6402,0.0833,0.2766,1
184.9219,21.7079,22377.4926,10,0.6341,0.1925,0.1734,0
42.1007,46.4748,11511.8849,5,0.818,0.182,0.0,0
144.2118,21.5815,25429.2873,15,0.7235,0.2765,0.0,0
133.3726,43.8317,26589.5346,11,0.5876,0.1982,0.2142,0
245.0626,29.8064,23328.7628,2,0.6875,0.1325,0.18,0
176.5676,27.5594,21122.9423,1,0.6606,0.2759,0.0635,0
1012.4763,321.8603,414554.2003,47,0.9178,0.0822,0.0,1
1596.2933,458.9854,274143.0137,67,0.67,0.1107,0.2193,1
535.0329,181.2584,496237.3283,39,0.8252,0.1748,0.0,1
1147.6652,181.7646,415468.5367,55,0.6752,0.166,0.1587,1
1669.0821,104.3504,176751.4111,83,0.8999,0.1001,0.0,1
554.4768,256.8744,145337.8481,75,0.9169,0.041,0.0421,1
56.4905,26.506,11139.7856,19,0.7836,0.1661,0.0503,0
185.7446,16.7497,35047.7367,15,0.7525,0.1123,0.1352,0
75.8992,41.558,32665.5054,16,0.7398,0.1905,0.0697,0
175.8011,48.7348,48898.2878,6,0.8154,0.1253,0.0593,0
107.5977,5.9338,1835.7598,12,0.8809,0.1191,0.0,0
267.0371,41.3419,5771.0217,5,0.8,0.2,0.0,0
700.791,291.8324,241909.0018,80,0.8708,0.0718,0.0574,1
180.4169,13.971,8088.2628,8,0.7428,0.2572,0.0,0
199.1547,7.8685,46476.3109,15,0.785,0.215,0.0,0
191.8285,6.0389,10479.9256,12,0.8894,0.1106,0.0,0
792.2246,310.3949,201187.395,94,0.6002,0.1756,0.2242,1
155.4469,7.7391,33517.5373,7,0.7774,0.1782,0.0445,0
33.6304,40.1167,48603.9234,12,0.5505,0.2857,0.1638,0
246.0516,47.5778,12256.1853,11,0.603,0.3851,0.012,0
212.7627,22.8477,8021.3246,6,0.7367,0.2633,0.0,0
65.6576,25.8951,2535.3481,7,0.6892,0.1357,0.1751,0
207.4802,16.6076,11441.0544,10,0.8319,0.1681,0.0,0
63.341,47.2475,40022.1555,11,0.7316,0.2327,0.0357,0
88.0478,37.4646,31516.2548,10,0.7385,0.2154,0.046,0
42.138,19.492,14132.5389,7,0.8157,0.0726,0.1117,0
44.1839,44.2979,12930.552,16,0.5469,0.1458,0.3073,0
291.3396,16.3629,41530.7568,2,0.7385,0.0811,0.1804,0
34.9349,12.002,46041.7772,17,0.6044,0.2465,0.1491,0
53.788,9.925,791.933,4,0.6018,0.1086,0.2896,0
11.1205,4.6112,2807.5246,1,0.6331,0.3362,0.0307,0
124.3996,6.9002,40558.3682,17,0.8655,0.1345,0.0,0
1544.6533,123.1215,119948.3162,65,0.7847,0.1154,0.0999,1
253.0596,25.952,1656.093,1,0.5563,0.2442,0.1994,0
499.8093,203.0514,105651.1695,66,0.6805,0.271,0.0485,1
487.3859,364.8558,180204.2491,75,0.8026,0.011,0.1864,1
1283.0096,412.7977,181373.5017,71,0.6095,0.1442,0.2462,1
764.1092,449.3557,184561.1542,91,0.9723,0.0277,0.0,1
20.5286,25.8341,48146.4345,17,0.5525,0.2441,0.2033,0
1823.7401,194.309,405582.3884,84,0.7459,0.2048,0.0493,1
86.2327,45.7894,26480.7672,9,0.695,0.1364,0.1686,0
58.1694,11.726,27527.695,13,0.8979,0.1021,0.0,0
203.3154,18.8597,31063.0923,11,0.8636,0.1364,0.0,0
1394.3478,245.7446,440585.1002,95,0.8307,0.0214,0.1479,1
168.712,3.2697,40914.7458,4,0.8178,0.1822,0.0,0
278.7104,31.1643,570.0498,8,0.5864,0.0958,0.3178,0
236.0137,46.9643,19531.8083,1,0.8307,0.1693,0.0,0
185.3991,46.4428,18250.2013,11,0.6924,0.3076,0.0,0
106.3894,3.6931,43692.8883,13,0.8466,0.1534,0.0,0
285.8465,33.304,48530.1766,10,0.7938,0.1034,0.1029,0
277.9311,20.8073,47171.7245,1,0.6345,0.3449,0.0206,0
157.5909,29.7042,26210.3193,6,0.7507,0.2493,0.0,0
1274.3454,428.8921,489123.7645,77,0.9791,0.0209,0.0,1
85.7643,9.6913,42798.3922,10,0.8225,0.1526,0.0249,0
200.9856,29.2877,16861.3854,12,0.8164,0.1836,0.0,0
230.9109,48.0671,42353.6872,7,0.5734,0.0714,0.3552,0
275.7405,35.0675,13094.5029,11,0.516,0.0885,0.3956,0
115.5011,6.5399,2097.7883,9,0.8662,0.0725,0.0613,0
117.6633,3.3116,4412.3541,10,0.5342,0.0847,0.3811,0
637.1468,202.0132,497925.872,92,0.7993,0.2007,0.0,1
219.1683,9.745,43929.8779,9,0.7001,0.2999,0.0,0
270.1291,27.534,36381.847,13,0.7751,0.2249,0.0,0
1721.8705,203.5951,255117.0747,17,0.9128,0.0872,0.0,1
119.6244,20.9605,19369.8532,7,0.626,0.2013,0.1726,0
262.0703,11.0232,15368.0453,5,0.6097,0.2447,0.1456,0
268.9852,7.4733,40042.9273,10,0.8595,0.1405,0.0,0
83.5627,20.1254,39686.9186,18,0.6815,0.2513,0.0673,0
123.6923,19.7778,49996.9337,1,0.8176,0.1824,0.0,0
68.0532,3.5356,31277.6872,10,0.6159,0.1233,0.2608,0
1961.9539,459.0957,202478.5224,43,0.8094,0.1906,0.0,1
738.7579,311.1357,251756.6455,40,0.9183,0.0817,0.0,1
251.3553,43.3223,40803.8074,13,0.5658,0.147,0.2872,0
37.0333,31.3962,15690.8204,10,0.8907,0.1093,0.0,0
271.5498,49.965,21361.8336,16,0.8317,0.1353,0.033,0
544.9987,96.2116,351061.3552,60,0.9457,0.0543,0.0,1
125.1169,12.4088,38600.3658,3,0.6392,0.3212,0.0396,0
167.4531,46.2424,44804.7136,15,0.5693,0.3476,0.0832,0
51.5692,12.5067,40270.1405,3,0.5192,0.1898,0.2909,0
297.2127,26.8744,14198.4445,2,0.6503,0.3497,0.0,0
1281.0117,287.1929,195281.5228,36,0.686,0.1017,0.2123,1
179.4005,15.9943,37399.5183,14,0.5403,0.1629,0.2968,0
1042.8255,243.7849,112982.796,85,0.8469,0.0731,0.0799,1
1224.548,146.7672,229628.6539,78,0.7912,0.0276,0.1812,1
175.6575,13.0655,44649.2674,19,0.6694,0.2268,0.1038,0
1396.1174,194.2844,238187.1338,95,0.664,0.1231,0.2129,1
111.325,26.9862,4512.0321,12,0.5083,0.0981,0.3936,0
70.1381,13.5452,44052.5987,13,0.8079,0.0848,0.1073,0
256.5761,2.3805,41591.9971,7,0.8144,0.1188,0.0669,0
925.7219,117.7032,213031.1964,85,0.683,0.0866,0.2304,1
233.2275,13.9549,44823.1425,1,0.6528,0.2176,0.1296,0
264.9111,31.8259,16044.8539,14,0.6906,0.1691,0.1403,0
206.4038,44.3698,38894.3502,14,0.6125,0.1547,0.2329,0
27.0854,48.6833,24069.2264,7,0.5371,0.3719,0.0909,0
22.4207,14.5955,3434.3692,12,0.7343,0.2657,0.0,0
136.9589,40.3071,43014.6236,3,0.8135,0.1379,0.0487,0
101.263,46.8334,25296.137,7,0.6336,0.0788,0.2876,0
64.9154,11.9928,1156.5374,12,0.6945,0.1798,0.1257,0
122.5355,14.4168,40711.0165,1,0.8355,0.1645,0.0,0
70.5575,8.7515,2123.2323,2,0.8018,0.1982,0.0,0
12.8023,2.3513,17488.3451,15,0.8823,0.1177,0.0,0
70.238,38.7715,27740.5093,5,0.756,0.2207,0.0234,0
1122.435,297.9919,209996.5821,94,0.7191,0.1916,0.0893,1
160.2176,9.7377,36296.613,11,0.717,0.1707,0.1123,0
58.5145,43.6411,22656.1223,17,0.7654,0.2346,0.0,0
83.4441,26.9768,34827.679,13,0.6058,0.3129,0.0813,0
1522.1331,121.4591,442644.8496,84,0.6085,0.0728,0.3187,1
812.2731,482.6045,150868.7013,95,0.8238,0.1762,0.0,1
107.616,10.7264,32832.7754,12,0.6572,0.3428,0.0,0
36.8898,24.4337,5722.9642,5,0.6385,0.167,0.1945,0
135.0823,39.2447,14425.4447,3,0.7469,0.1613,0.0918,0
1119.3936,98.558,356736.1914,22,0.6008,0.1174,0.2818,1
190.2403,19.4116,44742.5339,9,0.6197,0.1799,0.2003,0
168.3552,8.1195,18238.7281,19,0.5586,0.1871,0.2543,0
249.8803,37.621,48407.3481,19,0.6685,0.3315,0.0,0
771.9907,330.8181,296382.0684,81,0.7364,0.1696,0.094,1
637.3053,320.1204,439722.1203,76,0.7751,0.2249,0.0,1
90.7988,6.7803,47491.0098,14,0.7144,0.247,0.0387,0
149.8121,19.2913,37203.8647,12,0.545,0.3116,0.1434,0
160.68,20.9051,30684.3625,16,0.7245,0.2755,0.0,0
1653.9458,361.8139,308528.8304,60,0.7841,0.1074,0.1086,1
771.9054,186.8151,453881.2764,30,0.7688,0.1453,0.0859,1
266.6972,45.3112,40068.6234,12,0.8277,0.1723,0.0,0
32.546,11.746,749.125,15,0.7786,0.2214,0.0,0
1891.0842,350.7828,137555.0387,18,0.7459,0.2541,0.0,1
24.9992,31.6709,40286.1073,17,0.7117,0.2883,0.0,0
1034.7925,200.5754,172704.5054,30,0.9696,0.0304,0.0,1
213.6103,30.5892,2150.1704,4,0.7292,0.2708,0.0,0
22.4709,47.5038,16196.3629,3,0.6242,0.1835,0.1923,0
200.0583,16.3164,46624.8171,5,0.7882,0.1316,0.0802,0
256.1497,30.9371,47287.1654,13,0.6002,0.1893,0.2105,0
55.0659,3.2085,24737.4694,13,0.5943,0.3335,0.0722,0
92.7976,18.4691,36166.0358,12,0.8031,0.1969,0.0,0
75.8555,11.5007,37113.2373,10,0.8159,0.1841,0.0,0
89.971,39.1367,14598.1354,17,0.6351,0.1627,0.2023,0
285.4777,35.0784,12577.8313,10,0.7805,0.2195,0.0,0
31.9412,35.3356,19254.2827,19,0.7096,0.2591,0.0313,0
470.6864,227.7664,322031.6085,17,0.8037,0.113,0.0833,1
91.6013,12.3554,3319.5416,2,0.6961,0.1279,0.176,0
29.2555,26.3082,43996.9851,14,0.8399,0.1494,0.0107,0
145.9063,22.5841,43384.4133,11,0.63,0.1286,0.2414,0
58.6305,27.2135,26933.5396,2,0.7392,0.1671,0.0937,0
279.0607,4.1454,9671.4424,16,0.5252,0.088,0.3868,0
156.6699,45.6577,40519.557,19,0.8192,0.1808,0.0,0
116.1853,18.2532,31909.627,7,0.5738,0.2804,0.1459,0
1601.0285,254.7239,494674.9915,25,0.7126,0.1958,0.0915,1
220.0303,36.8782,29411.9972,15,0.8835,0.1165,0.0,0
273.2764,31.3558,37759.83,19,0.8671,0.1329,0.0,0
133.0659,16.3736,33678.6869,12,0.6824,0.0551,0.2625,0
555.3922,413.6752,252889.6306,65,0.9277,0.0723,0.0,1
749.233,431.5096,89682.0526,31,0.8582,0.1418,0.0,1
117.0891,24.8371,22753.2929,18,0.8483,0.1517,0.0,0
58.029,20.7718,14374.0731,12,0.7312,0.1418,0.1269,0
250.5343,14.9446,22993.6123,16,0.6264,0.3574,0.0162,0
184.9931,49.2073,17095.5092,11,0.8857,0.1143,0.0,0
1267.0613,307.4836,194892.8167,64,0.943,0.057,0.0,1
128.8133,22.1824,43237.4207,13,0.7747,0.2059,0.0193,0
860.9785,324.03,104164.7712,39,0.9674,0.0326,0.0,1
126.1309,9.5592,15362.2498,9,0.8608,0.1392,0.0,0
175.9274,11.0824,12436.4615,13,0.7944,0.1825,0.0231,0
141.453,1.7554,10312.7799,16,0.5744,0.1126,0.313,0
1607.1671,239.0028,322239.5142,49,0.7264,0.2276,0.046,1
94.4185,19.6558,38347.0704,1,0.5217,0.1007,0.3777,0
74.5199,9.8791,40146.9802,12,0.5515,0.2844,0.1641,0
128.2535,12.7873,31284.6903,9,0.5057,0.3087,0.1856,0
1482.6277,119.9188,348543.6551,69,0.7146,0.2637,0.0216,1
173.8043,44.969,41505.4547,2,0.6576,0.2684,0.0741,0
752.8321,172.3935,298340.4331,74,0.7937,0.1356,0.0707,1
1816.5588,287.5904,364959.4969,40,0.664,0.0134,0.3226,1
697.3438,372.459,348302.0298,51,0.9449,0.0551,0.0,1
70.3194,9.3249,45908.241,13,0.7299,0.2139,0.0561,0
237.346,36.4343,32672.9255,3,0.8953,0.0892,0.0156,0
1807.064,380.1886,171149.5091,33,0.8426,0.1473,0.01,1
37.359,29.7701,34269.2116,9,0.5935,0.3019,0.1045,0
190.8284,38.7,13449.349,1,0.5489,0.2307,0.2205,0
109.3686,43.5717,21032.5399,10,0.7436,0.2564,0.0,0
1757.1295,152.1361,126715.9254,54,0.8301,0.0272,0.1427,1
28.9035,13.003,4841.9878,3,0.7131,0.2201,0.0668,0
144.466,26.7054,36260.9521,12,0.6407,0.2661,0.0932,0
1292.5723,488.0465,485654.7255,55,0.7643,0.0962,0.1396,1
1687.8196,435.8501,386294.2172,94,0.8387,0.1592,0.0021,1
1914.985,210.7896,201018.9759,54,0.6333,0.0534,0.3133,1
85.55,14.4935,30095.3224,14,0.733,0.2296,0.0374,0
124.34,33.0673,8373.579,9,0.5325,0.218,0.2494,0
245.5353,6.3519,41412.4866,3,0.532,0.1777,0.2903,0
404.5415,205.4497,181014.2954,40,0.7261,0.2739,0.0,1
1656.0379,383.4776,114120.5978,20,0.7642,0.2358,0.0,1
105.5295,16.1498,22017.5714,15,0.6911,0.0813,0.2276,0
135.4295,16.6248,31340.3612,13,0.6891,0.2788,0.0321,0
34.233,1.7812,33808.0169,2,0.8072,0.1928,0.0,0
114.8123,47.5127,13583.4122,18,0.7644,0.2356,0.0,0
41.1132,4.5104,45521.1476,12,0.5762,0.1904,0.2334,0
19.2926,5.0946,5280.9531,10,0.6665,0.0939,0.2395,0
198.7356,22.2702,4052.4041,9,0.6422,0.0619,0.2959,0
33.2427,24.5229,2436.1172,16,0.6671,0.1414,0.1915,0
54.244,8.4747,45395.2051,10,0.6264,0.2778,0.0957,0
282.9898,29.6138,38258.7372,19,0.543,0.222,0.235,0
207.7189,19.0867,4191.4119,2,0.8996,0.0798,0.0206,0
1370.5539,260.4656,327719.0153,18,0.7137,0.0788,0.2074,1
618.4015,403.7578,136824.5246,58,0.6976,0.1221,0.1803,1
110.2057,29.5643,41973.1495,3,0.5268,0.151,0.3222,0
22.0681,7.6732,36300.022,2,0.7188,0.0979,0.1833,0
43.5542,28.9499,31616.2003,8,0.5879,0.2054,0.2067,0
1998.1362,333.8785,456987.5654,34,0.7225,0.2121,0.0654,1
283.83,24.6241,43490.8288,8,0.6233,0.1995,0.1772,0
13.6163,15.475,37559.6032,3,0.5035,0.2237,0.2728,0
184.3251,21.3067,16475.1173,5,0.7497,0.2503,0.0,0
1097.5548,483.497,157126.5355,47,0.8747,0.1233,0.002,1
62.991,3.3133,35064.1588,5,0.5962,0.1758,0.228,0
904.8513,125.6118,164364.5776,25,0.8364,0.1373,0.0263,1
248.3142,21.7995,824.119,3,0.8612,0.1388,0.0,0
294.7237,48.6758,40195.4803,13,0.8891,0.1109,0.0,0
65.9531,24.539,10128.8204,13,0.7047,0.2737,0.0216,0
145.7448,43.8019,32371.239,6,0.676,0.324,0.0,0
1372.834,402.2397,455637.7959,40,0.96,0.04,0.0,1
1473.5862,452.0857,81881.1909,89,0.9688,0.0231,0.0081,1
1143.9085,416.3713,80045.2858,96,0.8411,0.1589,0.0,1
1934.0674,295.0058,259678.5159,60,0.6996,0.2305,0.0699,1
1625.4929,278.973,414446.3788,64,0.8291,0.0001,0.1708,1
247.4647,35.9933,20420.4956,10,0.6831,0.1163,0.2006,0
158.5505,24.1525,23128.8737,5,0.8293,0.1707,0.0,0
204.0209,41.9834,41308.6905,2,0.5163,0.0966,0.3871,0
101.2774,1.4984,45971.9053,5,0.8742,0.1258,0.0,0
179.6929,4.3946,21011.8217,9,0.6521,0.1796,0.1683,0
208.0743,16.3085,45581.2622,11,0.6853,0.3147,0.0,0
21.9129,47.9654,20464.5712,6,0.5791,0.395,0.0259,0
49.4311,26.4469,34783.1553,5,0.802,0.198,0.0,0
164.247,17.4423,3836.4163,14,0.5236,0.3905,0.0859,0
157.1149,13.0311,35180.6419,7,0.7806,0.1804,0.039,0
48.3215,6.897,13193.7656,13,0.8543,0.1457,0.0,0
157.3759,18.5262,14887.5772,14,0.7625,0.1945,0.043,0
1181.6978,404.3632,97129.034,92,0.9412,0.0588,0.0,1
122.8237,42.0312,41428.3241,10,0.7707,0.2293,0.0,0
180.492,24.3599,6644.9417,16,0.8304,0.1696,0.0,0
265.036,47.2291,34789.0403,7,0.5399,0.238,0.2221,0
1247.886,144.7023,167080.6151,47,0.737,0.072,0.191,1
1367.9349,128.5625,467284.9001,89,0.784,0.155,0.061,1
229.7378,13.7571,27415.8569,15,0.8677,0.1323,0.0,0
297.001,30.7824,44015.8099,4,0.795,0.1271,0.0779,0
211.4915,9.4191,12890.2837,2,0.5156,0.3042,0.1802,0
1721.5198,248.7078,115247.6775,19,0.9195,0.0805,0.0,1
139.7099,6.7477,38963.403,1,0.8305,0.1695,0.0,0
28.0675,49.8141,44489.7278,14,0.6735,0.3097,0.0169,0
38.7555,2.1935,527.4312,15,0.661,0.0643,0.2746,0
268.1765,35.3349,46547.3444,12,0.718,0.282,0.0,0
44.8321,6.2797,30372.7582,4,0.5216,0.133,0.3455,0
809.0256,280.5789,297080.5638,15,0.7848,0.0117,0.2035,1
299.1067,11.207,46141.4401,4,0.7358,0.2642,0.0,0
1348.7546,329.4411,357800.7109,33,0.8997,0.1003,0.0,1
533.121,406.1989,190254.3394,84,0.9149,0.0851,0.0,1
1526.2709,394.8959,185388.1428,54,0.7125,0.2511,0.0364,1
13.7681,8.1821,20248.9223,7,0.6339,0.1231,0.243,0
203.7302,48.7492,13967.9441,13,0.5498,0.0535,0.3967,0
118.3481,13.5709,14682.9275,4,0.8373,0.1627,0.0,0
35.9605,7.406,29575.1126,8,0.5909,0.3078,0.1013,0
102.9319,9.4131,18924.6548,9,0.8316,0.1684,0.0,0
184.2334,8.5161,11617.5913,16,0.8745,0.1255,0.0,0
610.2403,282.169,268764.526,97,0.9096,0.0904,0.0,1
1337.3082,440.7321,268751.0229,69,0.8297,0.1703,0.0,1
255.5346,20.016,15693.9416,5,0.8606,0.0759,0.0635,0
73.6781,39.0153,21286.2072,3,0.8464,0.0535,0.1001,0
64.9525,16.015,30614.4545,15,0.5671,0.2093,0.2235,0
215.7777,7.6344,49724.1421,13,0.6155,0.2561,0.1285,0
291.8784,19.8931,16990.4886,6,0.5578,0.3048,0.1374,0
992.8579,315.7144,137267.3066,49,0.8103,0.146,0.0437,1
217.1592,16.9818,2014.4868,17,0.6255,0.2663,0.1082,0
59.591,43.9581,16581.9151,19,0.5566,0.0664,0.377,0
253.3596,26.9863,514.4996,10,0.8316,0.0673,0.1011,0
11.5747,32.3626,12403.5761,7,0.8269,0.1731,0.0,0
1074.0287,374.8071,441343.3973,82,0.8815,0.1089,0.0095,1
21.6091,32.4285,22795.3633,5,0.8666,0.1334,0.0,0
96.6937,49.7512,29117.9203,5,0.7575,0.2425,0.0,0
102.5605,39.2904,48953.4282,9,0.7006,0.2994,0.0,0
488.6794,430.7633,399681.4407,70,0.8423,0.143,0.0147,1
180.4684,23.6924,33735.5008,17,0.8828,0.1172,0.0,0
91.5814,15.114,10509.2533,10,0.7296,0.2704,0.0,0
1599.6481,143.925,205729.4865,96,0.8011,0.1989,0.0,1
143.6208,12.27,42532.6251,2,0.8825,0.1175,0.0,0
142.896,33.4479,41458.0476,13,0.8205,0.1795,0.0,0
60.7514,32.7658,41384.0854,10,0.7654,0.2346,0.0,0
29.5385,13.9851,48933.2572,5,0.8433,0.1567,0.0,0
267.3956,3.2053,16216.3154,10,0.7083,0.163,0.1287,0
1412.5293,319.7884,274384.3783,99,0.8307,0.1693,0.0,1
20.0258,42.1994,43787.3385,16,0.5101,0.2702,0.2197,0
214.5803,35.1865,38039.7873,7,0.8701,0.1299,0.0,0
136.0233,22.9017,25658.5462,6,0.5055,0.1244,0.3701,0
268.0707,14.7713,7378.5236,19,0.5129,0.319,0.1681,0
1655.0931,235.2634,491263.7599,73,0.9715,0.0285,0.0,1
90.2699,46.3639,11449.5686,13,0.5405,0.1741,0.2854,0
218.2381,19.2949,46063.1573,5,0.5274,0.1624,0.3101,0
132.6457,4.3235,1221.8865,6,0.5582,0.3457,0.0961,0
154.0407,30.9643,24966.3532,1,0.5988,0.241,0.1603,0
497.0726,344.9956,231913.5881,53,0.6182,0.1764,0.2054,1
19.4996,36.7068,40637.8595,5,0.55,0.1777,0.2724,0
279.8115,6.2696,44438.5804,18,0.5266,0.3229,0.1505,0
95.0788,32.0137,29042.9948,15,0.7198,0.2054,0.0748,0
112.8501,2.7633,20917.9968,9,0.8131,0.1869,0.0,0
195.08,19.906,16246.2765,11,0.8193,0.0533,0.1274,0
69.2643,35.1958,42113.2648,2,0.6406,0.1494,0.21,0
1784.4633,382.5904,496987.6872,28,0.7147,0.1754,0.1098,1
1072.4826,345.9235,105788.2798,39,0.9462,0.0514,0.0024,1
126.0072,23.0232,48409.4436,15,0.8198,0.1802,0.0,0
91.7124,8.7895,39522.7404,13,0.8518,0.1482,0.0,0
874.4262,343.1465,287731.2975,38,0.9642,0.0358,0.0,1
130.0563,27.8439,42626.2612,3,0.5082,0.0683,0.4235,0
495.7091,80.7734,355368.6164,31,0.7178,0.0725,0.2096,1
189.2226,35.918,6300.9016,8,0.8391,0.1609,0.0,0
60.1537,21.4039,6774.5592,15,0.6733,0.0725,0.2542,0
265.5576,41.8775,6175.0474,6,0.7487,0.2513,0.0,0
55.4455,48.8862,2033.5687,13,0.7301,0.2699,0.0,0
199.4062,49.3755,2125.19,2,0.8011,0.1989,0.0,0
491.5044,390.2049,452634.7848,88,0.859,0.0344,0.1066,1
169.5938,24.7794,24494.773,7,0.751,0.0628,0.1862,0
175.7552,45.3852,6294.4246,10,0.5668,0.3102,0.123,0
265.9663,26.2726,6973.8167,7,0.7717,0.2283,0.0,0
1901.1504,491.1192,170646.604,28,0.9277,0.0723,0.0,1
1395.8598,243.2984,218876.135,85,0.6099,0.0355,0.3546,1
1346.7967,90.9647,437137.4404,36,0.9014,0.0681,0.0305,1
228.3912,30.1309,15417.1285,15,0.8469,0.076,0.0771,0
962.4203,304.2428,296301.5154,81,0.7938,0.1213,0.0848,1
281.4219,5.0383,30391.9081,11,0.5876,0.2519,0.1604,0
1057.1105,194.8713,454605.0127,27,0.9946,0.0054,0.0,1
210.6676,9.1612,27103.9983,7,0.7791,0.2209,0.0,0
237.0737,28.9027,27353.0713,19,0.6596,0.24,0.1004,0
109.3062,6.1466,20361.7446,18,0.5286,0.1136,0.3578,0
250.6961,40.5528,33323.6813,7,0.7489,0.2511,0.0,0
119.4436,8.5449,11347.7235,9,0.8137,0.1863,0.0,0
450.3797,360.757,122872.2252,74,0.6344,0.2085,0.1571,1
257.2606,23.0517,30693.0495,6,0.843,0.157,0.0,0
207.603,3.9676,39270.8328,14,0.7147,0.088,0.1973,0
437.9427,339.4115,419862.9056,76,0.8577,0.0252,0.1171,1
288.5816,7.8358,45518.3333,9,0.6328,0.0522,0.3149,0
1654.7413,99.9029,181723.2337,74,0.6852,0.2754,0.0394,1
987.1505,464.6984,430504.0805,48,0.911,0.0328,0.0562,1
460.9748,400.3377,185987.3772,91,0.7366,0.1974,0.0661,1
1070.4176,123.332,440038.9241,82,0.9916,0.0084,0.0,1
1624.2763,499.262,278291.1735,19,0.6452,0.0011,0.3537,1
54.1747,23.7322,37039.9675,2,0.7856,0.2144,0.0,0
915.9234,176.6622,318402.9399,57,0.7691,0.0009,0.23,1
1164.8059,358.4565,330029.5378,34,0.8759,0.1164,0.0078,1
102.1537,20.2776,12285.6358,13,0.5858,0.3032,0.1111,0
242.7673,41.7098,5396.818,15,0.8154,0.092,0.0927,0
1843.5309,247.2423,266560.6483,81,0.976,0.024,0.0,1
931.7498,137.0591,82976.0727,98,0.7554,0.2446,0.0,1
140.8713,2.5438,36497.6869,3,0.8676,0.1004,0.0321,0
24.7417,43.4339,23354.3449,6,0.73,0.27,0.0,0
576.3173,411.9818,388038.0621,57,0.8141,0.1859,0.0,1
250.1853,17.4864,49584.252,11,0.8314,0.1686,0.0,0
293.0103,19.6964,38431.3455,12,0.7242,0.2069,0.0688,0
268.326,43.7418,12097.3885,2,0.8638,0.075,0.0612,0
1404.6091,276.8619,495217.7531,75,0.8526,0.1474,0.0,1
944.0523,310.2746,155514.4972,71,0.9559,0.0115,0.0326,1
1185.8012,295.6836,95901.1884,37,0.6157,0.0978,0.2864,1
148.1146,19.695,5017.4923,8,0.8884,0.1116,0.0,0
684.3853,495.7614,153024.6882,67,0.6098,0.0388,0.3515,1
73.814,49.5576,12297.4677,7,0.6699,0.1528,0.1772,0
276.9931,26.2167,11442.7158,8,0.8845,0.0897,0.0258,0
107.872,8.4907,47647.2138,11,0.6018,0.235,0.1632,0
212.5787,49.2475,22532.6915,6,0.8599,0.1401,0.0,0
1113.5203,480.0897,445525.2903,83,0.7851,0.2149,0.0,1
177.1699,44.8929,29712.3835,5,0.5833,0.0664,0.3503,0
192.7967,45.728,4121.6697,14,0.7907,0.1399,0.0694,0
53.3584,32.7064,8060.5963,18,0.8203,0.0678,0.1119,0
201.0401,4.9376,25354.3445,11,0.5962,0.2003,0.2035,0
196.9386,10.7648,14772.0925,2,0.692,0.308,0.0,0
113.0316,34.142,1842.3345,4,0.8281,0.1719,0.0,0
477.7154,181.9662,410695.5915,30,0.8565,0.0942,0.0493,1
154.6055,46.2664,46345.9575,1,0.535,0.2924,0.1726,0
36.2183,15.7005,32636.769,8,0.649,0.3252,0.0259,0
1905.2238,281.904,158855.725,49,0.639,0.1017,0.2594,1
43.4921,30.2511,1323.2386,12,0.7699,0.1108,0.1193,0
232.0643,26.3393,31167.3559,14,0.5181,0.3927,0.0891,0
67.0351,37.136,6084.595,1,0.6312,0.2047,0.1641,0
18.1161,44.4676,5574.9901,5,0.7006,0.2147,0.0847,0
184.2585,35.3999,30696.8196,9,0.7427,0.2573,0.0,0
161.2003,33.0535,35803.2309,14,0.6698,0.1774,0.1528,0
79.5792,18.1222,27052.8821,19,0.7759,0.0784,0.1458,0
1710.2093,473.1086,243958.3077,35,0.8839,0.1161,0.0,1
206.9522,32.806,35910.595,5,0.8118,0.1882,0.0,0
197.9836,8.291,3831.1154,7,0.8233,0.1767,0.0,0
17.1987,19.9423,48823.8444,1,0.8074,0.1878,0.0047,0
1618.8411,332.5401,112717.7983,96,0.608,0.2284,0.1637,1
814.7219,102.2505,92566.9301,54,0.9112,0.0888,0.0,1
27.1507,22.1176,6959.0975,1,0.854,0.146,0.0,0
257.47,32.1906,36899.7357,19,0.874,0.126,0.0,0
971.5444,139.0895,305064.58,86,0.606,0.0208,0.3732,1
1329.6575,253.2245,182499.9498,80,0.8837,0.0055,0.1109,1
16.458,45.7301,26119.9593,18,0.6272,0.1293,0.2435,0
271.1394,5.0315,33979.5671,11,0.5092,0.3143,0.1765,0
1655.2699,192.8046,336021.4876,15,0.9722,0.0278,0.0,1
279.0759,6.8784,33326.3965,19,0.5724,0.1337,0.2939,0
33.1323,48.1879,20370.5922,8,0.7328,0.0596,0.2076,0
219.079,3.6221,41264.5471,9,0.836,0.1246,0.0394,0
978.6139,119.869,165249.0337,46,0.651,0.2333,0.1157,1
163.8279,21.8671,34141.0229,3,0.8475,0.0888,0.0637,0
1843.1273,291.7153,481181.871,33,0.6428,0.0779,0.2793,1
154.1058,34.7192,31140.6471,10,0.8479,0.124,0.0281,0
68.1433,39.5229,47079.9618,17,0.6392,0.056,0.3048,0
66.6911,12.3404,11851.6494,1,0.7307,0.0729,0.1964,0
280.1802,10.0942,33029.2716,5,0.846,0.154,0.0,0
204.242,35.3282,18017.8856,19,0.8721,0.1279,0.0,0
540.9988,301.7669,316557.3334,59,0.7626,0.1495,0.0879,1
257.7298,14.7927,45255.5368,13,0.555,0.3423,0.1027,0
241.2496,47.3924,16990.4665,2,0.6032,0.3623,0.0345,0
144.2836,23.7802,6651.622,19,0.5613,0.2505,0.1883,0
121.2004,22.0336,32527.3197,17,0.8284,0.0964,0.0752,0
179.9911,16.3317,28653.6947,17,0.7203,0.2797,0.0,0
766.3205,391.836,110011.7437,53,0.7437,0.1934,0.063,1
1511.9475,268.4205,420882.2707,95,0.8161,0.1839,0.0,1
72.372,30.9308,30327.9679,7,0.7461,0.2539,0.0,0
1411.5932,230.2511,254736.5472,17,0.8941,0.1059,0.0,1
262.1166,5.8989,4930.5897,16,0.7393,0.2607,0.0,0
90.6529,5.9674,17908.5263,3,0.7056,0.1646,0.1298,0
234.9794,25.95,31421.8206,4,0.6601,0.1301,0.2098,0
171.5305,40.8979,15712.92,17,0.7489,0.2511,0.0,0
283.2184,8.19,10681.622,2,0.611,0.1754,0.2136,0
438.3288,141.6378,368071.073,41,0.8743,0.1257,0.0,1
1322.322,301.8916,249159.4197,95,0.9707,0.0293,0.0,1
250.5827,16.3061,15998.2012,10,0.7363,0.2637,0.0,0
1479.5891,450.126,338028.2244,97,0.6037,0.1116,0.2847,1
1916.8223,279.2965,481441.5395,70,0.8767,0.072,0.0513,1
203.1689,21.1694,22777.8696,9,0.6489,0.0755,0.2757,0
1873.0597,171.4678,172964.9098,99,0.6104,0.2141,0.1755,1
284.7483,30.8227,37745.8669,13,0.6148,0.2316,0.1537,0
138.8662,9.2142,20846.3769,1,0.5521,0.0707,0.3772,0
47.6212,27.0376,44917.7977,1,0.6902,0.1381,0.1717,0
150.1997,4.4646,23715.8437,10,0.7898,0.2102,0.0,0
106.536,20.0886,17245.0989,10,0.5721,0.2626,0.1653,0
280.4964,42.1904,34630.6323,13,0.8013,0.1987,0.0,0
876.9474,341.0921,308624.837,60,0.935,0.0292,0.0358,1
988.2762,150.463,127020.7765,72,0.9675,0.0294,0.0031,1
80.0375,40.9745,3707.8987,12,0.8923,0.1077,0.0,0
108.4485,20.8568,784.0157,12,0.613,0.1409,0.246,0
1990.0361,420.5565,483989.0394,46,0.7211,0.0916,0.1873,1
1513.1416,343.4727,487454.6989,53,0.6125,0.2495,0.138,1
153.6372,26.8564,31724.218,3,0.8546,0.1042,0.0412,0
64.4796,3.0241,47453.6493,5,0.5517,0.0927,0.3556,0
990.7834,315.3233,361573.4915,48,0.9884,0.0116,0.0,1
46.7912,6.9164,16026.205,1,0.8221,0.1779,0.0,0
163.4611,5.6416,9824.8659,6,0.8748,0.1252,0.0,0
134.1529,12.2464,6732.2707,13,0.6102,0.118,0.2718,0
1825.0743,227.9109,297054.4989,19,0.7813,0.2001,0.0186,1
128.9146,1.6649,30201.8784,9,0.501,0.0575,0.4415,0
834.5909,139.6455,479156.9107,52,0.6086,0.2181,0.1733,1
440.5077,337.1385,263085.3342,73,0.6836,0.1536,0.1628,1
233.4147,5.7996,24405.6562,15,0.6917,0.3083,0.0,0
1745.471,497.083,351958.9812,36,0.7246,0.2522,0.0232,1
276.0279,30.2475,7937.8817,2,0.7566,0.1701,0.0733,0
285.9472,23.3585,22755.3304,5,0.5091,0.397,0.094,0
157.9482,34.8351,41594.3185,8,0.702,0.2187,0.0793,0
12.6793,12.8037,20533.8506,16,0.8712,0.1288,0.0,0
22.8108,18.6879,37365.4644,1,0.7531,0.2469,0.0,0
27.6501,35.0569,40792.4921,9,0.7375,0.1542,0.1083,0
297.0331,37.3574,36373.9688,9,0.8241,0.0744,0.1015,0
268.7894,11.4243,8234.2422,10,0.7042,0.1446,0.1513,0
148.5844,36.2213,26561.2703,15,0.755,0.1425,0.1025,0
107.6884,47.1991,35798.4788,9,0.7103,0.114,0.1757,0
252.762,19.5648,12717.5119,18,0.593,0.3454,0.0615,0
258.5997,35.1581,24411.8995,6,0.8515,0.1485,0.0,0
141.2273,39.7139,32266.3193,15,0.7424,0.1628,0.0948,0
1126.1814,429.4238,165328.1549,48,0.6378,0.2406,0.1216,1
263.7202,3.8765,43426.219,10,0.75,0.1104,0.1395,0
164.5818,38.8559,44756.1246,17,0.5989,0.1876,0.2136,0
30.8788,5.5874,15541.6301,19,0.6967,0.2584,0.0449,0
75.5948,31.9238,5897.3303,12,0.7491,0.2509,0.0,0
220.5922,35.3945,11015.6894,12,0.7803,0.2006,0.0191,0
1338.107,282.3999,226258.7571,82,0.8383,0.1545,0.0072,1
59.2938,34.5111,24034.3373,3,0.5741,0.3728,0.0532,0
252.2988,2.0444,12316.2744,3,0.7627,0.2373,0.0,0
1241.3704,368.807,441117.4719,65,0.6093,0.174,0.2166,1
1039.388,160.2322,317523.0051,55,0.8667,0.1333,0.0,1
1436.5644,362.4059,323898.9144,77,0.624,0.0363,0.3397,1
1563.0537,155.7561,208994.1536,84,0.9044,0.0956,0.0,1
129.8224,24.5896,6913.6542,14,0.8853,0.1147,0.0,0
106.3417,37.6975,15338.4265,4,0.5872,0.0835,0.3292,0
242.0226,7.5151,3667.8349,5,0.8702,0.1298,0.0,0
130.385,21.33,8020.5314,9,0.8515,0.0772,0.0713,0
47.7241,18.4199,33316.0676,1,0.6349,0.1059,0.2592,0
54.1705,11.1443,8226.7052,19,0.7386,0.085,0.1765,0
210.9487,30.4732,784.5836,4,0.7964,0.2036,0.0,0
127.17,27.9232,1015.3075,2,0.7538,0.2462,0.0,0
118.1876,12.7723,15414.1935,3,0.6119,0.2011,0.1871,0
1338.5623,299.8372,488972.4032,88,0.7417,0.2077,0.0506,1
831.1274,287.8008,145631.6569,98,0.7336,0.1869,0.0795,1
21.4725,33.0199,34189.1046,19,0.6864,0.3136,0.0,0
34.907,24.4283,47745.0045,3,0.7311,0.2689,0.0,0
57.2327,20.8208,40170.9985,4,0.5801,0.1052,0.3147,0
145.9402,46.4712,48733.9475,7,0.8102,0.1283,0.0615,0
176.432,1.1918,40021.5783,13,0.6666,0.3334,0.0,0
1317.414,335.6596,157507.6863,47,0.9222,0.0778,0.0,1
163.1898,24.2174,26126.0337,5,0.8012,0.1988,0.0,0
1347.3392,186.3947,298610.075,18,0.8702,0.1298,0.0,1
181.0391,17.6956,28832.1823,7,0.8809,0.1191,0.0,0
88.6296,15.5518,20389.091,6,0.8597,0.1403,0.0,0
52.4665,43.0179,1568.142,11,0.6236,0.2258,0.1506,0
152.825,27.0822,26314.5511,13,0.7029,0.2885,0.0086,0
30.0501,39.6933,47182.2392,11,0.8989,0.1011,0.0,0
1421.6076,222.7963,169237.1746,44,0.8359,0.1641,0.0,1
40.3937,26.5664,15531.223,6,0.5452,0.1932,0.2615,0
698.0315,471.2703,491646.3747,38,0.8601,0.1399,0.0,1
1862.8018,437.6058,109798.0262,32,0.7454,0.0539,0.2007,1
1753.3297,119.9885,158523.6851,66,0.9948,0.0052,0.0,1
177.836,8.9398,3035.8926,2,0.8083,0.1917,0.0,0
34.5976,41.5221,1521.6975,7,0.7517,0.2483,0.0,0
76.3655,44.705,921.1257,13,0.5322,0.1298,0.3381,0
237.0956,39.3742,39545.6074,14,0.8149,0.1851,0.0,0
60.594,18.1442,37243.7241,6,0.6728,0.1285,0.1988,0
218.2217,21.3496,38691.9999,2,0.6764,0.3206,0.003,0
40.6302,38.8072,3022.5684,2,0.6872,0.0536,0.2591,0
89.0217,31.8244,30888.1099,10,0.6417,0.2557,0.1026,0
50.6161,35.8507,21506.6863,5,0.7673,0.2327,0.0,0
640.0978,425.2689,147539.3028,88,0.6721,0.0605,0.2674,1
153.1649,43.6674,13520.9072,13,0.7331,0.0824,0.1845,0
39.9869,37.6918,7682.4871,10,0.8807,0.11,0.0093,0
1863.9416,443.638,93986.2785,33,0.7447,0.1593,0.096,1
435.611,334.5912,87320.2239,57,0.8531,0.0303,0.1166,1
121.0071,15.587,25670.9964,1,0.5426,0.1919,0.2655,0
212.8329,30.5707,43313.9766,18,0.6852,0.254,0.0608,0
1308.5741,475.1098,197464.2377,39,0.8603,0.1397,0.0,1
59.8421,33.6608,4944.6223,17,0.782,0.218,0.0,0
253.1104,46.3968,32718.8802,16,0.7088,0.1028,0.1884,0
64.9052,31.4239,16068.3183,8,0.7145,0.2855,0.0,0
45.9385,47.0666,37173.672,17,0.7823,0.101,0.1167,0
1091.4312,349.3851,114830.236,15,0.6228,0.1696,0.2076,1
1641.9991,438.2933,116232.7972,71,0.9593,0.0407,0.0,1
34.2155,33.2402,47577.9974,7,0.8216,0.1784,0.0,0
1047.2577,474.829,220090.2051,49,0.6032,0.0355,0.3613,1
769.466,396.3452,230114.5965,99,0.7035,0.1564,0.1402,1
125.5669,16.9789,1837.9862,5,0.7114,0.2886,0.0,0
666.4454,103.5213,101179.88,28,0.9529,0.0471,0.0,1
1619.5819,400.0648,156119.9048,87,0.6087,0.0982,0.2932,1
638.7277,121.3988,236987.6145,68,0.8932,0.1068,0.0,1
283.3448,13.4973,14018.6709,7,0.757,0.243,0.0,0
110.0581,32.7836,33824.5079,18,0.5403,0.336,0.1237,0
1161.1096,237.2499,411926.8644,47,0.6943,0.0601,0.2457,1
16.0282,16.9135,27204.1606,19,0.7077,0.2665,0.0258,0
1573.8573,375.2528,88804.7605,45,0.6394,0.0965,0.2641,1
286.3697,47.1204,33869.3083,9,0.8695,0.1305,0.0,0
278.9764,7.2282,32756.4886,15,0.8676,0.1025,0.0299,0
31.4724,48.1313,48071.8592,7,0.7392,0.2108,0.05,0
82.1157,27.6162,36051.0452,8,0.5307,0.2988,0.1705,0
114.3167,34.1256,27168.8085,14,0.838,0.162,0.0,0
162.2775,28.6507,39645.0851,2,0.7387,0.2613,0.0,0
1957.4272,132.6925,386169.1513,31,0.7357,0.1358,0.1285,1
179.5783,27.1843,19687.8668,10,0.515,0.1364,0.3486,0
257.6857,46.3237,30988.8189,1,0.6051,0.2047,0.1901,0
234.4297,48.0081,33586.8836,9,0.5909,0.3209,0.0882,0
1531.9885,126.6238,238306.1619,79,0.9312,0.0688,0.0,1
191.7622,1.8169,23112.0637,1,0.7386,0.258,0.0034,0
65.1119,5.6085,22656.9248,10,0.8635,0.1036,0.0329,0
174.56,3.8502,41998.8932,12,0.7318,0.2682,0.0,0
46.3616,44.789,8924.0801,10,0.7076,0.2747,0.0177,0
206.6034,15.6886,16737.6871,9,0.765,0.235,0.0,0
101.6194,1.0919,3418.9396,19,0.8507,0.1172,0.0322,0
291.5415,41.5408,34370.9959,14,0.8802,0.0515,0.0682,0
104.8795,12.8138,5318.2835,10,0.513,0.2849,0.202,0
1505.2103,275.9636,127141.0136,54,0.6976,0.0633,0.2391,1
144.2745,35.1152,7881.6089,19,0.6192,0.0636,0.3172,0
63.4893,13.0508,9659.5188,6,0.8457,0.1543,0.0,0
751.7193,310.3581,367738.0408,76,0.6363,0.2413,0.1224,1
511.2524,231.6724,245567.6546,70,0.7347,0.1091,0.1562,1
228.111,20.7407,29286.1317,16,0.5465,0.3691,0.0843,0
20.7766,10.8708,16450.386,3,0.6292,0.1215,0.2493,0
1252.7186,377.1863,144518.9756,21,0.7385,0.1087,0.1527,1
56.3602,40.5286,47012.2774,15,0.536,0.0781,0.3859,0
612.1918,461.5016,208633.0015,48,0.9183,0.0817,0.0,1
124.3835,11.5636,19319.6838,3,0.608,0.2388,0.1532,0
1508.3255,216.6663,456377.7033,64,0.7301,0.1545,0.1154,1
46.4313,41.5986,1985.9894,3,0.5034,0.191,0.3057,0
131.0035,27.4954,1365.2569,10,0.7895,0.1882,0.0223,0
214.0932,38.8933,38347.4412,4,0.8467,0.1533,0.0,0
91.352,26.6669,25096.5869,14,0.5055,0.2234,0.271,0
63.1224,47.7065,34492.3229,9,0.74,0.26,0.0,0
240.2017,16.7321,35320.2565,7,0.5108,0.1681,0.321,0
66.5918,27.3797,29633.3365,17,0.579,0.313,0.1081,0
950.0033,326.3738,153691.2827,47,0.6557,0.207,0.1373,1
230.1057,32.8379,4122.9347,18,0.5723,0.0837,0.344,0
403.0064,488.4357,391780.1431,93,0.8193,0.1807,0.0,1
150.8073,38.3182,10613.068,14,0.7417,0.1155,0.1428,0
1125.2396,247.263,231597.0259,79,0.9582,0.0418,0.0,1
426.8906,241.1508,487562.4279,92,0.8639,0.0996,0.0365,1
1408.2115,427.5854,251366.9375,41,0.673,0.2291,0.0979,1
41.1469,40.2468,13509.6313,3,0.7926,0.1566,0.0508,0
261.4316,17.3738,35592.1079,11,0.5619,0.0751,0.363,0
141.2978,3.523,17931.9445,16,0.5594,0.2801,0.1605,0
203.419,29.48,43440.9923,1,0.8444,0.0513,0.1043,0
165.0953,31.2923,13351.8969,18,0.662,0.192,0.146,0
63.6451,29.5894,9998.4831,15,0.5559,0.3325,0.1115,0
440.9898,465.083,479814.1052,81,0.7749,0.0744,0.1507,1
718.8041,83.1004,360752.6858,58,0.6004,0.0429,0.3567,1
1529.8131,241.0296,338614.6987,75,0.8478,0.0523,0.0999,1
135.6784,33.1507,17116.4332,9,0.7723,0.2201,0.0076,0
1475.0807,327.4737,110544.8731,94,0.665,0.0823,0.2526,1
1967.4641,210.0181,113886.0298,76,0.7403,0.2263,0.0333,1
66.5585,21.7153,27018.514,13,0.6632,0.3006,0.0362,0
1918.3106,120.6122,460118.5676,86,0.7324,0.0965,0.1711,1
723.7758,429.0202,190728.0179,51,0.72,0.0079,0.2721,1
47.5152,13.2793,32104.1426,2,0.5994,0.0641,0.3365,0
62.4929,11.4364,49816.576,7,0.8237,0.1763,0.0,0
1292.871,150.1279,140991.6919,48,0.6663,0.2228,0.1109,1
91.3707,15.0479,35875.4164,16,0.7926,0.2074,0.0,0
59.3978,15.4337,23942.891,5,0.7297,0.2703,0.0,0
25.4808,49.2892,1485.8963,3,0.8472,0.1528,0.0,0
193.383,49.4776,21136.7067,6,0.5405,0.3608,0.0986,0
157.124,8.5074,16962.4575,12,0.6947,0.2815,0.0238,0
118.5473,14.6349,38757.5381,1,0.6141,0.2902,0.0957,0
198.0378,13.2973,46000.9288,2,0.5816,0.237,0.1814,0
140.7532,47.4632,27279.7303,15,0.8851,0.1149,0.0,0
231.7535,32.5114,40263.5671,15,0.6506,0.2111,0.1382,0
154.3178,13.2371,19457.4306,8,0.6508,0.0788,0.2704,0
672.1076,155.8216,457576.1335,33,0.9697,0.0303,0.0,1
198.9696,40.4063,35753.1456,2,0.8496,0.1485,0.0019,0
989.4696,387.6463,288088.1594,30,0.6211,0.0333,0.3456,1
247.2859,30.828,4029.6934,7,0.8941,0.1059,0.0,0
1968.9501,271.8008,216941.637,96,0.7918,0.0973,0.1109,1
189.3767,2.2323,26788.7413,18,0.8689,0.1311,0.0,0
1293.0195,253.2838,426553.7119,83,0.8179,0.0916,0.0904,1
1036.6762,124.851,131137.6303,73,0.8223,0.1259,0.0518,1
96.5285,11.7048,40797.6838,3,0.8802,0.1198,0.0,0
184.6365,6.6502,2979.1488,5,0.6856,0.3144,0.0,0
172.7412,42.3724,39460.5452,5,0.7632,0.2267,0.0101,0
1174.9164,264.4852,408207.7593,17,0.6957,0.2853,0.019,1
839.2181,85.6181,469942.567,19,0.9822,0.0178,0.0,1
110.458,7.2172,44043.1323,6,0.559,0.2378,0.2032,0
43.0515,15.3301,19967.4578,5,0.6764,0.3236,0.0,0
1334.1685,421.3401,87327.0745,81,0.7728,0.2011,0.0262,1
698.8619,142.2718,401136.7501,78,0.9822,0.0178,0.0,1
1766.2554,369.1759,209957.3548,55,0.6162,0.0542,0.3296,1
280.312,3.3797,6016.9995,16,0.8091,0.1594,0.0315,0
499.5353,246.4408,447075.9683,58,0.647,0.1822,0.1708,1
70.1325,20.4554,27207.3797,11,0.6525,0.1678,0.1797,0
148.0788,21.4352,16526.5212,4,0.6724,0.1313,0.1963,0
42.3641,21.5712,9700.1481,2,0.6139,0.2937,0.0923,0
285.5005,38.0792,10393.6456,13,0.58,0.061,0.359,0
1088.3818,365.5417,109365.29,58,0.7711,0.1706,0.0583,1
1273.0683,278.0303,332944.3205,68,0.8999,0.1001,0.0,1
1189.1318,82.5814,121705.6381,45,0.6839,0.091,0.2251,1
1148.6895,286.6366,304132.8224,84,0.966,0.034,0.0,1
124.2844,12.2828,23173.9407,15,0.7743,0.2257,0.0,0
167.1644,14.3793,13246.2816,4,0.589,0.1459,0.2651,0
1061.578,417.5247,167824.5436,88,0.8201,0.1118,0.068,1
200.3701,7.0291,41033.7568,5,0.888,0.0603,0.0517,0
299.8286,25.6582,46686.8016,2,0.7767,0.2233,0.0,0
251.6395,30.3167,19264.875,10,0.8387,0.1562,0.005,0
294.8218,40.3706,39632.1221,6,0.57,0.1749,0.2552,0
1649.1546,320.3852,339749.6427,23,0.9667,0.0333,0.0,1
238.1985,33.6891,14817.8637,10,0.7145,0.2373,0.0482,0
274.7448,12.9282,812.253,8,0.7959,0.0984,0.1057,0
1054.0974,252.2531,440644.7196,71,0.6658,0.0536,0.2806,1
56.1441,44.3578,11772.2581,18,0.7318,0.2682,0.0,0
142.3302,45.6078,16010.9938,14,0.8783,0.0859,0.0358,0
1813.9064,346.7637,407147.8888,73,0.719,0.22,0.0611,1
183.8895,23.668,34470.629,10,0.8653,0.1347,0.0,0
245.5157,30.3589,37421.1455,11,0.7142,0.1159,0.1699,0
490.5135,440.6015,187141.9128,32,0.7505,0.2495,0.0,1
31.4805,26.0654,39496.4629,15,0.5421,0.1845,0.2734,0
69.0699,9.6312,1284.3722,19,0.8024,0.1837,0.0139,0
231.3641,46.2161,32473.0972,14,0.6602,0.1786,0.1612,0
104.1835,7.6811,18572.2264,18,0.5748,0.1549,0.2703,0
20.9812,49.6918,12214.5734,14,0.6755,0.3245,0.0,0
1068.9727,490.808,255753.4637,41,0.7599,0.0926,0.1476,1
1343.7877,240.921,212893.0182,23,0.7752,0.0879,0.1368,1
208.774,31.4229,10129.9598,2,0.8322,0.084,0.0838,0
219.7166,34.0828,26487.2437,14,0.6222,0.2388,0.139,0
1558.9865,409.738,407354.263,28,0.753,0.2125,0.0345,1
69.863,24.6491,23726.5995,18,0.8431,0.1569,0.0,0
247.7009,3.5418,3464.5903,1,0.6095,0.2749,0.1156,0
92.5486,37.4497,48237.852,4,0.7769,0.2231,0.0,0
129.555,2.8383,7531.1512,18,0.7571,0.2429,0.0,0
264.4539,15.2012,43267.641,3,0.7548,0.2452,0.0,0
1883.4131,183.6419,326951.0082,79,0.6757,0.182,0.1423,1
1004.8591,240.6665,272727.7912,79,0.8462,0.0882,0.0656,1
218.3217,3.0628,38283.9001,18,0.8662,0.1338,0.0,0
1786.6367,361.7524,341163.2606,36,0.7063,0.265,0.0287,1
208.9775,15.9209,4339.3674,11,0.8631,0.0512,0.0857,0
10.8327,38.0648,33947.3158,5,0.694,0.1871,0.1189,0
172.9629,43.1945,30944.2862,4,0.873,0.127,0.0,0
1127.8801,106.8657,382090.9298,81,0.8297,0.0801,0.0903,1
713.25,406.7754,264233.5464,35,0.9285,0.0715,0.0,1
281.9697,16.3926,11535.162,14,0.8268,0.0642,0.1091,0
1461.2696,230.3702,228771.6577,72,0.7409,0.0519,0.2072,1
174.9113,3.8796,26825.4339,3,0.7348,0.1876,0.0776,0
1951.3209,426.4971,122044.1041,48,0.8612,0.1388,0.0,1
273.017,42.8422,28297.3093,13,0.7806,0.2194,0.0,0
269.079,7.1045,6338.1358,5,0.6547,0.1954,0.1499,0
206.2939,33.5056,47062.0332,4,0.8033,0.0807,0.116,0
266.6413,11.6624,30028.0179,3,0.82,0.18,0.0,0
210.6572,47.3891,17016.7686,7,0.5971,0.3263,0.0765,0
170.33,6.0509,7372.0481,5,0.8168,0.1832,0.0,0
106.3093,1.1952,32787.3715,10,0.7993,0.1291,0.0716,0
10.7478,42.9078,45372.3135,18,0.5034,0.0751,0.4215,0
39.2353,42.2974,32121.1935,2,0.796,0.1394,0.0646,0
239.314,18.6688,20005.7946,1,0.7891,0.2064,0.0045,0
253.699,1.1387,19426.4813,13,0.6873,0.1966,0.1161,0
50.8979,24.8966,31511.9897,13,0.6578,0.1087,0.2335,0
191.5436,15.8367,20231.6761,6,0.8072,0.1928,0.0,0
79.4341,27.2383,38215.7525,14,0.8528,0.1472,0.0,0
289.6916,28.8332,12534.2501,12,0.7739,0.2261,0.0,0
225.6441,4.1549,29631.8414,6,0.5456,0.101,0.3534,0
149.3767,17.9799,38165.32,7,0.6724,0.1526,0.1749,0
271.4761,13.4474,48839.9681,19,0.7013,0.2281,0.0706,0
135.562,48.041,25213.4244,8,0.8567,0.1433,0.0,0
80.9819,8.964,28562.4202,19,0.5923,0.2081,0.1996,0
1502.0918,498.4767,422784.1168,41,0.926,0.074,0.0,1
124.291,43.7543,13476.4802,1,0.5474,0.137,0.3156,0
1364.6425,175.185,160204.6573,93,0.886,0.0748,0.0392,1
489.939,448.4905,160819.4653,75,0.9487,0.0513,0.0,1
1278.5631,202.169,260922.0737,84,0.6521,0.021,0.3269,1
1052.1949,486.2348,415177.9502,22,0.7582,0.1576,0.0842,1
94.4855,11.0292,44286.9729,11,0.6573,0.1384,0.2043,0
757.6391,443.5019,418141.7768,57,0.9791,0.0032,0.0177,1
69.8191,7.0487,29998.101,10,0.8419,0.1581,0.0,0
1748.3043,412.1169,276509.1518,46,0.874,0.126,0.0,1
146.5761,31.9427,44642.0101,19,0.5529,0.0712,0.3759,0
116.2538,1.1932,14516.9415,3,0.7539,0.1072,0.1389,0
190.34,40.6441,18573.3323,2,0.7149,0.2366,0.0485,0
164.4895,18.6015,35352.8394,9,0.6966,0.2204,0.0831,0
210.1025,36.3424,15753.4226,14,0.6782,0.3218,0.0,0
226.3926,11.0007,37135.3451,11,0.8194,0.1806,0.0,0
298.5098,37.2052,40404.2134,2,0.5272,0.3529,0.1198,0
43.8273,8.5228,26981.8139,1,0.7829,0.2171,0.0,0
112.0918,11.1989,16869.161,17,0.718,0.0504,0.2316,0
283.7447,30.513,48421.3165,4,0.6108,0.3372,0.052,0
92.6855,3.6544,9422.241,10,0.761,0.239,0.0,0
691.6442,396.0328,341366.564,62,0.6497,0.1204,0.2299,1
135.3062,27.5737,4759.7969,3,0.6565,0.2071,0.1364,0
1322.8691,466.4086,403268.0613,64,0.7347,0.2653,0.0,1
292.1224,5.2031,17063.8115,1,0.8107,0.0786,0.1107,0
117.0067,12.9806,27469.5979,12,0.5873,0.1463,0.2663,0
37.5778,27.3363,33097.7727,18,0.8743,0.1257,0.0,0
31.0119,41.5544,5811.2141,16,0.7503,0.1875,0.0622,0
400.6278,352.2209,364660.9992,71,0.9532,0.0468,0.0,1
124.1528,36.7196,27615.4703,18,0.7147,0.1038,0.1815,0
79.9751,13.3333,17770.8439,13,0.6075,0.2087,0.1838,0
166.4551,23.4213,31487.8336,10,0.7755,0.2245,0.0,0
72.4536,44.6658,49406.358,19,0.6149,0.2991,0.086,0
297.7911,10.772,45922.3302,7,0.7408,0.1845,0.0747,0
273.6248,2.9056,9602.5306,11,0.8051,0.1949,0.0,0
223.2462,29.2027,33787.1939,8,0.8127,0.1873,0.0,0
190.5805,38.5298,14429.505,8,0.6626,0.336,0.0014,0
188.4266,41.3712,47373.8991,2,0.5329,0.3307,0.1364,0
58.0684,7.2995,9910.9144,1,0.6908,0.1791,0.1301,0
950.8983,320.8026,279164.5952,82,0.7668,0.1441,0.0891,1
267.0033,9.098,48550.6534,6,0.8934,0.1066,0.0,0
134.2339,13.6446,12828.5579,4,0.5013,0.249,0.2496,0
1575.8283,451.7217,343449.773,94,0.9016,0.0984,0.0,1
157.7231,31.5402,17049.402,1,0.6727,0.1948,0.1325,0
189.8091,32.5457,49380.8485,19,0.6208,0.3435,0.0357,0
195.4733,2.9044,656.3272,7,0.6416,0.2493,0.1091,0
168.6347,33.1218,47150.2904,13,0.895,0.105,0.0,0
1575.6926,228.6604,393322.4451,89,0.9678,0.0322,0.0,1
181.122,39.1584,12226.7928,3,0.8793,0.1207,0.0,0
261.9525,31.438,13718.3169,13,0.8935,0.1065,0.0,0
182.757,49.8676,20925.2476,8,0.6721,0.1054,0.2225,0
297.5054,8.8497,14671.9036,6,0.7958,0.0966,0.1075,0
247.8187,1.1923,9768.1781,8,0.8066,0.1934,0.0,0
1660.006,85.3913,429547.4937,85,0.8885,0.1115,0.0,1
1009.6567,177.1395,211406.7406,88,0.9694,0.0306,0.0,1
239.2198,16.6145,48124.8196,7,0.7287,0.1883,0.083,0
1307.3208,470.3167,120539.2995,72,0.9964,0.0036,0.0,1
133.4566,16.856,4571.1584,12,0.8329,0.1671,0.0,0
1345.1087,469.3605,296188.466,82,0.7506,0.2494,0.0,1
1708.7845,340.0828,308145.5705,15,0.7453,0.0968,0.1579,1
254.3698,10.684,35288.5252,19,0.8946,0.0577,0.0476,0
1039.2564,356.7554,483257.4708,30,0.9485,0.0515,0.0,1
1087.5827,329.9823,266938.6898,70,0.674,0.2224,0.1035,1
128.4733,40.2917,33948.1348,15,0.5859,0.2949,0.1192,0
270.8637,41.0269,8074.4509,1,0.6307,0.3288,0.0406,0
107.7088,4.4743,3782.8583,18,0.5546,0.2155,0.2298,0
891.5845,261.5242,261438.5058,37,0.7951,0.2049,0.0,1
1346.2977,354.0189,81645.6012,30,0.7449,0.0386,0.2165,1
88.5852,49.0639,44312.4472,13,0.8366,0.1634,0.0,0
1271.8381,124.7867,456163.3095,92,0.9935,0.0065,0.0,1
1455.6328,321.2739,338808.1695,32,0.8331,0.1669,0.0,1
1941.7879,388.7785,464005.4001,98,0.9889,0.0111,0.0,1
82.763,2.9647,38599.3941,10,0.7726,0.2274,0.0,0
182.7349,47.0313,572.9269,4,0.6271,0.2773,0.0957,0
256.0304,20.4229,13758.9996,6,0.8557,0.1443,0.0,0
52.9296,41.1764,6332.012,12,0.8869,0.1131,0.0,0
1615.018,431.0998,83587.8901,72,0.9044,0.0956,0.0,1
238.2081,8.4945,3137.1758,13,0.7571,0.2075,0.0354,0
1264.8254,378.0292,258441.8623,41,0.9638,0.0213,0.015,1
214.2844,26.1122,38787.124,4,0.7923,0.2077,0.0,0
174.8852,28.1013,39320.9507,15,0.5254,0.2147,0.2599,0
116.4212,49.0111,20810.8126,16,0.6125,0.3875,0.0,0
649.1342,447.6331,331641.2664,90,0.6273,0.199,0.1738,1
92.18,17.7762,13345.4117,7,0.5866,0.391,0.0225,0
161.6962,33.3604,34941.8733,16,0.7958,0.0683,0.136,0
189.1215,9.014,35307.6671,4,0.6924,0.177,0.1306,0
1590.0508,277.9058,311273.3646,41,0.7788,0.0569,0.1642,1
41.5106,32.4784,1543.8217,12,0.6155,0.055,0.3295,0
1864.2168,497.5143,479932.0175,74,0.9014,0.0986,0.0,1
198.3239,49.6859,12623.512,7,0.6952,0.0549,0.25,0
182.7079,11.5654,27093.3423,14,0.5878,0.3181,0.0941,0
149.031,29.2662,31923.0053,13,0.8461,0.1539,0.0,0
1299.2414,128.6809,94749.4162,16,0.7488,0.0033,0.2479,1
194.6344,42.3649,33644.1042,4,0.7871,0.1396,0.0732,0
1215.6142,177.8713,404631.9478,27,0.9524,0.0162,0.0314,1
228.4769,37.7781,23022.9201,11,0.6145,0.0605,0.325,0
26.7108,19.8416,37110.6367,7,0.8174,0.0718,0.1109,0
295.4511,22.8598,10126.1205,2,0.5727,0.2204,0.2068,0
181.5314,18.8864,32769.1201,6,0.5612,0.0908,0.348,0
1915.7387,469.5092,397819.128,91,0.6359,0.2984,0.0657,1
108.3506,23.5646,9328.6128,17,0.7518,0.2482,0.0,0
53.3185,31.5798,21909.7038,9,0.6521,0.1324,0.2155,0
27.3973,8.3201,12245.0872,15,0.5732,0.2421,0.1847,0
827.7152,357.3586,197155.5389,41,0.95,0.05,0.0,1
251.2749,4.6891,30581.8075,19,0.7198,0.1391,0.1411,0
126.3788,7.2025,29547.9974,13,0.7984,0.2016,0.0,0
69.6434,25.171,34482.4674,14,0.5467,0.1673,0.286,0
609.0312,262.488,343392.2446,75,0.8618,0.1382,0.0,1
118.3607,7.8678,5909.5386,15,0.7005,0.2995,0.0,0
288.9316,19.653,19110.258,12,0.5826,0.097,0.3204,0
145.813,26.8522,11774.0359,17,0.853,0.147,0.0,0
1438.6628,92.3021,101475.4249,26,0.8058,0.0296,0.1646,1
275.0658,6.2521,27742.5948,16,0.6546,0.2421,0.1033,0
126.8106,31.628,17082.192,10,0.6503,0.2263,0.1234,0
676.7307,136.7078,293927.5593,79,0.6422,0.1891,0.1686,1
798.5281,415.9115,492896.4868,42,0.7402,0.2598,0.0,1
148.5191,11.8924,6460.7054,13,0.5362,0.3669,0.097,0
249.7281,38.309,5230.0249,17,0.8513,0.1487,0.0,0
290.3539,17.8609,16430.6836,16,0.5297,0.3842,0.0861,0
72.0868,32.5953,21546.4475,9,0.6734,0.3266,0.0,0
1242.3797,192.2558,336774.467,24,0.6469,0.2513,0.1018,1
98.4243,18.9885,4383.7061,4,0.565,0.3732,0.0618,0
294.2594,40.6582,4558.2842,12,0.6563,0.1411,0.2026,0
536.3115,445.0505,105371.9257,86,0.826,0.0258,0.1482,1
67.5474,1.4769,41002.499,13,0.7801,0.2199,0.0,0
37.2809,19.3262,8559.6055,6,0.8769,0.0644,0.0586,0
59.9258,3.5875,17316.8281,5,0.885,0.115,0.0,0
1564.3883,155.8261,175201.4067,34,0.8627,0.1373,0.0,1
249.9778,12.9884,3070.1851,14,0.6356,0.3644,0.0,0
41.3572,34.4443,15800.5265,3,0.6104,0.1082,0.2814,0
208.9364,42.8162,42569.5373,17,0.7077,0.2923,0.0,0
299.3235,38.9973,35757.4774,19,0.8312,0.1688,0.0,0
230.6433,31.0345,10839.3294,16,0.8072,0.1928,0.0,0
1266.466,356.6098,195300.974,79,0.8584,0.1416,0.0,1
11.7569,7.3271,38099.8058,15,0.8439,0.1561,0.0,0
1289.964,336.1653,98561.4824,42,0.8612,0.1112,0.0276,1
172.7531,37.2047,4208.6007,1,0.7385,0.2615,0.0,0
292.014,14.6478,22768.2487,16,0.5463,0.3292,0.1246,0
110.2619,27.9358,20714.996,4,0.6093,0.172,0.2187,0
1250.0741,264.2317,445991.1651,66,0.772,0.228,0.0,1
52.219,17.2341,14833.3275,10,0.733,0.0785,0.1884,0
1411.0133,250.9201,124153.6573,41,0.9061,0.022,0.0718,1
113.6716,37.1399,37864.4393,6,0.8798,0.1202,0.0,0
21.7253,32.1283,5519.3247,10,0.7932,0.2068,0.0,0
671.8776,468.6564,434382.9157,96,0.9422,0.0578,0.0,1
1870.6258,255.3293,80197.6728,24,0.6083,0.2908,0.1009,1
1089.5853,422.2932,285983.8016,93,0.8465,0.1535,0.0,1
88.4363,38.0995,43227.4928,15,0.8784,0.1216,0.0,0
189.5445,24.8919,42462.0152,2,0.8322,0.0654,0.1024,0
1467.4764,195.4887,361175.592,76,0.91,0.09,0.0,1
500.585,361.3643,320494.4441,43,0.7691,0.2309,0.0,1
183.2968,9.0207,35730.0171,6,0.5882,0.1399,0.2719,0
241.7746,2.5357,2280.4883,13,0.8645,0.1355,0.0,0
204.4057,37.8421,34070.4295,3,0.5431,0.1901,0.2668,0
123.0046,10.6294,44929.397,16,0.6215,0.2227,0.1559,0
36.8621,4.7956,972.5853,16,0.5877,0.0946,0.3177,0
1041.4927,386.9673,129480.2344,19,0.8436,0.1564,0.0,1
253.6245,38.412,12988.2375,12,0.5705,0.3911,0.0384,0
254.4869,25.443,22084.7336,8,0.8572,0.0693,0.0735,0
1293.3745,199.5547,359230.4647,18,0.7235,0.1439,0.1326,1
40.8031,22.8731,38093.3535,13,0.5182,0.2085,0.2732,0
1635.9122,182.9997,268212.9832,40,0.9968,0.0032,0.0,1
985.4676,149.9265,476121.3081,74,0.8902,0.0835,0.0263,1
60.3953,19.7549,26101.1865,16,0.8057,0.1943,0.0,0
1735.7341,413.2538,375945.0712,32,0.7922,0.2078,0.0,1
61.2334,47.6596,47405.0165,13,0.5968,0.1881,0.2151,0
1351.0865,151.4942,138008.9818,31,0.8252,0.1748,0.0,1
280.2204,5.3777,7492.3722,19,0.8875,0.1125,0.0,0
1608.189,186.0284,356588.8434,52,0.9359,0.0535,0.0107,1
174.7009,8.4598,18872.3064,17,0.8746,0.1254,0.0,0
239.2744,4.8293,30882.1217,16,0.6431,0.109,0.2479,0
119.9237,14.4313,17870.6033,17,0.7989,0.1752,0.0259,0
19.8246,8.9314,36110.8297,9,0.6306,0.1339,0.2355,0
853.9694,376.808,373341.6055,41,0.8775,0.049,0.0736,1
1876.4677,301.8105,124417.207,53,0.6608,0.0701,0.269,1
1649.9788,429.4212,268030.8961,87,0.8088,0.1912,0.0,1
1443.9853,261.7336,330227.2054,25,0.9469,0.0531,0.0,1
216.4803,35.5085,40256.3692,11,0.7715,0.2285,0.0,0
160.4435,35.9739,22323.1646,17,0.6121,0.3204,0.0675,0
1609.6624,472.6887,346221.5528,22,0.8887,0.1113,0.0,1
212.0923,28.7181,23438.0747,9,0.512,0.2618,0.2262,0
154.4106,46.3176,41750.779,9,0.7323,0.2677,0.0,0
172.6254,49.2081,32213.8842,16,0.5043,0.3525,0.1432,0
1052.2524,148.5732,317576.2119,25,0.9691,0.0309,0.0,1
680.2959,197.4515,302228.7655,36,0.9745,0.0255,0.0,1
1150.1471,267.3768,175171.3426,73,0.8762,0.071,0.0528,1
197.3248,16.5138,13611.306,8,0.5824,0.2077,0.21,0
42.9174,35.4043,10780.3092,2,0.5196,0.0578,0.4226,0
150.4219,10.2437,2020.4826,16,0.7306,0.0919,0.1775,0
1406.0836,147.8544,259544.948,17,0.721,0.2476,0.0315,1
103.996,6.0473,42425.0359,15,0.7013,0.2987,0.0,0
233.3263,28.2628,27173.2386,4,0.5484,0.1589,0.2927,0
191.7767,28.3865,44317.1882,8,0.7161,0.1925,0.0914,0
109.2851,14.6917,1489.8538,17,0.8899,0.1101,0.0,0
205.8386,45.1316,25018.078,12,0.5062,0.0647,0.4291,0
210.3572,47.8476,40514.4098,19,0.779,0.1714,0.0497,0
1071.6908,238.1636,194788.0925,43,0.6584,0.0545,0.2872,1
157.6971,16.1356,23667.4116,14,0.6499,0.1544,0.1957,0
142.7742,18.9228,24881.1753,18,0.5007,0.1952,0.3042,0
254.5636,32.2821,638.1491,2,0.7682,0.0548,0.1771,0
258.3411,18.9914,35671.8799,6,0.8619,0.1371,0.001,0
222.0294,6.5396,10426.1735,4,0.6915,0.2412,0.0673,0
289.1812,31.1019,31831.1496,14,0.7984,0.2016,0.0,0
149.6325,28.9293,1366.716,16,0.7129,0.2871,0.0,0
79.8815,3.1327,16258.4461,10,0.6858,0.1824,0.1319,0
271.7547,43.1483,36274.2888,6,0.6514,0.0658,0.2828,0
53.9888,6.3236,27976.0635,1,0.7077,0.2449,0.0474,0
106.9393,31.9008,6417.7259,6,0.5465,0.3569,0.0966,0
130.0398,1.8906,22578.0557,15,0.637,0.1869,0.1762,0
297.6595,2.9827,7815.8615,18,0.777,0.2029,0.0201,0
282.5189,5.8695,21820.2888,12,0.8017,0.1983,0.0,0
1449.0012,231.3511,494330.0061,85,0.9686,0.0314,0.0,1
1815.9003,221.6602,341114.8532,69,0.6014,0.2,0.1986,1
247.0089,9.7604,46824.5896,18,0.6017,0.342,0.0563,0
92.5942,15.8962,34453.1474,13,0.7151,0.2398,0.0452,0
1605.725,145.5258,410550.5639,79,0.6,0.0851,0.3148,1
1787.065,171.1272,218186.526,22,0.6789,0.0988,0.2222,1
255.5181,40.1069,3393.5541,3,0.7778,0.1666,0.0556,0
122.3752,16.1923,4846.5214,17,0.6641,0.1595,0.1764,0
55.1458,28.0279,5071.9553,19,0.5395,0.2771,0.1834,0
105.1095,34.745,39704.2462,9,0.7429,0.1398,0.1174,0
202.249,23.8458,36707.5452,17,0.6082,0.2178,0.174,0
112.8703,25.8941,6019.8567,3,0.8043,0.1957,0.0,0
84.0106,38.1388,27559.1754,10,0.8583,0.1417,0.0,0
33.2804,9.3037,1295.4794,10,0.6101,0.1733,0.2166,0
23.7385,34.2536,44038.3384,2,0.5041,0.1002,0.3957,0
12.707,34.7879,35610.2278,2,0.8699,0.1301,0.0,0
259.657,20.772,15226.6811,12,0.688,0.2094,0.1027,0
292.6312,29.6782,12431.4941,15,0.7976,0.2024,0.0,0
179.9288,5.0238,9150.3905,2,0.6944,0.2068,0.0987,0
262.3075,33.5377,23138.1601,6,0.5835,0.1358,0.2808,0
25.8308,40.1661,37519.7266,2,0.5803,0.393,0.0268,0
79.8689,41.1284,32957.1173,6,0.7429,0.2571,0.0,0
266.2299,11.6902,8968.5744,12,0.7143,0.2857,0.0,0
298.2862,3.1913,48096.2034,7,0.7397,0.2603,0.0,0
86.7185,27.907,34867.3865,10,0.6485,0.2639,0.0876,0
193.2681,37.0508,23102.8341,19,0.7767,0.0919,0.1315,0
230.6963,12.8504,49107.1976,12,0.7704,0.2296,0.0,0
243.2446,35.4959,39108.7987,1,0.8026,0.1974,0.0,0
79.8155,39.1524,36477.0499,4,0.7574,0.2426,0.0,0
135.9031,36.9838,22417.9977,7,0.7908,0.2092,0.0,0
810.7999,402.1186,187155.9784,28,0.8707,0.0379,0.0914,1
279.0731,21.2002,1676.2647,19,0.5368,0.0512,0.412,0
73.6796,12.6855,29464.4785,4,0.8735,0.1265,0.0,0
210.3619,18.4176,15684.9811,15,0.7216,0.2784,0.0,0
1679.4001,162.8108,376598.3929,94,0.6688,0.1827,0.1484,1
55.6598,32.0345,30534.8363,16,0.5637,0.2411,0.1952,0
67.0552,24.9093,30442.8926,8,0.5107,0.3067,0.1826,0
141.3323,16.5474,28676.455,19,0.5055,0.1503,0.3442,0
56.413,35.007,33992.8884,7,0.8372,0.1628,0.0,0
132.5854,25.8602,33435.6101,3,0.8432,0.1568,0.0,0
151.2614,7.212,21606.1181,6,0.515,0.0784,0.4066,0
159.7529,3.7223,2866.8647,4,0.8382,0.1618,0.0,0
1273.5441,437.6621,368518.8235,63,0.8735,0.1265,0.0,1
1624.3683,324.4611,127825.6941,55,0.944,0.056,0.0,1
177.625,4.3101,37100.1191,15,0.8595,0.1405,0.0,0
247.7446,3.3565,22191.7844,18,0.5529,0.0561,0.3911,0
964.997,206.7187,380688.5201,77,0.7221,0.0889,0.189,1
134.4387,24.4234,16224.1147,9,0.5354,0.0517,0.4129,0
71.3647,16.0826,4292.9703,12,0.5264,0.2147,0.2589,0
241.0306,26.7006,21705.7565,15,0.8515,0.1485,0.0,0
45.4986,32.4872,33635.9754,8,0.7385,0.2615,0.0,0
132.1693,20.1609,21150.7611,7,0.5444,0.1429,0.3126,0
1954.6511,401.1627,475832.4968,83,0.8045,0.1706,0.0249,1
152.0813,3.2411,40611.7771,2,0.8759,0.1241,0.0,0
284.0491,25.2496,14523.7767,14,0.5758,0.1188,0.3054,0
170.6657,43.6576,42051.3633,16,0.8924,0.1076,0.0,0
269.4713,43.8502,47163.3325,9,0.806,0.0876,0.1065,0
1321.0463,375.152,388692.0861,26,0.6897,0.1821,0.1282,1
1431.2893,398.7109,175293.0345,17,0.6708,0.2308,0.0984,1
103.9416,13.9346,43352.4483,12,0.8721,0.1279,0.0,0
167.0205,5.4717,7578.4922,14,0.8989,0.1011,0.0,0
201.0354,26.0109,48526.4342,15,0.5847,0.1075,0.3078,0
186.3575,11.6485,13848.6962,17,0.624,0.376,0.0,0
1686.4367,337.3201,336195.8296,16,0.7142,0.1222,0.1637,1
249.6162,41.7841,26566.3709,19,0.5325,0.2561,0.2114,0
108.9925,29.9168,1050.2564,19,0.8456,0.1544,0.0,0
255.4788,1.2071,36314.2845,3,0.7359,0.1975,0.0666,0
266.8422,21.2035,9489.8558,12,0.8507,0.1493,0.0,0
227.3063,46.5222,15809.2673,8,0.8451,0.092,0.0629,0
187.6092,46.6403,49377.009,6,0.5561,0.3524,0.0915,0
23.0153,7.7201,39335.4359,10,0.5638,0.1025,0.3337,0
1509.9572,285.9394,95696.2383,91,0.9859,0.0141,0.0,1
253.5809,39.7197,27883.2643,19,0.527,0.1335,0.3395,0
98.3329,15.002,22552.9017,5,0.5182,0.2253,0.2565,0
230.4858,8.2567,34615.4266,2,0.7282,0.2718,0.0,0
269.3439,16.955,19030.5991,3,0.8355,0.0865,0.078,0
703.9355,366.913,137239.1509,67,0.7681,0.0873,0.1446,1
120.0815,39.2467,14950.0173,15,0.6014,0.3967,0.0019,0
245.4423,17.9285,42811.1497,14,0.58,0.2435,0.1765,0
216.737,47.8651,26021.7881,5,0.6978,0.2909,0.0114,0
252.9271,35.8637,4920.2494,2,0.7839,0.2161,0.0,0
628.76,192.4827,327378.3884,23,0.6255,0.2286,0.1459,1
83.3801,36.5306,40270.6864,9,0.8814,0.0518,0.0668,0
129.5701,22.827,33600.6655,3,0.7823,0.1369,0.0807,0
23.2184,5.6146,22590.9213,14,0.8811,0.1189,0.0,0
121.7701,18.3292,22728.8629,10,0.6046,0.3302,0.0652,0
140.4592,31.8825,22971.7434,3,0.8252,0.1748,0.0,0
1438.1588,286.3914,315058.1628,88,0.8288,0.0483,0.1228,1
93.1988,21.1269,3891.836,1,0.7834,0.2166,0.0,0
1437.9974,367.8773,94691.0351,62,0.9303,0.0697,0.0,1
275.4447,42.8716,12414.3904,15,0.7957,0.0961,0.1082,0
274.1859,35.0967,11187.1193,14,0.5707,0.3625,0.0668,0
1576.5484,219.4639,364499.2814,97,0.6281,0.2509,0.121,1
243.1603,30.3732,2360.4751,18,0.5137,0.0918,0.3945,0
279.7702,37.838,46640.6842,11,0.8568,0.1271,0.016,0
285.1075,28.0847,22791.9189,2,0.8733,0.0798,0.0469,0
232.386,20.9664,14418.4412,1,0.673,0.1391,0.1878,0
75.028,39.4541,7077.8827,14,0.7697,0.1161,0.1142,0
105.967,24.1714,40465.8399,12,0.6738,0.0649,0.2613,0
1955.2134,299.9003,424163.0974,51,0.8976,0.0058,0.0966,1
257.1221,1.3895,35277.6179,13,0.8179,0.1821,0.0,0
885.9087,84.2959,386304.3327,96,0.9588,0.0412,0.0,1
618.093,208.1012,418175.5016,96,0.6008,0.2081,0.1911,1
46.4395,39.9068,11783.8803,9,0.7852,0.1284,0.0865,0
652.5383,175.0386,255260.0425,87,0.8919,0.1081,0.0,1
1826.4681,440.2522,267807.3656,91,0.8198,0.1004,0.0797,1
699.3379,400.2922,441288.8494,26,0.9092,0.0908,0.0,1
102.3147,18.388,24966.2196,6,0.5304,0.3948,0.0748,0
169.7201,30.2603,19317.1,19,0.5596,0.3021,0.1382,0
135.3773,19.4669,6744.3019,13,0.6033,0.1889,0.2078,0
174.4617,36.0229,29885.8988,15,0.7234,0.1636,0.113,0
42.1333,13.1675,26869.2556,11,0.7884,0.2116,0.0,0
65.9773,25.3042,20566.4957,18,0.8882,0.1118,0.0,0
209.4872,16.6751,40969.5377,16,0.8968,0.1032,0.0,0
79.9432,13.622,31276.8943,1,0.5844,0.1274,0.2882,0
226.2489,6.7967,30763.4675,9,0.5941,0.0938,0.3121,0
712.6223,446.8871,232286.705,65,0.9759,0.0241,0.0,1
722.3377,333.0025,165034.9807,59,0.8715,0.1285,0.0,1
141.9563,36.5251,20775.7217,15,0.5134,0.387,0.0997,0
246.098,2.8276,7926.9762,1,0.7903,0.2097,0.0,0
792.6529,286.5463,317589.147,75,0.9197,0.0803,0.0,1
133.9529,37.5679,36166.9748,1,0.5284,0.2617,0.2099,0
635.7578,138.774,263559.6489,67,0.8255,0.1745,0.0,1
89.5791,45.0388,10848.4163,7,0.6501,0.1074,0.2425,0
74.3986,26.6921,18130.8369,11,0.7314,0.2075,0.061,0
520.8415,188.1785,299830.9267,70,0.8028,0.1771,0.0201,1
272.771,10.2067,48100.3611,14,0.6511,0.3489,0.0,0
479.2534,204.3411,391750.3537,21,0.9882,0.01,0.0018,1
278.4522,44.4243,43693.5702,3,0.6622,0.1214,0.2164,0
1428.907,391.3839,127516.8539,26,0.6302,0.2606,0.1092,1
209.9203,13.854,11130.4133,8,0.5429,0.2823,0.1748,0
119.9463,38.9906,19928.585,10,0.6794,0.283,0.0376,0
108.1524,43.4322,23792.8945,5,0.7078,0.0918,0.2004,0
191.537,19.5451,46332.4747,3,0.8013,0.1987,0.0,0
96.8586,24.8236,37806.9251,3,0.6596,0.2649,0.0754,0
454.2976,465.0185,488344.6569,86,0.9433,0.0567,0.0,1
39.1147,16.2902,27286.7198,10,0.7324,0.2676,0.0,0
1120.0478,325.8185,133442.2461,80,0.8757,0.0244,0.0999,1
1671.653,287.5762,80096.3805,39,0.6507,0.0994,0.2499,1
221.5634,7.1103,14004.614,8,0.871,0.0835,0.0455,0
1893.2018,375.259,388080.5137,67,0.7011,0.0707,0.2282,1
106.5192,4.2798,20442.4845,16,0.6634,0.0699,0.2667,0
194.4899,31.5209,35335.6237,17,0.7449,0.2551,0.0,0
1577.1823,114.6117,487301.1286,19,0.9943,0.0057,0.0,1
206.381,11.2518,17681.9306,1,0.8435,0.1565,0.0,0
527.7182,109.5708,408819.2221,32,0.7827,0.1304,0.0869,1
157.6707,7.722,34785.146,19,0.6456,0.2187,0.1357,0
153.1104,39.2199,17537.2233,16,0.5608,0.187,0.2522,0
146.7648,25.7257,5527.0864,6,0.8145,0.1157,0.0698,0
169.3456,10.6581,27369.8792,14,0.5924,0.1552,0.2524,0
1200.9834,479.6052,223907.4562,36,0.9586,0.0414,0.0,1
1641.9982,308.1355,87106.2403,24,0.9867,0.0133,0.0,1
98.039,36.4412,3569.7402,9,0.8052,0.1948,0.0,0
1601.3172,401.3804,308839.6957,74,0.9362,0.0638,0.0,1
1535.3468,243.3152,458195.8167,75,0.967,0.033,0.0,1
480.3001,236.1641,168639.3537,51,0.7928,0.2072,0.0,1
730.5519,125.9412,309966.9274,47,0.74,0.2094,0.0506,1
118.1743,6.2895,20103.922,3,0.6256,0.2133,0.1612,0
73.7981,36.1616,46757.5787,4,0.7402,0.0884,0.1714,0
298.7026,24.8775,3447.0113,1,0.602,0.1416,0.2563,0
180.816,16.6008,19534.1609,8,0.5331,0.3669,0.0999,0
58.833,7.7717,41798.1867,17,0.7929,0.1348,0.0723,0
264.6628,31.4882,24314.8778,11,0.535,0.3865,0.0785,0
30.8154,15.7662,688.6417,1,0.8739,0.1261,0.0,0
1448.9107,113.1382,289167.7325,59,0.9527,0.0473,0.0,1
295.1802,36.9018,29382.7079,1,0.5906,0.309,0.1004,0
94.2364,49.6052,44047.3233,16,0.6277,0.1369,0.2354,0
195.6988,9.6668,39317.7832,19,0.7321,0.2679,0.0,0
126.3931,5.3706,16740.6649,11,0.7299,0.1706,0.0996,0
133.5013,35.6819,26760.8086,15,0.7856,0.109,0.1054,0
53.276,47.9991,32019.2866,7,0.5451,0.1949,0.26,0
27.0284,23.3441,17267.1973,15,0.5052,0.3041,0.1907,0
1751.239,167.5457,386599.3195,19,0.811,0.189,0.0,1
129.3769,32.1795,45316.9889,4,0.6861,0.1947,0.1192,0
240.5261,29.7433,7061.7155,5,0.7228,0.2772,0.0,0
1611.8292,279.4954,488087.4985,45,0.6129,0.2631,0.124,1
1886.6157,454.8487,244603.3441,35,0.8672,0.0814,0.0514,1
261.7893,35.2418,43424.7555,12,0.8467,0.1533,0.0,0
10.7851,12.784,13672.1884,16,0.5619,0.2593,0.1787,0
84.3419,17.7191,10441.9484,16,0.7385,0.2615,0.0,0
250.2641,32.866,26812.0268,19,0.5482,0.2908,0.1611,0
131.3739,8.4988,32251.1675,6,0.7793,0.2207,0.0,0
65.6571,16.158,24161.8911,13,0.5806,0.2943,0.1251,0
98.1455,25.6536,28878.0315,11,0.7674,0.2326,0.0,0
11.1293,35.8616,2481.2531,11,0.6242,0.1057,0.27,0
1263.3496,87.7397,350192.6677,55,0.9267,0.0139,0.0594,1
87.8422,39.5902,18918.5498,13,0.5829,0.0765,0.3406,0
170.953,19.6524,26633.756,8,0.6424,0.1688,0.1889,0
1560.0852,410.9449,466797.449,51,0.8308,0.1692,0.0,1
277.1568,33.8591,14973.5777,11,0.5953,0.3142,0.0905,0
714.5744,280.8471,468558.2585,82,0.7695,0.2305,0.0,1
999.9952,129.3301,192691.9924,96,0.8147,0.0647,0.1206,1
162.5576,46.6273,43335.9227,7,0.6782,0.0736,0.2482,0
240.0855,44.8905,41244.6142,8,0.5006,0.2127,0.2866,0
234.036,10.3681,11604.8899,6,0.7346,0.2654,0.0,0
824.5552,250.8213,351010.1996,94,0.897,0.0922,0.0107,1
58.3926,31.2818,8381.7772,9,0.8623,0.0944,0.0433,0
227.7432,42.3976,2772.8939,5,0.7609,0.2391,0.0,0
218.271,14.6468,35827.8125,3,0.5242,0.1785,0.2973,0
177.9737,48.0411,38535.8264,1,0.7934,0.2066,0.0,0
170.3405,5.6797,18436.9714,15,0.7932,0.2068,0.0,0
196.272,46.5286,34207.8516,9,0.639,0.3128,0.0481,0
602.5784,291.8929,127396.5513,20,0.8454,0.1546,0.0,1
117.5675,19.0282,36791.3449,4,0.8832,0.0805,0.0363,0
115.0155,47.2986,14977.8785,12,0.8438,0.1562,0.0,0
177.3226,15.8334,7364.6094,13,0.6911,0.3024,0.0065,0
1149.3277,370.9535,178500.1891,20,0.6317,0.1546,0.2138,1
1109.9726,472.5693,326772.9032,55,0.9101,0.0277,0.0621,1
198.9926,24.6518,25522.6818,1,0.7573,0.1522,0.0905,0
1015.5589,201.6792,201083.8041,64,0.6181,0.1444,0.2375,1
1635.3489,284.7492,210342.4965,43,0.9263,0.0737,0.0,1
108.4034,2.1143,20432.5436,5,0.6363,0.3637,0.0,0
71.2885,40.3298,19461.4146,8,0.5721,0.3718,0.0561,0
1841.9344,123.327,132069.583,99,0.7014,0.2232,0.0754,1
282.5629,26.4114,24855.5797,12,0.833,0.1594,0.0076,0
282.7019,34.1986,10879.1899,4,0.5031,0.325,0.172,0
93.5438,39.317,24161.3882,3,0.6893,0.3107,0.0,0
120.2683,23.6629,20936.3112,13,0.5174,0.1377,0.3449,0
142.0881,7.1686,11688.2001,13,0.7215,0.1427,0.1358,0
1397.5601,307.6009,259313.5747,27,0.8669,0.1331,0.0,1
439.9415,333.8947,433836.642,64,0.8067,0.176,0.0172,1
286.2605,4.3327,22556.1897,14,0.8162,0.1241,0.0597,0
1161.0014,171.5377,250419.8594,92,0.8472,0.033,0.1199,1
120.5912,21.9378,48897.69,14,0.6344,0.1171,0.2486,0
233.8574,45.1217,19827.3865,16,0.7074,0.1735,0.1191,0
1209.4208,469.8524,255833.7625,89,0.6559,0.0494,0.2947,1
132.0644,28.7054,25481.9019,1,0.5441,0.0602,0.3958,0
1513.8725,282.1129,267771.4626,80,0.6169,0.0097,0.3734,1
25.4643,4.2446,15928.9737,5,0.5692,0.0836,0.3472,0
1614.8502,232.9693,245160.4984,68,0.8692,0.0917,0.0391,1
134.095,33.8234,25289.5722,4,0.5403,0.3921,0.0676,0
294.4381,9.6187,23686.2361,12,0.7411,0.2589,0.0,0
169.0801,27.7756,24030.5876,17,0.7595,0.1878,0.0527,0
645.2941,417.2235,110618.5407,92,0.6531,0.1901,0.1568,1
236.0485,9.1,43076.4676,14,0.7065,0.0963,0.1972,0
282.1683,37.5329,12338.2567,7,0.6226,0.2254,0.152,0
180.9912,8.4814,24228.0612,11,0.7251,0.2749,0.0,0
294.4845,49.0011,1933.7065,17,0.85,0.15,0.0,0
143.4109,46.5651,42847.115,19,0.7665,0.2181,0.0154,0
251.3622,37.4478,27583.8706,3,0.7,0.3,0.0,0
685.3594,112.2567,275049.3975,67,0.6774,0.1397,0.1829,1
276.6251,25.2884,41634.782,17,0.7869,0.1771,0.036,0
1172.2288,424.0376,183868.4518,19,0.9728,0.0272,0.0,1
48.7981,37.463,37880.3394,7,0.8153,0.1847,0.0,0
197.8879,17.5378,20965.1357,3,0.5707,0.3858,0.0435,0
64.1505,31.1635,28297.7449,6,0.8631,0.1369,0.0,0
24.7171,28.2267,14897.9105,5,0.8321,0.1679,0.0,0
169.7797,7.1195,42261.0453,18,0.5988,0.2984,0.1029,0
298.7442,31.824,25048.1243,10,0.8282,0.0848,0.087,0
1833.9068,468.3266,316335.6793,66,0.8346,0.0896,0.0758,1
30.442,20.0543,5003.5268,4,0.5192,0.2007,0.2801,0
1512.5883,236.0249,340618.3448,19,0.6532,0.1337,0.2131,1
1408.448,408.1043,421654.9588,47,0.6163,0.0106,0.3731,1
1805.9059,372.6135,478542.5714,26,0.8934,0.1066,0.0,1
281.7031,31.2111,42613.0866,3,0.7347,0.2653,0.0,0
211.5684,26.0186,48807.077,4,0.7556,0.2444,0.0,0
214.3898,19.5342,25601.1342,17,0.8109,0.1796,0.0095,0
57.8728,49.0538,16855.9716,7,0.5448,0.33,0.1252,0
857.916,419.9268,459451.6049,33,0.8701,0.1299,0.0,1
135.2642,9.6795,40554.9571,15,0.6016,0.0731,0.3253,0
1009.639,362.0936,372111.8484,81,0.8768,0.1232,0.0,1
1241.8742,297.5995,394909.2078,28,0.6575,0.0683,0.2742,1
1702.4127,354.7037,246006.4287,55,0.7865,0.0571,0.1564,1
233.9575,48.4762,21751.9087,6,0.7303,0.2315,0.0382,0
43.0902,27.8426,16605.1059,17,0.7739,0.1892,0.0369,0
15.467,12.8736,4163.5735,19,0.5567,0.1315,0.3118,0
39.7814,18.1462,21357.9638,9,0.6279,0.0583,0.3138,0
84.7644,29.9288,11109.2159,16,0.8963,0.1037,0.0,0
21.287,44.5217,34949.2771,11,0.6757,0.2181,0.1062,0
191.3123,22.6357,22033.5786,9,0.6561,0.1229,0.221,0
1509.0976,481.2688,309419.7016,27,0.9409,0.0591,0.0,1
498.8176,128.103,355035.5584,95,0.7343,0.2657,0.0,1
42.5088,12.5925,27382.9361,19,0.6532,0.3271,0.0197,0
41.2449,15.9309,45818.1166,2,0.667,0.1173,0.2156,0
51.7303,49.4068,47856.9726,11,0.7342,0.2658,0.0,0
223.1284,6.2242,37754.0808,9,0.8987,0.1013,0.0,0
31.182,22.9651,24471.456,4,0.853,0.147,0.0,0
170.5605,46.3415,44957.6469,2,0.5957,0.116,0.2883,0
252.1968,44.759,40222.9759,16,0.8248,0.1514,0.0237,0
82.7638,16.6228,5575.0314,13,0.68,0.32,0.0,0
203.3817,6.2062,31695.0755,2,0.8125,0.1875,0.0,0
250.6275,35.4974,27864.0368,6,0.7478,0.2522,0.0,0
121.6501,17.2485,45910.6528,12,0.5794,0.296,0.1246,0
287.5218,4.8482,2216.5354,4,0.5704,0.3995,0.0301,0
72.4017,39.6622,13988.2085,9,0.8145,0.163,0.0226,0
592.2052,94.5116,100078.2013,68,0.6628,0.2603,0.0769,1
1027.7147,189.3979,469271.2477,99,0.8189,0.0357,0.1454,1
143.6844,39.632,42574.719,6,0.5244,0.1593,0.3163,0
130.2189,16.7132,37907.8095,2,0.6077,0.3468,0.0455,0
850.7459,226.7755,284905.2444,50,0.6757,0.0445,0.2798,1
54.9457,11.8941,13288.7116,19,0.7656,0.1601,0.0743,0
678.7705,235.4794,230456.2243,71,0.9676,0.0324,0.0,1
98.5503,11.2473,21832.0347,13,0.7067,0.1601,0.1332,0
297.2282,37.7907,48949.8955,13,0.7542,0.141,0.1048,0
53.4515,38.279,11621.6988,10,0.8868,0.1132,0.0,0
120.9701,48.4478,18249.5744,18,0.5133,0.1811,0.3056,0
189.7915,7.4548,16607.7881,19,0.7111,0.1961,0.0928,0
1557.5317,325.4614,362329.8787,85,0.7059,0.1996,0.0945,1
12.5589,41.5358,4808.9842,1,0.8802,0.1198,0.0,0
52.6775,44.5065,5351.5029,16,0.6838,0.3162,0.0,0
152.5541,13.8875,1299.3262,4,0.7134,0.1538,0.1328,0
45.9657,36.027,4453.2182,1,0.6085,0.0515,0.3401,0
224.8364,16.4452,38754.8476,5,0.8794,0.1206,0.0,0
34.46,15.7578,44890.3206,2,0.6878,0.0845,0.2276,0
253.6728,39.2513,37829.822,10,0.6098,0.254,0.1362,0
196.6847,18.8142,35828.5438,19,0.5297,0.2469,0.2234,0
286.3493,33.5519,32384.7479,2,0.8626,0.1374,0.0,0
206.4328,42.6038,47309.234,7,0.8603,0.1397,0.0,0
1789.1577,298.6596,376046.2339,42,0.9523,0.0477,0.0,1
160.9627,31.4879,41588.8689,7,0.5914,0.1132,0.2954,0
41.5279,48.8477,10804.7729,1,0.5555,0.0887,0.3557,0
239.2199,31.1063,20880.9202,2,0.8904,0.0837,0.0259,0
149.9359,33.264,6967.5282,8,0.5826,0.308,0.1094,0
41.6257,45.2927,38471.5164,11,0.7971,0.2029,0.0,0
264.7261,45.1005,19588.2943,1,0.5369,0.0901,0.3731,0
231.1343,6.0422,34701.2842,11,0.8231,0.1769,0.0,0
225.4313,11.3633,41477.1239,2,0.8256,0.1744,0.0,0
1237.1453,478.2999,440483.7644,19,0.6599,0.1052,0.2349,1
206.7101,10.189,48149.3618,9,0.7816,0.1391,0.0793,0
69.9226,37.8195,46658.8708,3,0.691,0.1453,0.1637,0
217.8206,48.2684,1944.0352,9,0.5327,0.3924,0.0749,0
163.8159,28.9349,43280.7621,5,0.8904,0.1096,0.0,0
1750.6646,363.1584,109291.9132,89,0.7192,0.2808,0.0,1
162.2274,35.6792,44031.0963,4,0.5084,0.3886,0.103,0
252.3038,41.9408,42696.4996,18,0.7784,0.2216,0.0,0
18.5861,20.2564,17757.4629,1,0.8449,0.1551,0.0,0
42.5801,9.3151,29458.2707,13,0.5925,0.3816,0.0259,0
39.9636,1.8611,20556.1848,10,0.6556,0.2674,0.077,0
125.7374,49.0791,49956.6632,13,0.6681,0.3006,0.0314,0
738.9889,233.7087,90171.7594,95,0.8417,0.1583,0.0,1
1298.8887,157.7513,115534.1705,92,0.925,0.075,0.0,1
1892.9818,94.6396,430849.6287,98,0.9316,0.0102,0.0582,1
21.7528,26.4946,41815.7028,17,0.6161,0.1157,0.2682,0
20.8097,17.7523,46274.414,17,0.6647,0.0664,0.2689,0
115.7186,33.8239,18450.8398,19,0.5343,0.1446,0.3211,0
222.7885,42.3825,22194.4409,18,0.7421,0.2402,0.0177,0
1811.5,361.2069,384918.331,74,0.877,0.123,0.0,1
189.7756,14.6809,24457.9231,14,0.7954,0.1715,0.0332,0
202.8067,48.7308,31441.7941,7,0.5033,0.2803,0.2164,0
1260.9004,88.074,271506.7298,97,0.7867,0.2133,0.0,1
108.6403,29.388,13886.0488,7,0.5329,0.2857,0.1814,0
1812.4692,210.2845,301216.4359,93,0.8621,0.0088,0.1291,1
296.1223,14.9431,33400.4644,14,0.6708,0.1769,0.1523,0
1222.7693,87.3214,379466.8621,73,0.8568,0.1432,0.0,1
283.7968,45.3424,39384.7724,17,0.7539,0.1338,0.1123,0
294.3108,49.8696,29791.3087,18,0.7035,0.2714,0.0251,0
236.7095,44.9854,17323.0379,7,0.5058,0.1363,0.3579,0
186.1418,34.7153,18032.3536,15,0.5321,0.3866,0.0813,0
1844.0723,412.9027,132690.9535,32,0.6313,0.2477,0.121,1
109.9845,1.7039,1825.0257,10,0.5374,0.3114,0.1512,0
182.2109,18.2617,6100.3746,1,0.5613,0.2369,0.2018,0
294.3857,37.0865,2285.8427,16,0.6847,0.3153,0.0,0
274.1469,49.7671,23609.702,16,0.6896,0.3104,0.0,0
225.4428,1.1357,20770.5878,4,0.8283,0.1717,0.0,0
860.1438,287.429,213621.4988,32,0.9742,0.0258,0.0,1
190.5855,31.8455,43739.6237,5,0.5864,0.2442,0.1694,0
228.6863,29.4431,43430.562,18,0.5896,0.2041,0.2064,0
1196.5558,265.9415,374420.8675,32,0.859,0.141,0.0,1
179.0637,40.1651,35919.2819,2,0.8547,0.0735,0.0718,0
291.6658,14.1798,19407.2557,15,0.8973,0.1027,0.0,0
59.4869,39.1771,28580.6385,5,0.5235,0.1082,0.3682,0
1927.4622,279.4685,241508.8924,17,0.7607,0.0882,0.1511,1
125.2977,36.6028,18231.1495,19,0.5999,0.282,0.1181,0
266.8385,48.502,38060.7847,8,0.8848,0.0924,0.0228,0
140.8035,5.67,21283.7824,10,0.665,0.1748,0.1603,0
217.328,10.2829,47811.9625,8,0.5957,0.2887,0.1156,0
32.49,36.4218,49999.1332,11,0.591,0.3921,0.0169,0
248.6896,7.6809,17174.794,17,0.8872,0.1128,0.0,0
188.3571,44.7898,23211.02,14,0.6174,0.2018,0.1808,0
100.5863,21.225,33007.2817,9,0.5651,0.0724,0.3625,0
1734.7412,263.7576,489719.5497,68,0.6357,0.028,0.3364,1
1188.9856,229.6954,338389.7332,26,0.8152,0.0712,0.1136,1
1644.9184,98.1583,395905.6743,95,0.8655,0.1345,0.0,1
16.7544,5.1961,27458.6604,16,0.579,0.2689,0.1521,0
50.7305,12.0977,6792.2376,4,0.709,0.291,0.0,0
1461.6801,242.0739,481903.8455,77,0.7228,0.0079,0.2693,1
133.2737,25.5683,25275.0376,17,0.8165,0.1402,0.0433,0
293.6196,6.1258,3927.5616,17,0.7302,0.1414,0.1284,0
1451.9426,342.2048,127220.4473,68,0.8868,0.1132,0.0,1
96.7907,47.8681,13117.7924,12,0.8774,0.1226,0.0,0
182.9094,1.7736,26536.1527,19,0.7915,0.1712,0.0374,0
170.6545,42.4536,33559.1432,4,0.6528,0.0776,0.2695,0
1481.621,88.7129,347235.8943,51,0.6359,0.111,0.2532,1
1005.2268,100.9441,140158.7413,27,0.9047,0.0953,0.0,1
1230.6825,278.9471,298465.3716,56,0.8563,0.1214,0.0223,1
263.9868,10.0882,6377.8564,6,0.5524,0.3033,0.1443,0
291.5059,34.3339,32339.8091,8,0.6518,0.3482,0.0,0
476.4057,397.7768,382823.5558,76,0.8155,0.1845,0.0,1
226.4217,8.0257,11846.0613,13,0.64,0.2354,0.1246,0
134.1282,41.6001,22952.3781,15,0.6493,0.0599,0.2908,0
122.235,12.775,15015.7716,15,0.6784,0.0856,0.236,0
75.2408,12.6532,40594.098,4,0.6341,0.114,0.2519,0
156.6711,35.7186,37101.7179,15,0.5009,0.2025,0.2967,0
1889.3829,246.326,115953.1683,87,0.7337,0.0673,0.1989,1
49.6782,11.5957,48161.4371,3,0.5004,0.2239,0.2757,0
202.7906,18.5214,33920.7316,15,0.7941,0.2059,0.0,0
157.9031,46.2579,22150.3902,2,0.6676,0.3324,0.0,0
896.8357,187.7053,213572.093,26,0.8427,0.1573,0.0,1
724.9068,346.9634,313554.9309,98,0.897,0.103,0.0,1
226.0475,13.3562,24227.531,3,0.6241,0.3521,0.0238,0
68.6055,46.768,39852.3792,10,0.6013,0.0603,0.3384,0
27.9468,26.4979,24037.1014,9,0.5603,0.2792,0.1605,0
1985.6145,155.0549,220690.9613,42,0.86,0.14,0.0,1
174.1153,44.1663,22452.5437,7,0.5017,0.2491,0.2492,0
269.5976,45.0268,12528.5967,12,0.8191,0.1093,0.0716,0
28.4955,23.7667,41129.7215,11,0.7806,0.1957,0.0237,0
212.9774,33.8654,10618.3806,4,0.8053,0.1457,0.0491,0
52.4986,41.9078,32156.8508,3,0.5314,0.1423,0.3263,0
55.3644,37.1775,46033.1978,3,0.6407,0.3593,0.0,0
137.7467,47.2454,36946.8258,6,0.5092,0.1512,0.3397,0
585.3468,123.6613,102697.8791,22,0.693,0.2101,0.0968,1
195.1186,41.4637,2473.1236,5,0.5333,0.1897,0.277,0
288.2829,46.796,40712.595,15,0.8196,0.1804,0.0,0
1166.7321,313.6128,348734.2254,69,0.8172,0.0738,0.109,1
172.0501,28.4045,13477.0216,3,0.7883,0.2117,0.0,0
466.4587,498.726,422952.2904,45,0.7132,0.0983,0.1885,1
1245.9524,209.2825,425833.4892,29,0.9917,0.0083,0.0,1
409.6761,299.0244,87825.6489,17,0.7539,0.0826,0.1635,1
217.7967,14.1299,43365.2486,9,0.5239,0.3777,0.0984,0
258.9934,29.8248,10913.3185,11,0.7637,0.2363,0.0,0
121.8113,32.3077,15008.611,11,0.5942,0.3527,0.0531,0
144.0461,2.6354,39243.5762,14,0.5221,0.1591,0.3188,0
15.8419,26.4671,25135.755,2,0.5439,0.3932,0.063,0
249.9038,8.1877,24629.6085,18,0.7131,0.1164,0.1705,0
1760.1856,173.1816,154988.1397,72,0.7779,0.1727,0.0495,1
733.6298,129.9206,341544.4285,75,0.6662,0.2931,0.0407,1
258.2859,24.0164,21720.0858,12,0.5504,0.2669,0.1827,0
214.5678,14.7814,16465.7634,6,0.5008,0.2903,0.2089,0
1635.8987,180.091,451611.7444,42,0.9815,0.0185,0.0,1
490.0202,388.6063,405045.97,58,0.6851,0.117,0.1979,1
239.1912,46.2338,43212.5288,15,0.5036,0.1885,0.3079,0
67.0598,2.7872,32199.1753,1,0.8766,0.1234,0.0,0
491.7021,203.4756,165491.6558,70,0.8228,0.1116,0.0656,1
811.2187,367.4174,137174.0298,46,0.8509,0.0682,0.0809,1
57.0322,20.8332,4147.7182,13,0.837,0.1397,0.0234,0
1675.1098,382.7578,139862.24,49,0.9099,0.0901,0.0,1
81.1452,13.3249,42185.5761,10,0.7026,0.1088,0.1885,0
24.7785,36.9752,37887.6841,10,0.6223,0.0586,0.3192,0
159.6107,30.9296,48455.8631,12,0.8654,0.1346,0.0,0
30.0506,19.5418,35048.9548,4,0.7729,0.2271,0.0,0
209.4698,21.6519,44372.6783,3,0.5238,0.1529,0.3233,0
126.8841,47.5192,13751.1501,13,0.8127,0.1873,0.0,0
207.0507,9.113,28510.8374,9,0.6706,0.0554,0.2741,0
261.4108,40.6316,41170.8667,10,0.7441,0.057,0.1989,0
124.8589,7.4704,43379.9217,17,0.5916,0.0993,0.3091,0
252.4979,14.3338,42695.102,1,0.7994,0.2006,0.0,0
1502.8967,125.7372,428015.9558,87,0.737,0.263,0.0,1
465.329,233.9465,113450.4712,60,0.8976,0.0831,0.0194,1
632.5988,98.9895,462295.7284,43,0.6387,0.0895,0.2717,1
1546.0545,303.6828,115478.2098,67,0.7429,0.1203,0.1368,1
149.0172,13.358,4247.9895,13,0.5354,0.1027,0.3619,0
958.7469,275.617,446501.2349,67,0.921,0.079,0.0,1
1630.9609,291.5974,282335.0255,21,0.6318,0.2644,0.1038,1
257.1909,41.1686,9690.9771,14,0.8354,0.1646,0.0,0
185.8943,38.9799,20213.0732,5,0.5724,0.1085,0.3191,0
1382.0964,296.3962,272733.6933,15,0.9224,0.0776,0.0,1
1974.6425,251.8697,421569.2178,97,0.6785,0.0432,0.2784,1
1276.6797,117.4932,453980.4678,46,0.7545,0.2455,0.0,1
440.585,231.8054,229793.8142,49,0.7521,0.2479,0.0,1
182.6949,4.1864,21583.6438,14,0.8337,0.1663,0.0,0
893.085,435.1961,214737.2249,45,0.9631,0.0369,0.0,1
936.0899,150.7843,461960.6126,72,0.9963,0.0037,0.0,1
169.3938,40.0087,8632.3618,16,0.5417,0.0698,0.3884,0
181.1929,2.6308,33210.2887,15,0.5808,0.1815,0.2376,0
176.9917,14.2847,23687.9014,7,0.5277,0.0865,0.3858,0
212.9945,16.4048,31854.6251,10,0.7095,0.2905,0.0,0
413.5143,393.2347,205634.0279,80,0.7143,0.2857,0.0,1
127.9969,31.0511,41424.213,17,0.7622,0.1649,0.0729,0
134.066,21.9925,25149.5503,10,0.5935,0.2116,0.1949,0
293.3625,42.4566,33704.2561,14,0.5512,0.3046,0.1442,0
278.3637,49.0567,24402.2673,14,0.8484,0.1516,0.0,0
1460.0754,386.3576,286398.108,72,0.6532,0.2353,0.1115,1
291.2802,48.0776,39347.19,4,0.7023,0.2633,0.0344,0
10.3167,9.2597,5160.4423,1,0.677,0.1678,0.1553,0
110.8249,38.5383,12171.4849,9,0.799,0.201,0.0,0
160.4852,14.9528,1981.1854,15,0.7653,0.1338,0.1009,0
1290.673,134.054,377342.575,92,0.8966,0.1034,0.0,1
266.3578,48.409,1339.5435,13,0.5062,0.1676,0.3262,0
118.5667,33.7555,32990.064,15,0.6386,0.1443,0.2171,0
196.0528,20.0585,44715.8069,8,0.6439,0.3561,0.0,0
1790.3196,214.7211,192481.0752,54,0.7107,0.1986,0.0907,1
73.4684,4.7668,47521.1927,11,0.6321,0.2629,0.105,0
92.8798,12.7205,11493.9882,12,0.8713,0.1287,0.0,0
1237.1207,226.8379,316982.5166,44,0.9089,0.0725,0.0186,1
1479.8853,167.649,422119.0058,99,0.8035,0.0488,0.1477,1
1522.591,133.3952,128659.1421,29,0.6366,0.2965,0.0669,1
83.9213,28.3945,17213.6007,5,0.6647,0.2344,0.1009,0
1795.4594,204.7559,327611.9931,60,0.8659,0.0455,0.0885,1
181.7597,11.1946,16764.0344,18,0.6593,0.3234,0.0173,0
1306.6685,186.7677,492881.9823,92,0.8651,0.07,0.0649,1
266.1701,8.159,48570.3343,2,0.587,0.1914,0.2216,0
74.5804,16.577,23083.5754,15,0.7541,0.2364,0.0095,0
1434.2646,220.7749,273875.5362,85,0.9923,0.0077,0.0,1
1695.5526,183.1955,104674.6018,36,0.8958,0.1042,0.0,1
258.3588,12.9122,5209.4578,7,0.7395,0.2605,0.0,0
199.06,16.7938,25746.0788,14,0.7036,0.2523,0.0442,0
133.9532,30.9502,19216.3393,14,0.7784,0.2203,0.0012,0
210.6392,33.2953,7449.5923,5,0.5379,0.3111,0.151,0
839.7857,252.2671,297837.831,16,0.8155,0.1845,0.0,1
229.2045,35.3968,20899.0039,18,0.8253,0.1747,0.0,0
216.6974,5.3561,32603.746,17,0.731,0.1037,0.1654,0
45.5998,43.7041,33451.1203,16,0.7802,0.2198,0.0,0
24.6507,48.9078,3999.3967,15,0.7406,0.2224,0.037,0
966.7196,133.0788,151652.7875,15,0.9673,0.0327,0.0,1
200.111,2.1281,7898.0334,19,0.5449,0.2292,0.2259,0
930.6381,223.7396,276636.2635,56,0.9077,0.0923,0.0,1
1442.6888,497.8805,387436.2029,25,0.9869,0.0131,0.0,1
1050.4002,160.1072,407328.4244,93,0.7651,0.1214,0.1135,1
241.4223,46.6872,5958.0328,10,0.6954,0.0633,0.2413,0
1758.1388,163.3785,84713.556,40,0.7667,0.2061,0.0272,1
142.104,8.3165,11695.5217,19,0.5606,0.257,0.1823,0
15.6278,21.6112,30235.0847,17,0.5683,0.3751,0.0566,0
493.1789,122.9935,143920.2542,56,0.9696,0.0304,0.0,1
1216.9531,239.2359,136394.254,38,0.6694,0.0722,0.2584,1
225.1281,44.5763,25032.1615,8,0.7847,0.1877,0.0277,0
204.707,29.9302,33484.5441,6,0.7082,0.2918,0.0,0
68.2947,33.0414,45872.9342,17,0.6144,0.1802,0.2054,0
690.3278,100.1414,204267.912,41,0.6024,0.1896,0.2079,1
137.3889,38.8706,34284.8157,15,0.8192,0.1808,0.0,0
150.6385,13.4927,47745.0657,7,0.5872,0.0926,0.3203,0
1872.225,357.0735,188508.4328,62,0.8794,0.1206,0.0,1
111.5668,45.132,17321.4887,14,0.6784,0.3216,0.0,0
77.4402,32.727,9343.3102,1,0.7777,0.2223,0.0,0
1322.0863,225.9165,248663.3218,50,0.9447,0.0219,0.0334,1
15.1727,27.3168,7688.5882,8,0.6387,0.1301,0.2312,0
168.9965,48.3318,49983.2205,8,0.7175,0.2272,0.0553,0
1292.166,301.2191,304162.6786,89,0.9487,0.0513,0.0,1
215.9003,15.7373,15064.2036,6,0.6828,0.3172,0.0,0
49.8907,35.2333,28082.4127,8,0.6651,0.3118,0.0231,0
1880.8474,223.7637,367217.9146,22,0.9018,0.0982,0.0,1
1602.4658,127.1431,401197.082,57,0.8471,0.1529,0.0,1
1531.2305,140.3182,391343.1451,67,0.8255,0.1495,0.025,1
70.2419,44.9185,9095.3614,4,0.657,0.343,0.0,0
81.1251,29.2753,31925.9709,2,0.6485,0.3043,0.0472,0
1319.4603,189.381,275076.6867,98,0.7588,0.2412,0.0,1
907.4376,488.5324,209170.264,60,0.8839,0.1161,0.0,1
196.604,21.8798,46222.9312,4,0.5094,0.1195,0.3711,0
599.4248,165.9374,453205.729,42,0.878,0.0013,0.1207,1
21.0854,11.6301,19556.8442,5,0.8344,0.1656,0.0,0
174.8468,29.2451,38058.2435,19,0.5703,0.3263,0.1034,0
1694.0402,277.3952,154647.9294,88,0.7196,0.0935,0.187,1
82.4399,36.4972,13705.5902,13,0.8684,0.1316,0.0,0
109.7708,5.0588,17649.467,13,0.7607,0.2393,0.0,0
871.1439,375.816,223610.4424,40,0.62,0.1289,0.2511,1
102.2386,22.0415,18826.4576,4,0.5791,0.0778,0.3431,0
264.5988,38.1366,41677.7081,9,0.7974,0.2026,0.0,0
895.7439,366.9766,170330.0029,49,0.8608,0.1392,0.0,1
27.103,36.8254,30407.1772,8,0.5992,0.3546,0.0463,0
207.7498,20.0547,38078.6609,3,0.5881,0.1559,0.256,0
87.493,6.7222,4131.596,12,0.6981,0.3019,0.0,0
261.157,16.6244,41048.8902,12,0.5307,0.2473,0.2221,0
64.4376,35.3931,14928.3586,4,0.6172,0.3473,0.0355,0
1827.9252,370.7784,150634.234,38,0.7334,0.2157,0.0509,1
178.5616,39.0005,49618.9154,17,0.5982,0.2453,0.1564,0
130.3676,21.9084,38008.7925,6,0.6333,0.057,0.3097,0
106.155,37.5509,45624.0087,10,0.755,0.0775,0.1675,0
292.2647,17.8053,8081.3853,19,0.545,0.3279,0.1272,0
162.8584,10.8417,12915.5334,17,0.744,0.1521,0.1039,0
1561.8346,213.1869,96118.9506,53,0.9198,0.0802,0.0,1
96.7463,39.0435,9531.3986,12,0.8801,0.1199,0.0,0
40.6552,21.0745,32678.0319,4,0.7103,0.2047,0.085,0
180.3807,8.0405,34610.9483,2,0.5277,0.3319,0.1404,0
277.4766,29.5218,7654.2537,1,0.5555,0.3248,0.1197,0
104.9785,3.5864,5797.5278,1,0.6656,0.0717,0.2627,0
198.7737,5.558,42730.9057,6,0.6269,0.3266,0.0465,0
266.8545,37.04,15652.5853,15,0.5067,0.3139,0.1794,0
174.2919,32.6579,18496.034,12,0.5973,0.1632,0.2395,0
1946.4262,108.752,185076.0882,47,0.6403,0.2657,0.094,1
61.2641,20.3074,37843.0998,9,0.5188,0.1764,0.3048,0
1393.6171,373.9204,322732.9553,63,0.8469,0.0176,0.1356,1
81.0444,47.3256,5100.2382,7,0.7719,0.0895,0.1386,0
229.0434,43.4254,26586.7746,9,0.6728,0.2307,0.0964,0
1936.6271,345.4509,322827.5983,41,0.7809,0.1828,0.0363,1
1347.5686,492.123,115114.4331,90,0.9997,0.0003,0.0,1
114.5906,16.6524,14145.7303,7,0.7601,0.2399,0.0,0
253.2791,11.4949,6256.5948,11,0.671,0.2916,0.0375,0
76.6221,14.8861,19070.3074,14,0.7748,0.2252,0.0,0
94.5032,45.9829,46379.2809,14,0.7049,0.0723,0.2229,0
78.636,26.213,16395.7947,13,0.7054,0.1119,0.1826,0
158.6923,30.8508,23418.826,14,0.8861,0.1139,0.0,0
255.6104,11.1967,4471.35,10,0.7676,0.2324,0.0,0
254.1857,30.3747,27225.3186,11,0.6247,0.2618,0.1135,0
1063.6447,397.3929,338286.4317,41,0.8177,0.1074,0.075,1
160.8143,40.626,43075.0158,16,0.5416,0.3249,0.1335,0
265.6533,47.074,30292.9856,1,0.7369,0.1435,0.1196,0
276.5353,37.0959,7582.0698,13,0.5987,0.2522,0.1491,0
1394.6485,364.6908,380856.1967,53,0.9066,0.0902,0.0032,1
461.8373,397.0688,231117.0217,55,0.8036,0.1964,0.0,1
20.4574,25.4854,45083.6445,9,0.636,0.3578,0.0062,0
89.7144,24.2835,24910.5678,14,0.8905,0.1095,0.0,0
213.8797,41.9699,714.3384,4,0.7191,0.2692,0.0117,0
525.7576,108.3691,374134.8447,45,0.9068,0.0932,0.0,1
1424.0125,133.6983,358066.1919,47,0.8262,0.1738,0.0,1
854.4344,441.6438,497394.3134,88,0.6683,0.2705,0.0612,1
198.1656,33.7532,28608.3371,11,0.6153,0.3799,0.0048,0
617.3278,327.075,378081.3874,96,0.8062,0.1445,0.0492,1
240.8575,21.987,3890.8659,9,0.6917,0.3083,0.0,0
78.2811,24.2328,15843.4832,8,0.7285,0.2051,0.0664,0
87.7428,8.4806,25582.3478,6,0.6867,0.0518,0.2615,0
988.7706,135.643,137424.4566,73,0.8437,0.1535,0.0029,1
65.7554,23.1382,37153.5551,14,0.5494,0.2688,0.1818,0
209.7381,43.0955,45863.774,18,0.5628,0.1364,0.3008,0
961.5245,179.743,247789.1558,90,0.8483,0.1517,0.0,1
276.1794,48.7734,18425.0142,12,0.8964,0.1036,0.0,0
922.2593,81.8163,390173.2271,70,0.6274,0.1638,0.2088,1
170.2978,30.0902,6513.0648,11,0.8183,0.1817,0.0,0
1693.5393,168.0476,108568.4421,79,0.8638,0.1362,0.0,1
24.1739,47.8751,29932.5832,11,0.6195,0.376,0.0045,0
246.314,16.9843,6487.4643,16,0.5886,0.2592,0.1522,0
183.3151,15.5644,20754.2334,11,0.8932,0.0996,0.0073,0
51.9298,16.7223,29324.2127,16,0.8244,0.1756,0.0,0
672.2466,323.7383,458678.8915,32,0.7942,0.0653,0.1405,1
136.5441,8.0591,14195.794,16,0.6714,0.3286,0.0,0
44.64,33.1939,39261.7933,11,0.7948,0.2052,0.0,0
219.4842,47.1562,34478.2279,17,0.6865,0.1712,0.1424,0
245.2439,30.3047,49375.4299,3,0.7773,0.2227,0.0,0
183.4687,32.6323,41753.8944,16,0.5312,0.2786,0.1901,0
247.1722,26.4821,25300.2975,12,0.5138,0.2745,0.2117,0
1035.5986,310.0674,459011.1613,20,0.756,0.244,0.0,1
602.9076,300.3638,467241.1339,21,0.6279,0.2394,0.1326,1
799.8619,270.5867,94946.636,82,0.6031,0.0043,0.3926,1
95.6633,42.5055,20890.8646,10,0.5846,0.2061,0.2093,0
1684.8612,304.8666,387453.4657,38,0.9058,0.0942,0.0,1
1032.3076,324.8602,444430.0677,68,0.7277,0.1915,0.0808,1
126.9107,41.8593,20328.0867,13,0.6478,0.3241,0.0281,0
287.9822,6.4578,39427.1822,19,0.7852,0.2148,0.0,0
82.1403,47.1304,18011.3609,2,0.7998,0.2002,0.0,0
70.0257,28.9897,27392.8091,17,0.6802,0.264,0.0557,0
39.1322,25.9336,45694.5396,2,0.6037,0.219,0.1772,0
195.6211,32.4796,11487.4397,10,0.868,0.132,0.0,0
1153.0544,212.5905,115996.9164,95,0.8831,0.0914,0.0255,1
229.8305,24.2351,25554.5522,7,0.7906,0.2094,0.0,0
57.3945,15.3547,3743.8639,4,0.5355,0.2778,0.1867,0
59.9857,9.1539,29506.5174,14,0.8578,0.1422,0.0,0
174.262,26.936,7267.5716,18,0.5355,0.3313,0.1332,0
115.6715,15.7698,11454.0667,4,0.7736,0.2142,0.0123,0
181.2071,47.422,38769.5811,14,0.5046,0.1021,0.3934,0
1259.4036,462.0174,251155.7281,24,0.7561,0.2417,0.0022,1
96.7503,36.2436,47447.8078,8,0.5328,0.3293,0.1379,0
715.4242,134.1387,443260.7206,63,0.9893,0.0107,0.0,1
231.2419,25.7686,45180.4299,15,0.6993,0.3007,0.0,0
1173.7473,123.795,161478.4107,92,0.6328,0.157,0.2102,1
82.3074,2.6683,20011.8837,9,0.895,0.0954,0.0097,0
113.6196,12.3326,37995.5979,11,0.5776,0.1564,0.266,0
47.2062,31.9207,19908.045,5,0.7509,0.0808,0.1682,0
243.3034,9.8863,42094.5562,11,0.5305,0.3002,0.1693,0
250.3079,8.0483,18808.9649,13,0.8932,0.1068,0.0,0
130.5223,33.0687,19971.8287,11,0.5034,0.3848,0.1118,0
1230.0054,99.2556,361758.9493,98,0.8869,0.1131,0.0,1
1857.7494,367.2122,189939.7249,76,0.8889,0.0647,0.0463,1
1151.4846,357.3548,289780.7957,75,0.9889,0.0111,0.0,1
1064.3715,368.4725,84866.9074,56,0.8581,0.1419,0.0,1
952.8868,266.5781,489876.0044,89,0.7641,0.0503,0.1856,1
51.5271,12.5599,29389.6626,2,0.8498,0.1265,0.0236,0
685.6302,293.8703,460897.7934,81,0.762,0.238,0.0,1
664.1053,105.9308,93998.3761,25,0.7473,0.2229,0.0298,1
178.3271,26.4459,20854.4583,19,0.737,0.1298,0.1332,0
229.0577,41.0031,21219.4152,12,0.7376,0.2624,0.0,0
179.407,48.6306,17501.0771,5,0.6331,0.1206,0.2464,0
61.9878,38.8686,1481.2426,1,0.7488,0.2438,0.0073,0
411.7811,219.3086,394137.01,82,0.8844,0.1156,0.0,1
191.1752,17.1439,20124.6347,14,0.8978,0.1022,0.0,0
26.0909,24.6147,47665.4308,1,0.7675,0.1335,0.099,0
268.1056,22.9003,9282.1926,12,0.887,0.113,0.0,0
83.866,31.5678,30233.3884,17,0.7817,0.1495,0.0687,0
67.5064,4.0879,12136.7403,11,0.8983,0.1017,0.0,0
1665.7239,220.1137,149347.5617,64,0.6122,0.2073,0.1805,1
176.698,21.4736,34217.3992,12,0.5835,0.0829,0.3336,0
162.383,30.6161,34512.6247,1,0.6119,0.3881,0.0,0
37.0704,15.8837,19376.7108,1,0.8841,0.1159,0.0,0
241.077,49.491,39863.3371,15,0.6911,0.0558,0.2531,0
85.0623,23.9294,5809.8658,3,0.8066,0.1934,0.0,0
1538.2684,115.8835,289637.3032,36,0.9105,0.0256,0.0639,1
292.686,6.4872,7359.8682,16,0.6929,0.3071,0.0,0
1963.484,452.5653,81312.3437,38,0.7474,0.0531,0.1995,1
190.3504,16.0719,40157.2505,10,0.5377,0.2407,0.2216,0
1635.8869,420.5517,299087.1068,24,0.7912,0.2088,0.0,1
188.1769,12.3753,45733.3856,9,0.6137,0.0852,0.301,0
208.7414,23.1725,25866.0664,19,0.5372,0.3771,0.0857,0
126.6753,21.7808,15499.1222,3,0.5419,0.1873,0.2708,0
277.7706,31.4922,45738.646,9,0.5606,0.227,0.2125,0
96.5156,28.8382,30444.702,5,0.6724,0.0894,0.2382,0
179.3884,31.2574,8650.4356,4,0.7148,0.154,0.1312,0
54.941,49.7962,37209.3766,6,0.5243,0.143,0.3327,0
90.683,10.431,35178.7665,7,0.6417,0.293,0.0653,0
155.9214,13.0319,25186.2202,18,0.7018,0.1115,0.1867,0
262.0366,3.642,5543.0502,15,0.8127,0.1873,0.0,0
986.0982,384.085,382253.7826,46,0.9723,0.0277,0.0,1
209.2458,48.8326,44494.432,7,0.6816,0.1487,0.1697,0
103.9098,25.8453,2581.3492,8,0.545,0.1845,0.2705,0
203.0203,47.2582,26666.462,2,0.7476,0.2002,0.0522,0
17.5335,28.342,18472.2972,19,0.6295,0.3705,0.0,0
164.2289,18.0687,34252.2468,10,0.6046,0.1364,0.259,0
448.5816,302.3056,80268.579,55,0.6295,0.0009,0.3696,1
191.73,2.3398,49599.7649,10,0.7165,0.063,0.2206,0
464.8497,481.5001,151838.3004,29,0.6458,0.0799,0.2743,1
181.3655,37.2225,30865.7999,11,0.8648,0.1352,0.0,0
29.8209,7.4089,48794.5217,3,0.5449,0.1319,0.3232,0
119.891,29.7543,29061.8641,13,0.8284,0.1716,0.0,0
266.8661,27.6106,3913.6237,11,0.8073,0.1927,0.0,0
52.129,42.559,23546.0803,13,0.839,0.1425,0.0185,0
1911.8426,89.0637,456821.3921,93,0.6631,0.235,0.1019,1
1408.1575,182.2826,425571.4966,23,0.7684,0.0553,0.1763,1
1605.0699,465.9907,104892.6295,39,0.7302,0.1278,0.142,1
18.9885,49.3944,29145.4269,18,0.7181,0.1226,0.1593,0
63.8612,45.6044,1834.496,17,0.8293,0.1303,0.0404,0
173.9185,33.2614,4929.2571,4,0.812,0.1344,0.0535,0
412.8819,149.8878,198770.5641,57,0.6879,0.1435,0.1686,1
846.7219,283.4443,382541.2471,90,0.6142,0.0225,0.3633,1
693.4126,382.7497,443505.1299,17,0.8119,0.1075,0.0806,1
210.1368,4.748,48610.2628,7,0.7323,0.2677,0.0,0
1000.4808,455.3726,408656.4299,48,0.93,0.07,0.0,1
1042.653,315.7504,211365.1808,74,0.9774,0.0095,0.0131,1
1112.6428,165.336,488930.7956,55,0.682,0.0779,0.2401,1
23.7414,6.6709,36925.6766,19,0.77,0.1364,0.0936,0
182.1023,3.5272,22192.4413,17,0.7873,0.1092,0.1035,0
115.9598,17.4443,30528.0567,17,0.5676,0.3967,0.0357,0
238.3911,19.6707,21250.3132,14,0.8793,0.1207,0.0,0
42.5004,47.255,9336.8714,15,0.88,0.12,0.0,0
95.4193,23.7672,3447.7188,1,0.6419,0.0688,0.2893,0
31.6426,3.7042,25038.6889,19,0.68,0.0963,0.2237,0
628.3639,281.0487,158696.6832,58,0.9991,0.0009,0.0,1
18.7609,40.3941,39424.6639,8,0.7247,0.2753,0.0,0
88.52,39.1607,41073.7684,7,0.66,0.0734,0.2666,0
436.046,476.6409,130865.9738,32,0.8529,0.1446,0.0025,1
1624.0936,359.5811,482391.6965,28,0.67,0.1334,0.1966,1
173.9418,8.1392,33539.0325,15,0.7747,0.1721,0.0533,0
34.094,48.0991,46252.0474,1,0.5366,0.3556,0.1078,0
295.6635,18.3538,32266.7775,7,0.6297,0.2334,0.1369,0
30.7603,20.7879,10194.5374,16,0.8324,0.1676,0.0,0
35.733,18.1346,21280.8357,14,0.8819,0.1181,0.0,0
185.8452,27.5892,48351.6818,18,0.511,0.3299,0.159,0
164.6824,28.4831,30695.292,13,0.5504,0.1178,0.3318,0
81.1533,32.609,8149.4168,19,0.5017,0.3595,0.1387,0
202.2472,44.5751,41110.299,14,0.8167,0.1833,0.0,0
129.5104,35.0975,2309.2911,1,0.8765,0.0765,0.047,0
1569.29,97.0002,342739.8453,91,0.7466,0.1947,0.0587,1
81.0464,35.86,46333.4585,6,0.6242,0.3758,0.0,0
211.01,30.1925,14532.224,15,0.6224,0.0623,0.3154,0
91.2583,42.6035,6788.2254,4,0.8846,0.1154,0.0,0
17.2617,47.436,11874.7031,8,0.5855,0.2093,0.2053,0
911.5433,157.3595,235582.0803,22,0.9775,0.0225,0.0,1
163.2505,9.3491,2205.3006,17,0.6843,0.1336,0.182,0
174.0739,2.767,26684.9105,11,0.8452,0.1548,0.0,0
101.7021,12.9917,10592.1509,16,0.7979,0.2021,0.0,0
92.5169,33.446,36904.93,12,0.7452,0.1098,0.145,0
1282.6421,329.6311,446206.2221,98,0.9676,0.0324,0.0,1
192.0481,26.2755,30778.5462,17,0.8764,0.1236,0.0,0
271.9651,24.9592,24806.7996,13,0.8939,0.1061,0.0,0
61.7952,24.938,22778.1647,11,0.8239,0.1761,0.0,0
109.387,43.1499,41772.6609,6,0.8023,0.1977,0.0,0
1300.4954,318.5749,320452.0533,78,0.8746,0.0098,0.1156,1
69.2752,43.7518,33395.0403,14,0.7448,0.2552,0.0,0
30.6609,28.8228,49691.3614,19,0.7029,0.2135,0.0836,0
212.2094,17.1526,47750.8939,5,0.7092,0.2908,0.0,0
90.6626,36.0478,37185.6126,15,0.6879,0.0565,0.2556,0
17.4541,17.5914,21375.8924,9,0.8507,0.0515,0.0978,0
1226.9973,451.1271,359424.0821,99,0.7851,0.1751,0.0398,1
86.362,13.2071,42193.556,15,0.7385,0.0901,0.1714,0
232.8222,18.2744,32026.0511,4,0.5384,0.0648,0.3969,0
119.729,36.3884,15625.8247,16,0.6771,0.3229,0.0,0
92.3617,27.9566,21915.1513,18,0.7054,0.2946,0.0,0
79.2477,36.8566,34244.8692,11,0.5523,0.2962,0.1516,0
252.6178,17.4983,21552.038,10,0.7017,0.2285,0.0698,0
119.2529,2.8468,37189.3986,15,0.8085,0.1915,0.0,0
831.4771,270.85,391815.4047,97,0.8803,0.1197,0.0,1
113.728,33.5611,20597.0433,8,0.8275,0.1725,0.0,0
173.8726,13.2844,13343.6559,9,0.6672,0.1836,0.1492,0
128.9141,32.8724,25724.4344,10,0.7115,0.0794,0.2091,0
1051.0098,433.9229,334500.3333,62,0.9342,0.0639,0.0019,1
137.2583,49.7228,38909.8912,11,0.8405,0.0978,0.0617,0
918.9014,190.4321,371080.8512,72,0.6783,0.177,0.1447,1
496.2828,173.6147,353911.1029,86,0.9539,0.0461,0.0,1
182.3391,9.8412,49512.7712,8,0.7688,0.1447,0.0865,0
244.9845,23.2582,48623.2124,7,0.5651,0.3503,0.0846,0
94.9514,8.6049,19645.0371,12,0.8803,0.0896,0.0302,0
53.7158,6.143,49431.6013,15,0.8687,0.1313,0.0,0
1963.2214,126.1453,362071.2705,33,0.9983,0.0017,0.0,1
231.2672,6.7836,48946.9444,12,0.605,0.2161,0.1789,0
260.1389,25.3441,34818.7475,9,0.6595,0.2348,0.1057,0
704.0457,133.1303,401519.7695,82,0.8672,0.1328,0.0,1
274.6489,28.9273,21885.5454,4,0.8277,0.1723,0.0,0
1525.2863,150.0682,127081.1697,48,0.8496,0.1231,0.0274,1
227.3485,2.521,49414.9784,15,0.732,0.184,0.084,0
156.783,29.1241,48100.5715,16,0.509,0.1116,0.3794,0
116.2479,21.687,31614.4044,12,0.8582,0.1387,0.0031,0
293.2326,45.9485,11783.9689,2,0.8328,0.0879,0.0794,0
141.3038,1.1281,46216.3576,16,0.744,0.1081,0.1479,0
271.0806,14.8228,15616.263,18,0.7138,0.2546,0.0316,0
215.6895,42.8634,29237.4255,19,0.8773,0.1227,0.0,0
159.9357,22.0643,3344.2362,12,0.819,0.181,0.0,0
39.2208,44.2479,28681.8934,1,0.7216,0.1437,0.1347,0
39.5925,19.3987,2646.3129,16,0.7303,0.266,0.0037,0
1549.8525,156.3708,179875.1601,20,0.6203,0.2956,0.0841,1
945.6369,414.6689,229729.4549,67,0.8279,0.1682,0.004,1
615.5477,266.8437,386895.0809,48,0.9077,0.0024,0.0899,1
143.9009,23.1794,14536.9393,4,0.7599,0.232,0.0081,0
453.3286,232.6281,143100.1314,90,0.7209,0.1924,0.0868,1
145.6192,33.3858,17086.5613,10,0.5509,0.2346,0.2145,0
930.2866,164.4425,424444.2103,26,0.97,0.03,0.0,1
47.918,3.5596,12959.1339,8,0.8347,0.1653,0.0,0
154.7663,3.9127,26508.9776,2,0.8597,0.0658,0.0744,0
270.5263,4.8743,7910.7429,13,0.6205,0.0792,0.3003,0
220.0644,43.4696,5870.0423,12,0.539,0.1505,0.3105,0
42.563,9.2583,23406.6341,11,0.5542,0.0741,0.3717,0
924.3762,394.7138,449959.0512,42,0.9715,0.0285,0.0,1
72.9434,20.6863,38248.2756,5,0.5615,0.3836,0.0549,0
72.0109,22.4975,6175.3184,6,0.632,0.368,0.0,0
201.205,22.4353,32219.0852,1,0.8868,0.1132,0.0,0
153.2784,40.5572,46957.4763,10,0.7553,0.2447,0.0,0
246.0659,41.5208,31088.7076,7,0.8145,0.1855,0.0,0
266.8352,27.4223,1489.3025,12,0.8287,0.1447,0.0266,0
164.0832,31.8835,38193.239,4,0.5525,0.1415,0.306,0
265.3103,49.0884,45965.9165,11,0.6987,0.3013,0.0,0
62.2992,43.8437,12671.5787,19,0.7394,0.0928,0.1679,0
29.2307,48.2521,26152.0424,9,0.8096,0.1904,0.0,0
285.803,20.6382,30018.739,14,0.6092,0.3537,0.0371,0
1898.3213,368.7259,386910.5915,98,0.7881,0.1485,0.0634,1
78.748,28.6858,44479.1257,8,0.7251,0.0666,0.2083,0
120.4124,48.3658,47923.5264,13,0.5891,0.1923,0.2186,0
173.2731,43.6836,42506.0845,6,0.8558,0.1442,0.0,0
1986.3643,155.0137,470500.9633,96,0.9982,0.0018,0.0,1
71.432,1.3238,41138.7773,16,0.5027,0.3281,0.1692,0
176.712,37.1929,17155.8226,7,0.8407,0.1593,0.0,0
1616.108,308.1469,205867.2147,75,0.6955,0.0091,0.2954,1
104.1467,28.5044,6385.0107,2,0.5938,0.1129,0.2933,0
1820.2006,152.7814,455385.3977,46,0.8895,0.1105,0.0,1
894.5696,379.0362,476282.1203,40,0.8305,0.1695,0.0,1
160.5508,37.617,33344.3081,2,0.8119,0.1881,0.0,0
1456.6333,255.624,98467.9775,20,0.6661,0.1555,0.1783,1
92.1587,21.4664,1637.8553,6,0.8831,0.1169,0.0,0
1672.5456,340.675,199853.1506,50,0.9139,0.0861,0.0,1
1303.6786,357.1215,355806.6364,53,0.9168,0.0832,0.0,1
1980.3604,177.4721,489594.5478,80,0.7368,0.0025,0.2607,1
94.8156,42.4042,3698.9117,6,0.7952,0.2048,0.0,0
246.6114,23.2951,44483.7214,8,0.8432,0.1568,0.0,0
129.2489,40.3384,32936.6399,15,0.5603,0.0543,0.3854,0
175.456,39.3504,8459.0656,1,0.5434,0.2233,0.2333,0
54.7827,6.29,17839.1328,7,0.8855,0.1145,0.0,0
1438.4363,157.596,363201.6074,69,0.7606,0.2005,0.0389,1
215.732,34.7987,3330.9443,3,0.6419,0.312,0.0461,0
186.7518,39.2356,15938.3811,2,0.7814,0.2186,0.0,0
30.6276,24.394,34477.199,12,0.8024,0.1976,0.0,0
1440.7479,207.2817,237727.7574,68,0.7309,0.1136,0.1555,1
175.5096,31.002,32420.1369,15,0.764,0.118,0.1179,0
1326.6593,350.6395,213090.3945,60,0.723,0.0962,0.1808,1
1063.4279,331.3368,360725.8978,79,0.7905,0.2095,0.0,1
296.3207,8.0158,49052.9211,3,0.6715,0.1688,0.1598,0
137.703,11.5534,23550.0827,19,0.8807,0.0701,0.0491,0
225.3808,11.7534,11019.3591,11,0.5864,0.0743,0.3392,0
209.9077,26.3229,26376.7403,16,0.7197,0.2375,0.0428,0
1913.8672,328.7851,101841.5312,25,0.6618,0.2586,0.0796,1
1869.9908,118.2536,300917.3362,51,0.6228,0.2295,0.1478,1
1891.1794,438.6209,91993.5023,98,0.8013,0.1987,0.0,1
1662.3533,472.4907,489259.1463,64,0.9692,0.0308,0.0,1
53.2036,2.8644,3270.4048,3,0.6416,0.2694,0.089,0
276.5418,36.2572,39252.404,18,0.6103,0.1736,0.216,0
144.9217,38.4673,21089.9823,14,0.5781,0.2828,0.1391,0
40.3913,9.7365,48718.1266,17,0.7138,0.0675,0.2187,0
1322.8947,142.5275,300650.6085,49,0.8801,0.0724,0.0476,1
172.2577,24.8515,48058.7175,3,0.632,0.3619,0.0061,0
285.3761,1.7868,14202.6253,16,0.7041,0.2675,0.0284,0
211.3288,40.1061,36124.6359,6,0.6192,0.1299,0.251,0
915.7958,496.4127,144717.7934,46,0.6716,0.0676,0.2608,1
157.3101,2.6112,13341.9744,2,0.7056,0.2944,0.0,0
136.7671,6.9773,20705.0738,14,0.6775,0.3078,0.0146,0
239.1086,4.9739,7329.8754,7,0.5736,0.3771,0.0492,0
41.6361,43.7821,47639.6968,18,0.8025,0.1975,0.0,0
157.0841,27.2083,9886.4338,13,0.5211,0.305,0.1739,0
1794.9079,280.6723,342172.2259,52,0.8965,0.1035,0.0,1
1827.4039,263.4309,428899.1936,27,0.7445,0.1552,0.1003,1
263.179,31.2224,36769.5436,10,0.7136,0.1729,0.1135,0
89.648,33.7161,7729.6696,7,0.6679,0.3321,0.0,0
250.013,17.3618,45256.9255,8,0.6014,0.2286,0.17,0
216.2101,24.9598,1460.9821,2,0.5628,0.3237,0.1135,0
288.1177,25.6615,49142.1214,7,0.8258,0.0694,0.1048,0
50.5282,39.8204,20640.6404,17,0.8131,0.1869,0.0,0
727.6321,369.224,475428.9172,60,0.664,0.018,0.318,1
48.0215,28.4663,12629.7,11,0.7104,0.1965,0.0931,0
50.1368,24.1807,29300.3075,5,0.856,0.144,0.0,0
115.7271,36.2998,2026.4195,13,0.8097,0.1903,0.0,0
26.7516,7.0694,3834.9532,19,0.5565,0.2061,0.2374,0
299.0334,9.3175,34501.0725,5,0.7887,0.2113,0.0,0
32.2252,22.6622,34594.5997,10,0.5624,0.3803,0.0573,0
263.8354,48.381,37855.2706,15,0.6564,0.3436,0.0,0
114.8637,19.9072,23409.8824,9,0.5376,0.1567,0.3058,0
33.9917,13.5964,4689.1961,12,0.6279,0.2214,0.1507,0
37.2888,24.3265,42432.9879,3,0.7139,0.0699,0.2163,0
60.8038,4.6569,27099.319,12,0.6225,0.1529,0.2247,0
98.7274,25.531,22325.1467,10,0.6157,0.0692,0.3152,0
123.5392,37.9848,9822.1625,15,0.5374,0.172,0.2906,0
757.2958,178.637,160826.8698,16,0.8219,0.1433,0.0348,1
214.0836,42.4158,4194.5213,7,0.7195,0.0779,0.2026,0
293.6324,19.5965,9728.626,13,0.6154,0.1637,0.2209,0
146.7709,18.199,8747.273,1,0.7903,0.2097,0.0,0
188.0443,25.1523,4318.4518,6,0.8455,0.1127,0.0419,0
164.674,47.3243,32517.9151,7,0.5465,0.2413,0.2122,0
273.926,13.1145,14186.8645,16,0.8408,0.1464,0.0128,0
263.7568,47.4841,35198.6575,8,0.5332,0.3636,0.1032,0
630.3725,412.5094,337600.8404,62,0.9262,0.0738,0.0,1
1646.984,407.7694,462433.5004,36,0.9357,0.0147,0.0496,1
266.4023,8.3472,43460.4386,5,0.6074,0.1812,0.2113,0
168.5384,45.3114,13390.8807,6,0.7107,0.2589,0.0304,0
273.0017,9.6455,15161.6985,7,0.8511,0.1489,0.0,0
140.0078,12.0627,4091.0786,9,0.6785,0.294,0.0275,0
1773.7566,430.6571,445116.1101,78,0.971,0.0254,0.0036,1
193.6007,13.1577,11015.2804,18,0.5196,0.1167,0.3637,0
207.0407,39.918,21089.7603,10,0.7272,0.2728,0.0,0
101.5717,46.641,23715.4462,10,0.7222,0.2009,0.077,0
1626.785,459.8208,346885.9685,25,0.9987,0.0013,0.0,1
299.6603,16.0212,30672.7575,6,0.605,0.1806,0.2144,0
91.46,33.7297,38202.1236,15,0.7351,0.1237,0.1412,0
256.6548,41.1229,7251.6631,9,0.6667,0.3333,0.0,0
43.1913,42.5623,13377.6879,5,0.8838,0.1162,0.0,0
136.6336,41.5917,16461.4358,4,0.8027,0.1973,0.0,0
96.0919,35.2047,28297.7999,18,0.5503,0.0625,0.3872,0
1371.4736,355.6409,102680.9066,66,0.7062,0.2421,0.0518,1
284.5009,16.6823,22037.9441,1,0.8846,0.1154,0.0,0
240.1543,28.0897,15330.5926,10,0.5509,0.2872,0.1618,0
70.8767,46.5355,12464.3796,14,0.7542,0.2458,0.0,0
146.6332,20.1701,35666.0478,17,0.5124,0.0821,0.4055,0
110.3403,6.0821,11535.6142,4,0.6994,0.0756,0.225,0
47.1728,7.313,25849.2021,16,0.6274,0.1589,0.2136,0
174.5048,37.7923,4959.6541,17,0.7216,0.1182,0.1602,0
1489.3817,316.5123,254439.2855,66,0.6281,0.2205,0.1514,1
215.7297,12.1774,43776.4016,19,0.7374,0.2264,0.0362,0
103.0075,3.8439,20194.0991,6,0.5604,0.3562,0.0835,0
95.5674,13.2195,19100.4544,8,0.7349,0.1328,0.1323,0
179.8251,7.0661,8165.9676,10,0.724,0.276,0.0,0
1208.5503,457.1424,292391.5562,88,0.6085,0.2541,0.1374,1
30.8212,7.0277,11786.1784,15,0.5531,0.0999,0.347,0
899.6688,354.4419,208824.0393,84,0.9065,0.0935,0.0,1
1582.4205,324.0637,389911.4896,98,0.7055,0.1062,0.1883,1
15.9839,44.0013,25234.8883,17,0.6315,0.1304,0.2381,0
254.9212,49.7904,40498.6037,10,0.6374,0.2339,0.1288,0
264.9299,6.6372,37770.5312,13,0.7235,0.1418,0.1347,0
14.5836,31.3984,26339.2655,11,0.528,0.0927,0.3793,0
204.8755,49.6734,42006.1031,14,0.6527,0.175,0.1723,0
196.0112,46.4773,38057.1895,14,0.5195,0.3527,0.1278,0
161.8969,14.1804,26144.7686,1,0.7883,0.2117,0.0,0
72.7529,15.5258,13342.6996,18,0.7945,0.2055,0.0,0
108.3146,9.079,33332.0052,9,0.7923,0.1055,0.1023,0
57.7363,47.5898,49035.746,2,0.8287,0.1713,0.0,0
55.0652,27.9063,13816.0525,5,0.6365,0.3154,0.0482,0
1816.1755,172.1835,419669.3273,61,0.6822,0.2385,0.0792,1
156.7329,10.693,12586.9934,3,0.5788,0.0669,0.3543,0
246.3712,38.6053,40514.113,7,0.7136,0.1413,0.1451,0
187.0514,4.3951,3251.5546,11,0.7158,0.2842,0.0,0
21.6276,15.3052,38793.9549,9,0.513,0.3789,0.1081,0
101.0271,15.5911,46188.5415,17,0.745,0.255,0.0,0
198.7317,30.8917,17297.6669,1,0.6615,0.2026,0.1359,0
1724.2258,461.4019,408358.0517,38,0.9603,0.0397,0.0,1
720.9863,146.7549,354074.1635,98,0.746,0.1411,0.1129,1
29.4783,23.8689,20396.8181,16,0.6159,0.313,0.0711,0
943.8474,362.9657,202695.9342,94,0.719,0.1315,0.1495,1
79.7373,16.9344,4004.0048,3,0.8343,0.1657,0.0,0
195.3826,24.7197,19595.8036,12,0.5884,0.0803,0.3313,0
153.3011,22.7014,43314.2415,11,0.5354,0.0935,0.3711,0
250.639,45.005,19579.3892,11,0.7239,0.2761,0.0,0
646.4168,484.4989,378036.0168,80,0.6823,0.2655,0.0521,1
1823.5649,327.0829,332163.4026,35,0.7538,0.097,0.1492,1
36.5264,15.2194,8211.9429,7,0.7439,0.1925,0.0636,0
53.5115,35.904,29989.4812,6,0.7009,0.2687,0.0304,0
16.4976,32.4528,11343.493,16,0.8405,0.1227,0.0368,0
662.1693,148.2373,118300.1326,28,0.8015,0.1985,0.0,1
1672.7252,325.9382,444662.2573,22,0.9626,0.0374,0.0,1
233.3268,49.6815,14589.5134,7,0.5454,0.2505,0.2041,0
50.1154,29.388,38766.6549,18,0.6398,0.262,0.0982,0
825.2663,81.6683,443743.1509,65,0.6049,0.2452,0.1499,1
133.3705,10.8671,24361.9674,11,0.8317,0.1185,0.0498,0
898.3472,167.6437,233845.0637,68,0.8691,0.1309,0.0,1
34.9136,20.7951,2091.7383,6,0.6254,0.1325,0.242,0
50.6722,40.1591,49056.45,18,0.5507,0.3831,0.0662,0
1282.2463,337.6642,381709.5605,26,0.9227,0.0445,0.0328,1
117.3144,29.3896,24873.2581,14,0.6609,0.1014,0.2377,0
804.5699,492.6366,123031.5133,16,0.9503,0.0497,0.0,1
170.4276,22.7153,24801.0676,13,0.6689,0.3311,0.0,0
256.8007,10.762,23286.8726,9,0.5647,0.2212,0.214,0
51.0151,38.4002,41094.0675,17,0.6806,0.0969,0.2225,0
665.1339,130.1086,287669.6454,89,0.9874,0.0126,0.0,1
205.5166,46.744,46086.6399,7,0.7881,0.2119,0.0,0
1989.7097,386.8521,374673.6471,56,0.9075,0.0925,0.0,1
173.2578,48.9065,26786.0194,10,0.7016,0.0588,0.2396,0
49.8913,3.713,43736.8015,9,0.7432,0.0716,0.1853,0
1878.3768,427.9704,234472.4453,22,0.8475,0.1052,0.0473,1
210.6451,7.1831,24362.9491,17,0.6704,0.2719,0.0577,0
154.054,21.7751,38543.2974,8,0.6405,0.1171,0.2424,0
286.3545,25.3625,48404.8161,15,0.7429,0.0944,0.1627,0
76.6002,21.5278,9976.3899,14,0.7672,0.2328,0.0,0
201.5543,18.9716,5211.5214,14,0.8354,0.1646,0.0,0
19.5514,34.843,4602.9108,7,0.8498,0.1502,0.0,0
230.2965,46.6017,9854.7899,14,0.6812,0.3188,0.0,0
1270.6141,228.3244,454288.6537,16,0.7222,0.2602,0.0176,1
270.4926,36.6647,44022.9508,19,0.5061,0.0922,0.4016,0
1029.5518,330.3812,393955.9572,44,0.6559,0.2604,0.0837,1
281.9346,15.9893,17146.4871,3,0.5991,0.339,0.0619,0
87.5845,4.1367,48298.2066,15,0.7152,0.2848,0.0,0
158.9905,39.9045,32161.81,19,0.7888,0.2112,0.0,0
42.833,29.5722,21836.7921,2,0.8621,0.1379,0.0,0
109.8348,8.6309,22771.2071,9,0.6576,0.3168,0.0255,0
30.3677,11.0,4043.4681,16,0.651,0.1535,0.1956,0
140.1191,45.2043,14280.8337,9,0.8134,0.0745,0.1121,0
1610.9562,250.5617,438548.9802,91,0.6864,0.2503,0.0634,1
430.0199,210.6334,214735.4516,64,0.9201,0.0799,0.0,1
129.9853,9.4387,16436.62,4,0.8929,0.1071,0.0,0
922.5159,118.2199,181695.0445,51,0.765,0.04,0.195,1
134.8769,25.5145,24278.8475,5,0.7025,0.2031,0.0943,0
148.9492,29.5524,30605.7166,12,0.7453,0.2547,0.0,0
127.377,5.6029,17827.2435,16,0.8693,0.1307,0.0,0
1549.2543,219.5155,390037.7064,86,0.8817,0.1183,0.0,1
1591.6899,415.332,345597.1864,39,0.668,0.0474,0.2846,1
263.7514,39.0336,41362.3128,7,0.7802,0.2198,0.0,0
179.0667,33.8923,42296.0676,10,0.8118,0.1882,0.0,0
252.3148,39.0593,2480.2758,14,0.6116,0.0873,0.3012,0
88.5669,28.5808,41118.8685,17,0.656,0.344,0.0,0
1178.2785,157.42,448271.7155,83,0.9226,0.0273,0.0501,1
1058.3069,366.7366,178536.1482,60,0.7601,0.149,0.0909,1
39.4849,41.4355,34254.4412,10,0.8122,0.1878,0.0,0
272.9741,2.1964,36789.4451,16,0.8336,0.1664,0.0,0
924.9281,499.1303,289771.1651,57,0.698,0.2254,0.0766,1
962.1751,491.4413,210053.082,51,0.8904,0.1096,0.0,1
26.0647,4.2824,49732.0387,16,0.715,0.2513,0.0337,0
97.9984,4.035,27967.4977,4,0.701,0.299,0.0,0
1003.6565,474.46,226853.9053,56,0.775,0.0424,0.1826,1
109.447,35.8767,12258.8738,17,0.6012,0.2026,0.1962,0
281.0796,26.5646,23351.8692,2,0.874,0.126,0.0,0
281.7344,25.2477,9297.608,9,0.7906,0.0951,0.1143,0
142.3571,27.1553,7535.6192,4,0.7938,0.2062,0.0,0
117.7268,46.0788,30588.4513,9,0.7876,0.2006,0.0118,0
531.3947,425.7714,473647.488,46,0.6047,0.1723,0.2229,1
219.9911,20.9214,34927.3482,3,0.8605,0.1395,0.0,0
213.408,11.2109,3800.373,16,0.7686,0.1273,0.1041,0
196.8683,41.8087,14729.712,7,0.6835,0.2621,0.0544,0
437.0209,402.5545,395634.6612,40,0.8933,0.1067,0.0,1
665.8442,139.209,259874.3317,80,0.8007,0.0167,0.1826,1
37.6077,48.1529,4623.5334,16,0.8876,0.1124,0.0,0
20.7898,32.9536,12727.7622,1,0.8677,0.1323,0.0,0
846.3637,218.9015,483519.1047,89,0.9994,0.0006,0.0,1
1509.2087,125.2525,433813.7132,90,0.6398,0.1162,0.2441,1
153.9577,30.7157,42020.3405,1,0.6024,0.2879,0.1097,0
586.1054,145.8001,293042.6403,25,0.8167,0.0094,0.1739,1
741.9946,342.5406,263502.4939,34,0.9633,0.0367,0.0,1
138.6642,38.0181,40915.9571,11,0.5267,0.0737,0.3996,0
864.4228,337.5108,203248.587,31,0.7845,0.2155,0.0,1
1328.3711,240.2952,215459.1127,96,0.7799,0.1989,0.0212,1
288.4655,1.6117,8162.3918,13,0.5329,0.3582,0.1089,0
448.7577,108.1221,337771.2967,54,0.6427,0.2592,0.098,1
158.0909,29.5456,20889.9039,11,0.7389,0.2611,0.0,0
86.9119,26.4111,8276.8844,17,0.832,0.168,0.0,0
33.0566,26.1294,6639.8619,18,0.6639,0.3342,0.0019,0
234.5574,31.6514,780.8684,12,0.5272,0.1489,0.3239,0
1490.6479,185.7844,332959.4117,82,0.912,0.088,0.0,1
78.1782,7.4442,39056.7116,9,0.5501,0.3383,0.1116,0
259.0152,11.4384,45014.1288,2,0.56,0.3668,0.0732,0
203.5298,23.8114,49646.5837,17,0.6119,0.1083,0.2799,0
135.2702,7.6072,27048.7523,16,0.5448,0.1501,0.305,0
283.9935,29.8317,29785.7952,2,0.6991,0.0986,0.2023,0
273.8818,28.4935,24137.6619,5,0.8353,0.1647,0.0,0
847.6128,121.1575,123343.3195,20,0.781,0.219,0.0,1
1105.7828,324.4949,308420.1555,82,0.9162,0.0838,0.0,1
68.4512,14.9739,15248.6805,17,0.576,0.189,0.2351,0
171.0839,2.1379,29253.1224,3,0.6359,0.3289,0.0352,0
218.8626,21.605,13180.7811,11,0.5891,0.2884,0.1225,0
219.6509,4.2516,27012.2013,1,0.7702,0.1253,0.1045,0
1382.1789,160.9668,264806.4983,73,0.8938,0.1062,0.0,1
158.1194,8.4363,39646.199,19,0.741,0.259,0.0,0
129.8884,38.9108,7892.603,3,0.7837,0.2163,0.0,0
147.8916,26.8727,6052.7791,10,0.6335,0.2609,0.1056,0
34.8117,29.2921,21123.7624,13,0.7012,0.2423,0.0565,0
1128.3298,452.0805,284887.1254,34,0.91,0.09,0.0,1
217.493,46.8429,25557.4297,1,0.8731,0.1269,0.0,0
166.3588,25.5822,12434.5111,14,0.7668,0.1128,0.1205,0
74.0314,9.8867,32075.0103,6,0.6985,0.3015,0.0,0
221.2287,28.2943,46785.8633,14,0.708,0.2808,0.0112,0
36.4281,8.6375,9916.8422,4,0.7157,0.143,0.1413,0
220.6005,35.656,30407.1539,6,0.5881,0.1664,0.2455,0
41.7943,9.7955,27550.0576,2,0.7403,0.1944,0.0653,0
29.8824,20.6035,32337.5942,13,0.8152,0.0504,0.1344,0
1805.3105,173.3721,340863.2523,95,0.6049,0.1067,0.2884,1
161.2185,40.0119,25637.8326,13,0.6729,0.0944,0.2327,0
102.2927,15.7656,16385.0428,9,0.552,0.3906,0.0575,0
279.5933,34.1917,15364.4991,8,0.732,0.1004,0.1676,0
249.6439,11.7448,47211.8836,6,0.6605,0.1835,0.156,0
127.8856,23.2273,12327.2709,16,0.5932,0.122,0.2848,0
1291.4699,295.6349,166309.0055,88,0.9354,0.043,0.0216,1
219.5186,10.6037,42705.7474,9,0.8119,0.1881,0.0,0
1234.2816,318.0269,456042.1365,95,0.898,0.102,0.0,1
956.9402,496.4033,490547.5418,94,0.6747,0.0045,0.3208,1
289.642,11.6744,46598.5171,14,0.7457,0.1235,0.1308,0
211.7291,35.8725,30329.3862,1,0.5611,0.0922,0.3467,0
181.4952,35.0555,29238.4606,4,0.7567,0.2433,0.0,0
226.7848,19.9377,6262.9647,1,0.7492,0.2508,0.0,0
1750.6779,90.7855,106656.2359,41,0.7845,0.2155,0.0,1
298.6686,7.0023,1217.2616,10,0.7191,0.2809,0.0,0
47.2907,48.2607,11574.2682,19,0.5594,0.315,0.1256,0
142.0168,42.7783,8641.6723,19,0.6228,0.1367,0.2405,0
188.6976,24.6105,23060.1191,6,0.5896,0.074,0.3364,0
248.0064,47.7118,7736.2606,4,0.7526,0.1137,0.1336,0
126.7578,33.0853,43519.2131,19,0.6881,0.098,0.2139,0
68.784,35.5457,32172.9368,16,0.6004,0.0673,0.3323,0
280.2639,46.8481,48001.5149,17,0.8968,0.1032,0.0,0
239.2882,12.3138,18456.7143,1,0.5371,0.3384,0.1245,0
134.0768,33.443,32199.0731,10,0.6621,0.1033,0.2346,0
1475.6795,476.1536,237936.6183,78,0.7319,0.2288,0.0393,1
242.9714,17.9947,1500.4701,13,0.5989,0.148,0.2531,0
35.6472,42.6509,14356.7964,15,0.5239,0.2933,0.1827,0
971.2316,201.2114,305109.7695,65,0.7785,0.2215,0.0,1
1575.7255,321.2034,290949.874,83,0.7167,0.2133,0.07,1
246.5917,46.219,22733.4611,13,0.5243,0.3144,0.1612,0
1012.1996,167.9441,162735.3098,71,0.8224,0.1776,0.0,1
711.031,205.5796,135409.2009,89,0.6683,0.275,0.0567,1
1885.442,248.5991,191639.7053,96,0.8019,0.0486,0.1495,1
1355.2841,104.7452,369137.8991,55,0.6027,0.2849,0.1124,1
1204.5876,112.9945,132984.4995,71,0.6626,0.0517,0.2857,1
176.594,24.876,42100.7713,2,0.6505,0.3453,0.0042,0
180.042,3.976,10266.0747,19,0.6244,0.1308,0.2448,0
15.015,33.5733,20760.561,18,0.5467,0.3307,0.1226,0
231.7955,2.258,28364.1074,4,0.7327,0.0565,0.2108,0
114.6618,21.5331,23868.8097,2,0.8238,0.1762,0.0,0
43.358,21.4854,26483.308,13,0.7578,0.2185,0.0238,0
214.7779,3.1172,44283.2209,14,0.8413,0.1587,0.0,0
199.2056,37.8474,49715.7028,15,0.7784,0.1616,0.06,0
50.0193,44.3437,25342.9399,17,0.8186,0.0977,0.0837,0
216.3077,15.9337,7051.5776,1,0.8169,0.1831,0.0,0
1190.5952,167.1679,289062.4714,61,0.7091,0.1217,0.1692,1
832.5677,201.1801,482802.8021,33,0.6107,0.1759,0.2134,1
1185.3314,118.5621,491226.4727,88,0.6285,0.2022,0.1693,1
1674.8114,294.0613,237708.7587,81,0.8505,0.1495,0.0,1
158.9726,42.5536,41982.6225,2,0.5719,0.0643,0.3638,0
643.8099,435.7912,465705.9007,55,0.9092,0.0908,0.0,1
103.2521,32.9039,28425.4604,7,0.7965,0.1445,0.059,0
920.3175,411.6873,411686.8903,85,0.9462,0.0538,0.0,1
95.0493,37.2133,16566.3484,13,0.8373,0.136,0.0268,0
828.5155,130.163,249052.5656,89,0.7032,0.042,0.2548,1
111.9091,43.3653,14104.0674,4,0.6411,0.1704,0.1886,0
1377.5389,431.7869,465589.9506,39,0.9171,0.0829,0.0,1
64.6738,2.774,5040.0556,19,0.5721,0.1388,0.2891,0
14.4051,17.3117,11690.1868,13,0.7966,0.2034,0.0,0
21.4618,6.4466,24560.1068,4,0.7026,0.2974,0.0,0
252.4476,21.949,14092.0902,2,0.5428,0.0576,0.3996,0
91.5519,7.9037,42081.4129,10,0.7909,0.2091,0.0,0
188.8253,18.2165,20626.2319,5,0.683,0.2148,0.1022,0
299.3181,46.5117,40686.8502,14,0.5871,0.2956,0.1172,0
272.1368,10.6932,13964.4079,15,0.8173,0.1683,0.0144,0
696.1605,365.7105,405921.4762,45,0.93,0.07,0.0,1
295.8344,48.0121,3656.77,7,0.5487,0.2161,0.2352,0
224.3054,32.0585,1565.2181,14,0.7601,0.2399,0.0,0
164.1583,12.6606,15573.5408,14,0.7062,0.1361,0.1577,0
430.42,105.282,150782.7997,54,0.8457,0.1543,0.0,1
727.0984,227.6362,329754.7464,89,0.6696,0.0361,0.2943,1
173.2649,47.5192,3350.7158,5,0.6639,0.3361,0.0,0
245.3555,12.8029,40047.8873,8,0.7953,0.122,0.0827,0
16.6121,28.7574,37824.6303,9,0.5533,0.099,0.3477,0
124.2734,42.9941,19833.9433,12,0.6904,0.058,0.2516,0
26.9402,4.4499,41589.4869,13,0.6485,0.2608,0.0908,0
15.222,46.394,20716.2677,14,0.5752,0.3099,0.1149,0
1745.854,355.6458,153533.3095,80,0.8486,0.1514,0.0,1
66.4452,28.0221,27840.7513,8,0.5069,0.2999,0.1933,0
169.8001,21.7577,35504.7266,7,0.8208,0.1792,0.0,0
1202.9189,256.0389,393542.8359,30,0.722,0.2014,0.0766,1
634.9858,487.6427,147415.7962,21,0.7337,0.2222,0.0441,1
1061.7966,486.9892,212606.9532,29,0.6573,0.0585,0.2842,1
249.1004,38.2562,14446.1334,3,0.7678,0.2322,0.0,0
1771.4021,293.2985,238773.9782,23,0.8296,0.1704,0.0,1
509.1906,297.7214,419642.6095,55,0.7803,0.2197,0.0,1
1617.7799,426.6906,400648.5116,75,0.6952,0.0064,0.2984,1
1267.1026,137.2313,87702.3251,43,0.6672,0.0514,0.2814,1
241.2781,31.9261,48434.3923,10,0.7776,0.1724,0.05,0
150.2059,15.5254,11907.7364,7,0.7008,0.1412,0.158,0
30.1308,43.8924,12976.5955,8,0.7138,0.2862,0.0,0
1763.0931,279.1772,269957.932,18,0.9455,0.0545,0.0,1
292.2727,17.8243,9447.1633,19,0.8087,0.1555,0.0358,0
1219.6451,239.0818,160069.7685,38,0.7156,0.0349,0.2495,1
615.4151,309.3853,349619.0265,64,0.769,0.057,0.174,1
138.3702,46.7702,29502.3787,12,0.5808,0.2527,0.1665,0
10.4729,12.7584,30748.7135,7,0.8624,0.0597,0.0779,0
15.6326,6.0486,39564.7384,13,0.7013,0.1365,0.1622,0
270.4884,34.654,33691.5615,1,0.8934,0.1066,0.0,0
281.0581,4.5059,48256.4621,9,0.5582,0.0773,0.3645,0
44.4965,35.1624,32752.6899,6,0.6682,0.0665,0.2654,0
31.8459,40.471,45326.2992,18,0.8107,0.1893,0.0,0
222.1779,39.028,16057.1125,13,0.5684,0.397,0.0345,0
287.0513,42.7098,41406.2743,2,0.8793,0.1207,0.0,0
38.1388,34.0157,29960.7746,17,0.6107,0.1518,0.2375,0
1377.3651,228.942,320156.4873,60,0.659,0.1042,0.2368,1
182.7988,9.7411,28316.2195,14,0.5554,0.0744,0.3702,0
21.9634,26.1488,12633.1061,12,0.7868,0.0759,0.1373,0
284.5988,2.4269,14112.0503,9,0.8438,0.1081,0.0481,0
143.3851,26.6183,22614.3476,8,0.7803,0.2197,0.0,0
87.7104,1.3285,35310.0801,9,0.524,0.3508,0.1252,0
913.1763,366.9646,496455.5637,69,0.8989,0.1011,0.0,1
179.9797,4.8783,6015.4146,6,0.6003,0.1579,0.2418,0
224.551,33.3788,15369.4041,2,0.8228,0.1772,0.0,0
130.6869,45.4755,33223.1322,7,0.6139,0.2112,0.1749,0
111.7128,37.0109,1059.8266,17,0.538,0.1153,0.3467,0
173.5037,25.8553,49558.8724,9,0.536,0.2522,0.2118,0
456.8755,354.6573,479865.1207,62,0.8098,0.1902,0.0,1
1277.6442,229.3199,480650.3676,72,0.8654,0.1346,0.0,1
66.5029,48.9442,8340.5425,1,0.7462,0.1714,0.0823,0
174.5896,8.7646,44293.1189,18,0.7616,0.2384,0.0,0
277.6536,18.7621,1832.6488,3,0.6948,0.3052,0.0,0
980.272,188.0785,147942.8894,47,0.8788,0.1026,0.0186,1
28.304,30.7695,15672.3441,11,0.8095,0.1905,0.0,0
196.2663,18.9362,49072.9661,6,0.7395,0.176,0.0845,0
275.0614,43.354,22134.7257,9,0.5793,0.0842,0.3365,0
151.8029,28.5868,4305.0903,16,0.7561,0.2434,0.0005,0
651.7258,103.6462,242676.6505,97,0.6347,0.2177,0.1477,1
125.0003,29.2608,40859.8886,16,0.5588,0.2368,0.2043,0
130.1115,40.4287,34508.2404,17,0.7247,0.0924,0.1829,0
683.12,161.447,398723.2676,48,0.7028,0.1609,0.1363,1
144.1865,25.637,11710.7352,6,0.8576,0.1424,0.0,0
182.6117,37.3245,23803.523,4,0.6959,0.2161,0.088,0
1817.2964,403.5882,399288.3855,67,0.6228,0.2916,0.0857,1
293.1975,36.1549,39973.9646,15,0.8701,0.1299,0.0,0
671.3517,359.7527,203703.8176,82,0.8788,0.1212,0.0,1
196.3903,11.9227,49964.3464,6,0.71,0.0563,0.2337,0
168.2815,28.5453,16614.7907,4,0.8524,0.127,0.0206,0
1123.7964,103.6076,83407.3413,35,0.739,0.2326,0.0284,1
1909.9717,118.6524,348456.3145,82,0.9048,0.0952,0.0,1
226.6622,18.9305,35361.5595,11,0.7095,0.1702,0.1203,0
866.0168,337.6205,415009.7483,53,0.659,0.2227,0.1183,1
185.7334,23.7531,24664.7206,9,0.7186,0.2814,0.0,0
47.205,40.2079,25801.6729,7,0.6566,0.1785,0.165,0
42.9106,35.4335,13438.0522,11,0.8769,0.1231,0.0,0
924.4689,259.6366,371109.6789,76,0.9374,0.0626,0.0,1
101.0156,31.9554,6312.1232,15,0.862,0.138,0.0,0
812.6013,288.5206,251030.0204,17,0.9448,0.0552,0.0,1
1161.6922,130.3721,175131.4959,63,0.98,0.02,0.0,1
25.7444,26.6028,4370.2408,14,0.6279,0.2016,0.1705,0
166.7382,25.5296,38160.1459,2,0.6965,0.0799,0.2237,0
1948.0732,94.428,383327.3419,41,0.8842,0.1158,0.0,1
89.5312,39.5564,44073.9848,18,0.6717,0.0798,0.2485,0
1391.5433,473.1113,359282.3723,89,0.7893,0.1836,0.0271,1
156.0877,13.2944,46736.6707,12,0.8383,0.0587,0.103,0
251.4272,40.1806,1721.8762,17,0.7932,0.2068,0.0,0
68.4451,44.9799,17127.6698,7,0.5384,0.3236,0.138,0
25.8845,4.797,28214.4715,16,0.6973,0.3027,0.0,0
67.8875,34.0939,14782.2546,10,0.8423,0.1577,0.0,0
192.9645,44.4819,21095.5053,14,0.6043,0.1317,0.264,0
91.0945,24.1028,36100.7125,15,0.8972,0.0971,0.0057,0
266.677,10.8475,27351.3312,13,0.5501,0.2137,0.2362,0
161.7187,31.8226,43187.6766,19,0.621,0.2554,0.1236,0
92.6108,35.7818,18296.283,5,0.7322,0.2678,0.0,0
181.7401,33.1891,40978.3411,7,0.7295,0.2068,0.0637,0
425.218,97.4537,394309.2171,79,0.838,0.162,0.0,1
240.1651,38.2071,16937.1707,14,0.8335,0.1665,0.0,0
131.701,11.5888,25037.8395,13,0.6767,0.3227,0.0005,0
104.5374,9.33,14207.9811,17,0.7188,0.2787,0.0025,0
1655.9749,277.8172,351016.5168,93,0.7264,0.2736,0.0,1
279.2091,43.4237,12071.4847,17,0.6113,0.2199,0.1688,0
1859.1339,388.9545,436605.3285,28,0.9043,0.0957,0.0,1
186.0218,44.7117,31776.0856,15,0.867,0.0727,0.0603,0
98.6422,17.1814,27271.3263,18,0.5467,0.2877,0.1656,0
1953.3417,482.3778,238871.9506,42,0.7227,0.2722,0.0051,1
67.3234,44.6731,825.7779,2,0.8743,0.1257,0.0,0
810.8483,380.7985,404346.4083,82,0.6207,0.2916,0.0877,1
193.928,34.9734,41831.4867,3,0.7683,0.2317,0.0,0
114.8886,25.3239,20481.8189,14,0.7421,0.1183,0.1396,0
58.1379,49.9447,23146.2891,16,0.6162,0.289,0.0948,0
1359.8727,127.2616,283219.9186,97,0.955,0.045,0.0,1
100.4137,13.2441,21371.5696,3,0.6423,0.0802,0.2774,0
1689.2727,144.094,81575.6776,96,0.9496,0.0504,0.0,1
1239.3499,463.82,253848.6276,52,0.6639,0.0212,0.3149,1
88.5133,41.1625,22665.4342,7,0.6211,0.1327,0.2462,0
287.1031,21.8592,25502.8025,7,0.8211,0.1789,0.0,0
106.5314,39.9877,14915.1549,17,0.6061,0.3341,0.0598,0
124.2121,28.8236,47040.7,3,0.7533,0.2001,0.0465,0
144.8126,46.6242,37164.6934,3,0.5139,0.1096,0.3765,0
54.5477,1.3428,48949.595,17,0.7209,0.0555,0.2236,0
142.7571,41.558,28796.384,19,0.5053,0.2908,0.2039,0
81.478,45.4891,35556.3813,6,0.5539,0.1474,0.2987,0
280.5767,6.2829,17828.9688,17,0.6851,0.3149,0.0,0
198.1844,8.1603,46002.5595,7,0.7119,0.2881,0.0,0
151.7347,2.668,18457.5456,8,0.6245,0.3413,0.0342,0
206.0837,15.6131,30425.8259,5,0.689,0.1209,0.1901,0
15.1797,18.6095,5815.4487,1,0.863,0.137,0.0,0
195.428,27.2267,19771.0268,12,0.8394,0.1606,0.0,0
1169.6864,186.9217,173009.6635,35,0.8824,0.1176,0.0,1
43.7794,35.5459,5679.9592,14,0.567,0.3919,0.0411,0
1712.1366,158.3317,199615.0545,79,0.6235,0.2269,0.1496,1
270.5289,25.3353,41789.299,12,0.7774,0.1557,0.0668,0
15.4377,15.467,7033.9238,19,0.8673,0.1327,0.0,0
256.663,11.0239,9700.6083,3,0.7403,0.2515,0.0082,0
43.1135,44.838,32383.7147,11,0.6244,0.2475,0.128,0
625.4144,395.4848,238057.1167,96,0.745,0.0401,0.2149,1
275.0776,13.3049,38591.6675,3,0.8426,0.1403,0.0171,0
175.6518,12.8822,24845.4816,7,0.6804,0.181,0.1386,0
185.5013,28.5642,38324.809,19,0.6509,0.288,0.0611,0
292.1143,32.3256,10208.8646,4,0.5273,0.2734,0.1993,0
1486.103,324.7115,321270.2511,27,0.7315,0.2093,0.0592,1
1156.1911,291.1005,400759.9699,66,0.9041,0.0959,0.0,1
1365.5008,347.5263,331102.9518,99,0.8782,0.0209,0.1008,1
202.66,35.8632,12240.1379,14,0.8537,0.1463,0.0,0
48.909,13.9174,6001.4439,17,0.6699,0.3301,0.0,0
231.3326,18.8566,20692.0085,13,0.8339,0.1661,0.0,0
64.6824,36.9323,698.8294,14,0.7661,0.0609,0.173,0
35.1463,18.5664,46946.1777,5,0.5411,0.0516,0.4073,0
1950.4179,144.1194,462893.5277,83,0.6018,0.1021,0.2961,1
140.2956,45.2448,25017.8115,9,0.6375,0.314,0.0485,0
237.3387,18.0059,44450.0561,6,0.6551,0.3449,0.0,0
991.8673,230.1484,184440.6833,88,0.6633,0.0213,0.3154,1
120.6471,22.0422,36837.2881,15,0.7894,0.2106,0.0,0
1587.8001,198.7697,132441.3039,56,0.8639,0.1361,0.0,1
242.1948,42.5456,46218.3322,10,0.7455,0.1617,0.0928,0
123.898,35.4851,37482.1854,12,0.6013,0.1411,0.2576,0
1461.7449,494.3939,433579.609,65,0.9044,0.0465,0.0491,1
182.4249,5.6655,24817.0189,15,0.5666,0.0751,0.3584,0
133.7516,36.5558,14159.6239,4,0.7593,0.199,0.0417,0
17.798,23.0593,17579.7247,10,0.5326,0.224,0.2434,0
281.3072,47.5141,28132.4882,19,0.6556,0.3444,0.0,0
701.0984,109.8747,189961.6713,88,0.6041,0.0436,0.3524,1
74.2879,40.6091,13081.076,12,0.8761,0.1239,0.0,0
283.7217,32.4036,6353.2222,15,0.8444,0.1556,0.0,0
120.4855,19.077,2362.0564,3,0.8942,0.1058,0.0,0
232.9078,43.8543,9077.1318,15,0.8812,0.1123,0.0065,0
59.242,17.4083,41683.0189,10,0.799,0.201,0.0,0
1900.9105,425.7425,126568.7464,98,0.9805,0.0195,0.0,1
961.903,87.073,199292.5921,76,0.6392,0.229,0.1318,1
1252.2943,362.9329,234344.1078,62,0.6825,0.2854,0.0321,1
1269.8687,98.3855,326629.5342,39,0.7733,0.1795,0.0472,1
266.9328,38.7002,36713.0308,18,0.7209,0.0759,0.2033,0
1887.7553,124.0453,268971.9603,88,0.8381,0.1619,0.0,1
476.9926,301.0621,317547.4789,81,0.9434,0.0566,0.0,1
155.8393,2.5673,10840.0594,13,0.5024,0.1145,0.3831,0
900.2501,440.5889,133305.0346,16,0.8919,0.1081,0.0,1
279.701,37.4847,1500.8945,2,0.7832,0.1876,0.0292,0
245.6297,34.0311,16889.7164,17,0.5444,0.1929,0.2627,0
46.2279,32.7577,35719.5094,1,0.7572,0.2428,0.0,0
144.2777,41.9516,23799.4236,8,0.6203,0.3797,0.0,0
821.3279,441.0519,380271.7844,25,0.8001,0.1999,0.0,1
95.9269,17.6356,40307.8721,17,0.6996,0.1259,0.1745,0
299.9596,1.2393,940.9091,15,0.6087,0.3032,0.0881,0
43.9147,12.1369,11197.2866,18,0.6367,0.3298,0.0335,0
431.806,354.734,363639.6248,23,0.8239,0.0701,0.106,1
30.2532,1.3898,6537.0043,17,0.7357,0.2486,0.0157,0
36.2041,44.9472,49204.7952,14,0.6549,0.191,0.154,0
85.1926,32.2706,42200.3454,11,0.7201,0.2799,0.0,0
61.0801,30.9117,43533.486,3,0.5989,0.1829,0.2182,0
235.2397,21.5006,37067.5167,6,0.6761,0.3054,0.0185,0
1323.6465,220.3052,464107.0373,63,0.6042,0.2439,0.1519,1
1594.0893,261.3524,246160.9859,67,0.6534,0.2165,0.1301,1
193.009,40.038,17359.8346,4,0.6106,0.3894,0.0,0
258.0404,7.2342,3628.8184,13,0.6475,0.3281,0.0244,0
121.4539,14.0019,6916.4276,9,0.562,0.3169,0.1211,0
83.3886,41.3575,30589.5307,9,0.7189,0.1065,0.1746,0
25.8448,14.8134,44715.2953,4,0.5306,0.2743,0.1952,0
263.2784,48.2511,42933.0869,1,0.7886,0.1186,0.0928,0
1851.3907,197.1186,477929.8856,45,0.7737,0.1623,0.064,1
261.1894,48.3262,8367.1529,3,0.7539,0.1886,0.0575,0
33.5668,46.9129,42809.2895,3,0.7962,0.2038,0.0,0
508.351,156.9147,224731.4123,28,0.9163,0.0764,0.0073,1
98.7235,20.9116,15104.7576,17,0.5303,0.3065,0.1632,0
68.6131,35.0852,43725.9213,14,0.7289,0.1866,0.0844,0
175.8657,47.5543,39626.268,13,0.8865,0.055,0.0585,0
247.2527,48.1689,39007.5844,8,0.5127,0.2363,0.2509,0
37.3953,22.4579,23508.9424,12,0.6128,0.2241,0.1631,0
72.2976,25.5418,25921.5918,3,0.7245,0.1296,0.146,0
34.0515,28.3312,34832.0325,4,0.5525,0.2163,0.2312,0
35.0443,24.0323,39070.429,4,0.767,0.0784,0.1546,0
954.5848,161.7463,227070.3237,45,0.7439,0.0055,0.2507,1
20.4107,26.3218,15429.7755,18,0.6865,0.3135,0.0,0
1859.6986,241.4656,217710.4449,37,0.913,0.087,0.0,1
686.1919,258.0704,315564.3684,21,0.9173,0.0827,0.0,1
56.8414,44.0254,21518.3791,3,0.558,0.3476,0.0944,0
65.1278,15.7683,42943.7887,1,0.6762,0.1995,0.1243,0
156.8485,12.1746,11912.0786,19,0.8785,0.1215,0.0,0
21.6527,4.3323,18347.4385,9,0.7736,0.2264,0.0,0
1033.2554,496.6963,150935.0459,92,0.7243,0.012,0.2637,1
1941.8438,254.8652,382493.3638,97,0.993,0.007,0.0,1
466.0082,267.5697,275911.8343,33,0.9685,0.0315,0.0,1
1071.9811,98.14,328274.6391,43,0.9197,0.0803,0.0,1
264.1175,4.536,32846.8308,5,0.7385,0.078,0.1834,0
46.4272,18.6171,12141.6055,10,0.522,0.2902,0.1878,0
121.4489,1.4666,30471.7168,9,0.5001,0.3678,0.1322,0
802.7405,448.6567,388791.9181,57,0.9265,0.0735,0.0,1
1258.4934,252.0761,290477.9713,29,0.9402,0.0598,0.0,1
235.7312,17.7914,776.4833,5,0.8604,0.1396,0.0,0
182.9654,8.2639,37960.4632,5,0.5304,0.3579,0.1117,0
149.3762,47.8637,42563.2093,12,0.684,0.2543,0.0616,0
483.8099,366.7501,207226.1125,99,0.7059,0.204,0.0902,1
1388.5986,256.2906,355160.846,31,0.9985,0.0015,0.0,1
135.5695,4.8493,22598.7872,8,0.6349,0.1098,0.2552,0
248.567,29.2755,29083.9512,17,0.8776,0.086,0.0364,0
61.4268,12.3779,48344.9038,2,0.5363,0.0855,0.3782,0
452.3569,297.2038,370327.7231,80,0.9894,0.0106,0.0,1
137.0278,31.7995,47805.2166,9,0.816,0.184,0.0,0
163.5672,30.3977,13458.035,15,0.8341,0.1659,0.0,0
1717.0882,311.0606,112457.4403,21,0.8545,0.1455,0.0,1
107.7148,25.7446,6260.203,12,0.6416,0.1566,0.2018,0
148.0666,18.6836,9207.6061,16,0.7501,0.0762,0.1737,0
160.8209,40.4424,18841.8431,10,0.6556,0.1161,0.2284,0
102.2174,39.0943,3894.018,12,0.7111,0.2426,0.0463,0
23.3217,10.5417,37683.4168,11,0.7126,0.2104,0.077,0
274.8805,8.186,45187.4643,3,0.8388,0.1612,0.0,0
72.8272,27.06,38220.5522,17,0.5908,0.3343,0.0748,0
245.7426,16.6635,33124.0498,13,0.5423,0.1491,0.3087,0
89.943,12.4955,31569.1328,18,0.8704,0.1296,0.0,0
267.8673,30.8877,49655.0865,3,0.6308,0.2149,0.1543,0
687.0394,296.9534,344288.8954,68,0.735,0.2244,0.0406,1
260.9032,17.0418,2413.0115,14,0.7278,0.2522,0.0199,0
133.1853,12.5555,32524.2039,19,0.5368,0.1654,0.2978,0
205.8499,44.2998,9015.065,1,0.6995,0.3005,0.0,0
157.7746,1.6553,31528.6569,2,0.8659,0.1341,0.0,0
809.7787,270.2739,478792.3399,15,0.887,0.0267,0.0863,1
297.531,10.3858,2805.5366,7,0.8981,0.1019,0.0,0
1921.33,441.8379,202067.8834,18,0.6711,0.2011,0.1278,1
288.1379,15.2901,2352.3492,8,0.6535,0.1922,0.1543,0
1678.2546,418.8763,398409.3253,81,0.7595,0.1234,0.1171,1
246.7101,10.7667,22331.8118,16,0.8713,0.0637,0.065,0
86.4294,24.9831,32964.8201,17,0.597,0.1676,0.2354,0
23.7026,49.4783,44022.7773,2,0.8431,0.0675,0.0894,0
231.5369,24.4872,24422.043,4,0.6561,0.1937,0.1502,0
193.4489,5.9303,40345.0242,19,0.8604,0.1396,0.0,0
258.4181,28.5492,21872.0298,1,0.8411,0.1589,0.0,0
162.7642,12.9236,33441.5784,19,0.6182,0.0947,0.2871,0
89.1224,28.9168,46957.7223,2,0.88,0.12,0.0,0
287.2944,47.4655,36126.0355,17,0.7769,0.1206,0.1025,0
591.7233,442.0881,441267.7669,82,0.692,0.0157,0.2923,1
277.7606,38.6657,35665.0379,7,0.58,0.1262,0.2938,0
1435.7167,381.4218,190093.5548,84,0.8321,0.0305,0.1374,1
1466.2218,309.8175,115010.2759,96,0.9653,0.0347,0.0,1
1862.7384,469.6812,490507.9902,63,0.8662,0.1338,0.0,1
234.9605,19.6967,26359.0139,12,0.6206,0.0632,0.3162,0
100.5925,31.7824,534.8365,7,0.6592,0.2406,0.1002,0
93.7523,15.7473,34079.7414,17,0.5273,0.3524,0.1203,0
76.206,44.8857,25619.9359,19,0.5795,0.2492,0.1713,0
168.0451,11.9077,1824.3854,6,0.6483,0.1721,0.1796,0
69.7672,5.9146,49079.8218,16,0.8739,0.1261,0.0,0
554.5479,150.116,388053.119,76,0.9698,0.0302,0.0,1
68.391,27.6909,20745.7102,6,0.7513,0.2487,0.0,0
957.8355,357.0388,178019.5935,98,0.8045,0.1955,0.0,1
1403.9237,97.2754,153825.998,42,0.687,0.0417,0.2713,1
1566.6783,304.7546,377691.4707,93,0.9947,0.0053,0.0,1
113.7607,17.3232,36995.2508,17,0.7193,0.2538,0.0269,0
904.0041,289.1878,182091.8185,99,0.8343,0.1613,0.0043,1
210.9274,5.6843,19180.9366,2,0.6031,0.2408,0.1562,0
218.2005,36.3432,24456.9734,7,0.7112,0.1301,0.1587,0
124.8379,44.3094,13794.2203,10,0.8311,0.1428,0.0261,0
217.5078,42.3895,40515.9528,7,0.7367,0.1644,0.0988,0
156.0893,11.084,41247.358,19,0.8403,0.1596,0.0001,0
281.2606,24.3437,21634.9384,11,0.8512,0.1488,0.0,0
152.1573,32.8767,26618.0897,3,0.7809,0.2191,0.0,0
1519.1804,285.0441,116245.983,45,0.9432,0.0568,0.0,1
150.9957,26.8738,21506.4376,17,0.7686,0.1294,0.102,0
16.9034,38.0645,18246.5003,13,0.7523,0.0745,0.1732,0
485.9324,189.8507,221651.1325,18,0.7452,0.2346,0.0202,1
156.6402,39.2007,38543.156,15,0.5497,0.3061,0.1441,0
213.3685,26.614,43072.6626,1,0.7658,0.0917,0.1425,0
40.8527,10.5401,15238.5092,19,0.5167,0.2071,0.2762,0
263.9063,43.1707,20363.2601,10,0.5722,0.3363,0.0915,0
1740.3548,259.9871,192655.1741,38,0.7628,0.1581,0.0791,1
112.4679,49.3165,26654.7434,17,0.7597,0.2403,0.0,0
51.3457,22.6321,48722.4351,14,0.8488,0.1512,0.0,0
94.0729,27.041,18553.8954,1,0.6157,0.2112,0.1731,0
281.5208,26.2837,29671.0906,8,0.6287,0.2558,0.1154,0
253.8019,21.3169,5198.4013,19,0.7335,0.1499,0.1166,0
693.9676,256.2141,448705.3142,40,0.8749,0.0885,0.0366,1
203.9948,46.283,22667.2296,16,0.7908,0.1906,0.0186,0
38.986,47.2668,44729.1521,6,0.7456,0.2544,0.0,0
208.315,37.2732,38378.9543,16,0.7078,0.2922,0.0,0
600.9015,337.5138,435958.5178,81,0.7382,0.0729,0.189,1
19.912,11.5038,20049.7446,18,0.5655,0.3913,0.0433,0
1150.0417,309.0786,152731.5085,60,0.8131,0.1869,0.0,1
137.5575,45.2363,34843.6595,16,0.7441,0.2559,0.0,0
503.7874,198.971,110512.1884,90,0.9959,0.0041,0.0,1
606.4976,165.2197,314884.9024,63,0.8015,0.1268,0.0717,1
1309.3222,279.0817,98514.2438,33,0.9292,0.0708,0.0,1
22.7189,4.6787,11229.1582,9,0.8181,0.1819,0.0,0
196.1258,13.4568,6601.1778,2,0.6517,0.141,0.2074,0
64.7626,8.9346,46901.7128,19,0.6494,0.2206,0.13,0
1253.4865,107.2121,300836.0161,15,0.8945,0.1055,0.0,1
1873.08,439.6198,361195.9935,85,0.9832,0.0168,0.0,1
152.7244,20.2342,48497.0267,3,0.8409,0.1591,0.0,0
236.9932,6.4972,42626.8037,12,0.5803,0.3453,0.0743,0
589.2175,221.792,250047.4425,82,0.9245,0.0755,0.0,1
236.2874,47.9556,42012.7795,11,0.844,0.1481,0.0079,0
1699.0419,159.101,213289.8522,25,0.7249,0.0494,0.2257,1
192.7683,35.1397,23220.9512,12,0.527,0.0738,0.3991,0
906.3104,459.6237,161744.9106,15,0.8256,0.1744,0.0,1
293.3859,48.2907,1894.2024,5,0.8934,0.1066,0.0,0
215.9711,20.582,46128.6598,10,0.8164,0.1617,0.0219,0
16.8232,20.1483,11491.204,16,0.6555,0.2683,0.0762,0
227.1598,16.7822,11482.272,10,0.8961,0.1039,0.0,0
406.6192,191.942,99361.0829,89,0.7238,0.0489,0.2273,1
235.228,28.225,44663.5611,13,0.8361,0.1639,0.0,0
78.064,34.3719,7016.6739,6,0.5897,0.1778,0.2325,0
286.6914,38.895,20486.7498,16,0.8432,0.1296,0.0272,0
1353.885,284.7398,221701.4638,92,0.8502,0.1498,0.0,1
192.5798,17.0418,13415.4722,17,0.5285,0.3333,0.1382,0
147.7565,30.6045,11439.4393,3,0.5873,0.3518,0.0608,0
1843.5292,107.3898,326885.0183,34,0.982,0.018,0.0,1
178.4527,46.8947,13830.4199,8,0.8466,0.1534,0.0,0
78.6436,37.4699,45960.9518,14,0.5365,0.3993,0.0642,0
1120.2845,421.8906,246593.3097,47,0.878,0.122,0.0,1
139.0602,39.1521,2726.1609,18,0.7603,0.2276,0.0121,0
114.8455,49.2672,49889.4146,9,0.6314,0.2126,0.1561,0
255.4157,9.6357,20434.5629,7,0.7468,0.1707,0.0825,0
134.5388,23.555,866.5814,16,0.5581,0.2154,0.2266,0
168.7031,8.5228,14339.7025,11,0.5451,0.3255,0.1294,0
1624.4609,207.888,370557.0061,24,0.9362,0.0638,0.0,1
200.5792,32.6399,7067.509,7,0.6193,0.2442,0.1364,0
155.777,21.742,4637.3147,17,0.7449,0.2073,0.0479,0
155.7285,46.7869,8782.7084,2,0.8828,0.1172,0.0,0
68.461,33.3745,22490.2438,14,0.6564,0.0844,0.2591,0
187.5448,29.9943,9086.8005,18,0.8671,0.1329,0.0,0
46.9537,44.2544,22402.6165,8,0.5019,0.2304,0.2677,0
231.793,12.1143,47691.6481,8,0.6232,0.2202,0.1566,0
20.8271,6.5692,2522.4662,3,0.7303,0.2697,0.0,0
270.4548,34.2012,10654.5373,7,0.5981,0.2603,0.1416,0
210.9628,8.1952,7646.3906,6,0.6023,0.2438,0.1539,0
23.033,39.4866,9355.3368,9,0.5912,0.0827,0.3261,0
214.0748,17.7228,880.5185,11,0.7195,0.1136,0.1668,0
1080.5263,190.3584,341155.782,51,0.7727,0.2273,0.0,1
1307.8914,249.0372,100089.218,25,0.698,0.068,0.2339,1
46.61,8.1105,30491.9217,6,0.5457,0.1859,0.2684,0
66.6931,20.9302,32554.7123,7,0.5564,0.0752,0.3684,0
223.0401,8.2208,6059.176,17,0.8379,0.1621,0.0,0
77.3033,36.4934,20390.6352,3,0.722,0.2363,0.0417,0
746.6829,236.1299,145272.0476,86,0.9436,0.0564,0.0,1
1215.0195,386.8306,327645.3634,63,0.9521,0.0479,0.0,1
961.2773,277.6442,494905.3251,39,0.7436,0.216,0.0405,1
207.2176,28.869,15070.6737,6,0.6453,0.2863,0.0684,0
92.221,27.0988,37580.9236,12,0.8858,0.1142,0.0,0
134.7077,30.8486,13388.2689,7,0.5261,0.306,0.1679,0
223.1875,30.4572,23175.9702,19,0.813,0.067,0.12,0
286.6503,27.5762,22478.9236,13,0.6759,0.2671,0.057,0
1754.2498,86.6191,314441.8799,39,0.6925,0.2956,0.012,1
153.1169,18.6949,40352.7908,3,0.8397,0.1603,0.0,0
550.9781,415.526,349024.8021,85,0.8382,0.1179,0.0439,1
1235.5107,244.3111,324811.0086,30,0.7882,0.1763,0.0354,1
93.1122,2.1304,37970.4714,5,0.5681,0.2867,0.1453,0
295.5249,28.9965,25787.342,1,0.7617,0.2383,0.0,0
225.2476,22.5594,19587.0642,17,0.6031,0.2231,0.1738,0
630.2423,251.2476,285880.3222,18,0.761,0.0386,0.2004,1
766.7184,279.7691,327915.6895,74,0.9872,0.0128,0.0,1
188.1177,40.5614,41269.7985,10,0.8969,0.1031,0.0,0
217.833,4.2567,34265.5314,17,0.8,0.1845,0.0155,0
137.0717,27.3021,36827.9487,11,0.5084,0.3739,0.1178,0
505.1287,208.6905,447650.2381,62,0.7164,0.2188,0.0648,1
230.7305,10.2595,31429.8874,11,0.8324,0.1478,0.0198,0
107.8884,5.7554,4406.7508,3,0.6141,0.3809,0.005,0
61.634,32.4586,816.5137,7,0.733,0.0902,0.1768,0
110.4022,24.214,3188.0456,3,0.657,0.2636,0.0794,0
1415.5213,190.3465,252704.5019,57,0.9235,0.0765,0.0,1
129.4346,47.1526,30747.8056,7,0.565,0.2009,0.2341,0
238.3645,47.7429,6909.2261,14,0.6845,0.1399,0.1756,0
183.8821,10.4586,29390.0048,5,0.8925,0.1075,0.0,0
259.2639,12.5553,20313.8336,15,0.5449,0.0795,0.3756,0
219.197,6.1727,36157.3685,15,0.538,0.3352,0.1268,0
297.448,2.1006,12492.9158,2,0.818,0.182,0.0,0
47.1032,24.0192,40900.2253,17,0.5822,0.0783,0.3395,0
96.9782,30.8313,5821.0781,13,0.5586,0.274,0.1674,0
116.9747,39.5199,36126.875,11,0.8461,0.1539,0.0,0
160.6694,10.9186,12270.1413,9,0.7805,0.2195,0.0,0
1504.0911,426.0322,109155.0402,66,0.7228,0.2481,0.0291,1
22.4628,49.7117,49220.6376,13,0.7301,0.2358,0.0342,0
74.2922,15.4644,25598.7291,2,0.852,0.148,0.0,0
1369.5725,332.5771,248568.2148,69,0.6933,0.23,0.0767,1
1934.9986,248.6798,470246.521,52,0.8088,0.1253,0.0658,1
130.068,5.9591,47167.0279,9,0.5969,0.0558,0.3473,0
40.7233,46.8595,35564.4248,7,0.6994,0.3006,0.0,0
1276.198,220.6337,130217.3312,59,0.7738,0.0769,0.1494,1
299.8324,27.5327,20930.8197,16,0.8929,0.1071,0.0,0
189.7186,35.2247,40687.9203,4,0.8745,0.1255,0.0,0
176.005,44.1969,42194.5317,2,0.7099,0.2701,0.02,0
1993.3924,314.1634,389040.7803,96,0.6313,0.1898,0.1789,1
1432.5513,409.2255,111717.0501,23,0.9767,0.0233,0.0,1
1027.6211,373.186,141121.3754,92,0.8297,0.1474,0.0229,1
119.2629,41.133,49188.2738,1,0.5257,0.2582,0.2161,0
257.5539,20.5143,12366.342,4,0.8528,0.0526,0.0945,0
89.3731,31.6431,5407.3936,13,0.8314,0.1686,0.0,0
70.783,9.425,17490.3408,8,0.6798,0.1782,0.142,0
1066.7483,83.0835,319555.9187,84,0.6597,0.1729,0.1674,1
1576.3888,287.4719,150245.3333,87,0.8218,0.1782,0.0,1
74.9442,44.5223,41249.3117,13,0.7485,0.2515,0.0,0
108.3169,40.8967,36691.5289,16,0.5471,0.1242,0.3287,0
1821.2653,331.6883,363333.0653,56,0.7392,0.2307,0.0301,1
56.8578,32.7998,2607.6559,19,0.847,0.153,0.0,0
70.2279,34.1665,33800.543,13,0.7002,0.1459,0.1539,0
1403.5029,474.2516,176090.5874,38,0.9538,0.0462,0.0,1
1411.4677,349.7659,484529.8983,19,0.6815,0.1668,0.1517,1
218.1505,31.1866,16662.3174,18,0.8104,0.1896,0.0,0
66.6938,44.0847,26210.3403,13,0.5117,0.263,0.2253,0
1444.8294,353.6776,469834.499,25,0.8545,0.0907,0.0548,1
1700.856,161.9569,171457.2177,31,0.9087,0.0913,0.0,1
233.0424,46.5487,38797.7364,15,0.5316,0.1179,0.3505,0
733.5526,390.528,294040.6999,92,0.6179,0.2584,0.1237,1
1382.4775,372.8346,417464.6791,94,0.9356,0.0644,0.0,1
54.7421,12.54,35356.2899,16,0.5307,0.1615,0.3078,0
71.4049,38.2988,27645.354,10,0.6882,0.0857,0.226,0
291.8297,3.4791,6736.4373,13,0.6142,0.3858,0.0,0
1046.1736,495.0938,192636.4131,40,0.9136,0.0864,0.0,1
189.8327,3.2801,16065.5396,11,0.8285,0.1715,0.0,0
246.8778,10.9961,12534.5165,6,0.5607,0.3751,0.0643,0
34.6077,19.2455,36977.0182,2,0.623,0.1788,0.1982,0
122.4806,33.6904,29330.2468,18,0.7138,0.2202,0.0659,0
245.9637,10.8346,12536.4975,11,0.7042,0.2784,0.0174,0
68.6973,27.0193,8614.4357,13,0.6063,0.0986,0.2951,0
281.3483,17.2539,3767.3559,13,0.895,0.0686,0.0364,0
69.9759,41.5855,49534.3406,14,0.8909,0.1091,0.0,0
195.1556,11.7773,28961.3791,8,0.8044,0.1956,0.0,0
952.8733,416.8245,273676.0703,26,0.9994,0.0006,0.0,1
1084.5542,476.532,452227.1155,28,0.6162,0.2825,0.1014,1
1912.5461,176.4278,207532.1274,78,0.9891,0.0109,0.0,1
240.3925,1.6334,6438.4788,6,0.5421,0.1623,0.2956,0
224.2402,30.9374,11494.9208,15,0.663,0.1224,0.2146,0
1996.3199,404.1162,378615.8631,46,0.6245,0.2839,0.0917,1
160.4035,28.1702,569.9132,8,0.658,0.0817,0.2603,0
1968.0141,192.2526,87944.871,35,0.6334,0.2168,0.1498,1
214.5267,38.1197,10676.5714,1,0.5429,0.3613,0.0958,0
957.7961,116.5327,258435.8841,57,0.7879,0.0284,0.1837,1
1537.0854,216.0478,158628.3794,51,0.6609,0.0584,0.2807,1
135.6052,5.353,27090.9868,1,0.5299,0.1559,0.3142,0
198.05,18.9973,19904.6559,5,0.5061,0.3166,0.1774,0
833.7765,109.0348,195493.6397,33,0.9946,0.0054,0.0,1
294.6052,49.6086,23568.9719,14,0.7923,0.2077,0.0,0
93.1645,9.6675,29268.2271,15,0.5709,0.2007,0.2284,0
135.8703,27.8462,17058.2986,18,0.5936,0.0936,0.3129,0
801.9622,99.7239,111182.1495,90,0.9968,0.0032,0.0,1
281.8931,15.0047,10298.9019,16,0.6984,0.0745,0.2271,0
87.1869,31.4601,41796.6261,17,0.6517,0.1837,0.1646,0
281.7029,3.6633,18714.1893,5,0.7979,0.1029,0.0992,0
1345.6108,249.8367,320465.1333,19,0.9807,0.0193,0.0,1
1969.2803,389.1476,202621.6951,61,0.8537,0.0932,0.0531,1
134.304,19.0118,11406.3928,6,0.5126,0.1844,0.303,0
196.3916,17.8907,31058.6984,4,0.8717,0.1283,0.0,0
632.0413,420.8754,363537.9877,28,0.7533,0.2467,0.0,1
160.9327,37.7288,37239.2432,13,0.5564,0.2661,0.1775,0
232.3898,18.6839,39142.0059,18,0.5675,0.2461,0.1864,0
919.0642,499.43,123875.8281,83,0.806,0.1628,0.0312,1
60.4564,47.7396,1115.5897,8,0.6154,0.355,0.0295,0
981.1362,497.93,112800.7935,46,0.9536,0.0041,0.0423,1
188.405,36.2453,4964.4803,8,0.8301,0.1699,0.0,0
216.2372,29.6353,12412.457,2,0.5841,0.3726,0.0433,0
160.4689,27.1849,8123.1443,4,0.8783,0.1217,0.0,0
660.8304,357.2191,320427.9457,78,0.954,0.046,0.0,1
146.2423,11.2572,36879.4766,16,0.876,0.124,0.0,0
948.4527,288.874,217552.1149,97,0.6157,0.0182,0.3661,1
122.3439,1.6513,29296.3188,7,0.723,0.2025,0.0745,0
1781.53,269.1558,171264.992,98,0.7939,0.2061,0.0,1
186.9973,32.918,46149.8976,11,0.8199,0.1522,0.0279,0
1540.8893,137.027,329130.1282,27,0.9636,0.0364,0.0,1
111.6065,24.4467,26532.6129,9,0.7277,0.2326,0.0397,0
777.4489,204.3215,334798.2261,55,0.7074,0.0009,0.2917,1
147.0159,25.4042,34263.6161,18,0.6772,0.2612,0.0616,0
1362.3317,155.5988,321039.6311,76,0.6094,0.1072,0.2833,1
405.2736,433.4405,438065.8216,70,0.8947,0.1053,0.0,1
148.7631,9.5706,17189.6345,9,0.8708,0.0618,0.0674,0
64.9975,42.5081,23163.3006,19,0.5864,0.171,0.2426,0
254.8799,8.3282,6974.8142,17,0.8716,0.1284,0.0,0
234.6409,34.0524,30638.5777,18,0.5601,0.0607,0.3791,0
1588.0501,452.6289,404283.6569,61,0.7962,0.0399,0.1639,1
264.8414,40.4302,25749.0529,12,0.6926,0.2747,0.0327,0
1701.3475,224.948,419000.7609,23,0.8148,0.1379,0.0473,1
64.3841,43.6612,33104.5259,6,0.582,0.1494,0.2686,0
234.081,46.9506,26833.4376,3,0.8781,0.1219,0.0,0
28.14,3.3999,25723.6001,6,0.7858,0.1807,0.0335,0
1257.0699,426.3568,450473.8514,43,0.9582,0.0418,0.0,1
36.2679,5.6576,15563.3336,3,0.807,0.0953,0.0977,0
87.6181,5.4484,11859.5711,8,0.5074,0.2237,0.2689,0
179.5305,25.2786,29101.5431,12,0.6344,0.1661,0.1994,0
299.4863,37.0383,21442.2039,10,0.7967,0.2033,0.0,0
95.1963,1.1508,47938.0728,9,0.5582,0.183,0.2588,0
1834.2028,447.2263,296350.4636,91,0.949,0.051,0.0,1
102.332,33.4723,24056.6992,8,0.7381,0.0682,0.1937,0
269.9227,23.9858,1393.2314,7,0.8144,0.1856,0.0,0
892.5493,346.9191,282358.2799,52,0.7323,0.0635,0.2042,1
1315.2343,158.6103,340483.078,59,0.6737,0.0253,0.301,1
224.5694,4.2052,18280.3886,7,0.7653,0.1045,0.1302,0
83.9551,24.5353,25589.7336,6,0.6621,0.0706,0.2673,0
296.1465,35.3896,40691.024,19,0.8521,0.1479,0.0,0
279.3927,6.4145,35501.5271,2,0.6645,0.1098,0.2257,0
63.4004,36.5903,49432.0466,7,0.7863,0.2137,0.0,0
182.6049,8.1825,47042.0987,7,0.7806,0.0532,0.1663,0
248.7012,42.8522,16670.2829,10,0.5707,0.2304,0.1989,0
51.0753,33.9207,1164.0351,3,0.5421,0.3334,0.1245,0
251.0227,23.3689,34369.0703,3,0.8491,0.1509,0.0,0
1711.5662,248.8908,484050.391,87,0.6431,0.1961,0.1608,1
275.4213,26.1826,49947.2144,7,0.5339,0.1392,0.3269,0
175.0715,34.1778,9291.2745,18,0.8605,0.1395,0.0,0
151.0214,9.589,9249.089,6,0.647,0.0642,0.2889,0
104.6091,3.321,17009.4458,12,0.7234,0.2714,0.0051,0
71.2462,19.837,3194.1314,1,0.7339,0.0884,0.1778,0
284.0367,10.8776,17751.1222,16,0.8574,0.1418,0.0008,0
264.968,27.942,43278.2758,8,0.6133,0.1204,0.2662,0
858.431,100.6175,437512.2713,98,0.6673,0.2704,0.0623,1
1461.5477,109.4102,498215.6885,21,0.8465,0.1146,0.0389,1
214.882,37.3354,6649.1749,12,0.7781,0.1113,0.1106,0
184.5101,36.4076,41577.4257,10,0.6617,0.3383,0.0,0
165.7935,20.1012,28197.2073,19,0.5725,0.211,0.2164,0
242.2564,9.3379,26723.996,18,0.7507,0.1551,0.0941,0
236.5783,20.3587,21806.1307,4,0.81,0.19,0.0,0
29.0038,30.9002,43908.4322,7,0.8448,0.1552,0.0,0
32.9301,25.4999,8146.245,3,0.7537,0.2415,0.0049,0
186.7345,39.9456,44508.108,9,0.8454,0.1546,0.0,0
969.6108,315.9018,195665.5093,51,0.9565,0.0435,0.0,1
1917.8214,82.8013,413357.1318,81,0.7814,0.0833,0.1353,1
258.1844,43.4734,20860.6546,3,0.5371,0.1859,0.277,0
253.5308,35.3625,39788.056,7,0.5459,0.0605,0.3936,0
131.1096,42.0632,42536.5315,5,0.8955,0.1045,0.0,0
89.6993,42.9935,40528.0435,1,0.7132,0.2309,0.0558,0
197.9733,1.5187,45388.3301,7,0.6229,0.2354,0.1417,0
1508.7771,306.7985,297746.7708,83,0.8806,0.0015,0.118,1
28.2014,46.4385,6049.7211,16,0.6822,0.0843,0.2335,0
574.3802,432.816,459906.809,19,0.7005,0.062,0.2375,1
274.5395,15.4866,48198.3684,18,0.7567,0.2433,0.0,0
1080.1636,477.2509,97611.2605,79,0.6718,0.1231,0.2051,1
1358.6831,346.7749,307545.6989,59,0.8935,0.1065,0.0,1
198.5616,43.9349,2142.0562,12,0.8633,0.1367,0.0,0
54.7481,35.9773,33704.7606,1,0.5864,0.3414,0.0722,0
299.0594,2.1434,23720.9163,14,0.5303,0.0789,0.3908,0
1690.4892,254.7556,465852.3267,53,0.6507,0.279,0.0704,1
633.2661,86.3205,172015.4167,32,0.9375,0.0625,0.0,1
557.7533,477.925,377972.5084,70,0.7416,0.2063,0.0521,1
174.5453,22.41,7772.3969,4,0.7092,0.2612,0.0297,0
1734.7509,439.8791,132369.8337,40,0.9353,0.0647,0.0,1
136.7741,38.4427,15591.2222,3,0.6092,0.3081,0.0827,0
1151.3647,180.2801,190843.4003,49,0.7257,0.2096,0.0647,1
193.9139,22.3531,13752.2115,6,0.7435,0.1618,0.0947,0
1038.6099,202.0048,227262.513,79,0.911,0.089,0.0,1
1882.9602,151.7338,227761.588,63,0.875,0.0814,0.0436,1
128.999,4.7823,24466.2361,6,0.8934,0.1066,0.0,0
574.6817,233.1232,454944.3972,43,0.9119,0.0881,0.0,1
1001.583,338.4927,236032.6491,31,0.842,0.158,0.0,1
728.8925,196.9482,475730.8865,22,0.7782,0.1495,0.0723,1
225.8394,29.1876,15955.0965,8,0.5486,0.0964,0.3549,0
501.1011,252.7028,344475.6451,57,0.7232,0.2297,0.0471,1
1696.3871,276.4492,240829.413,61,0.9197,0.0803,0.0,1
97.8689,32.1844,25546.702,14,0.8778,0.1222,0.0,0
74.7636,30.047,45225.2369,9,0.6915,0.3085,0.0,0
89.2759,49.2273,30118.3486,13,0.7108,0.2318,0.0574,0
135.7831,13.1933,521.1803,10,0.6038,0.2713,0.1249,0
1697.5384,157.8563,469967.5572,19,0.9117,0.0883,0.0,1
79.3215,9.5927,16367.1289,15,0.7857,0.2143,0.0,0
822.3193,87.6603,334765.2481,17,0.7258,0.1538,0.1203,1
31.2413,44.1485,18557.1063,13,0.5628,0.0566,0.3805,0
256.2037,22.3184,44243.281,5,0.5498,0.218,0.2322,0
598.7775,403.8174,403559.2359,88,0.7779,0.2221,0.0,1
786.3171,308.783,254197.3621,76,0.8083,0.0858,0.1059,1
1035.1428,215.7538,381280.6202,71,0.9087,0.0913,0.0,1
225.1944,14.1192,15089.2688,3,0.5543,0.3237,0.122,0
24.9808,37.1524,13496.1832,18,0.8206,0.1794,0.0,0
1680.7547,493.09,471512.3611,40,0.6679,0.1134,0.2186,1
1460.5049,314.1087,268222.0275,21,0.6959,0.0825,0.2216,1
1071.5635,298.8412,162735.0564,82,0.7807,0.0664,0.1529,1
37.8051,30.4224,10570.6499,7,0.748,0.1475,0.1045,0
14.465,11.0854,32357.0526,9,0.6271,0.1886,0.1843,0
1781.3055,199.1589,249988.3662,85,0.6815,0.0369,0.2816,1
136.037,44.4726,4405.6816,2,0.7799,0.179,0.0411,0
75.4748,4.9979,15400.0848,6,0.6682,0.3129,0.019,0
152.305,1.3657,29705.1565,19,0.6005,0.2266,0.173,0
127.9882,38.4287,4905.684,15,0.8777,0.1223,0.0,0
190.6716,20.1298,28187.0137,4,0.6595,0.0661,0.2744,0
262.7086,33.217,22608.599,3,0.8226,0.1774,0.0,0
239.2953,28.2738,41408.5945,6,0.888,0.112,0.0,0
1654.7059,431.4589,338859.1113,66,0.8801,0.1199,0.0,1
160.8149,28.4714,20829.8785,3,0.63,0.198,0.172,0
1684.7477,234.3461,323542.5639,73,0.7378,0.2622,0.0,1
75.435,1.3437,15889.9734,16,0.5757,0.337,0.0873,0
24.9116,35.6665,19848.3348,9,0.7022,0.0843,0.2135,0
169.0258,23.4403,11158.0245,2,0.5299,0.0928,0.3773,0
208.9545,18.0627,2569.3068,7,0.7179,0.2669,0.0151,0
657.6917,310.0339,352161.2735,32,0.6121,0.1025,0.2854,1
276.3349,31.5859,8306.7807,18,0.5087,0.1383,0.3531,0
272.7926,3.5915,47850.6867,9,0.7356,0.0513,0.2132,0
194.5584,11.1373,33975.9564,7,0.6274,0.1737,0.1989,0
231.1745,30.7701,3780.3581,4,0.6959,0.3041,0.0,0
123.6551,2.9591,39825.1633,10,0.5158,0.2497,0.2345,0
263.6268,35.2217,27271.9702,2,0.6595,0.3405,0.0,0
265.5379,14.5874,17278.9532,15,0.7405,0.2595,0.0,0
66.5915,12.9843,47974.8045,5,0.8686,0.1314,0.0,0
90.0777,35.6724,30469.9766,3,0.6693,0.1782,0.1525,0
59.0971,32.1596,26823.8009,18,0.6635,0.1503,0.1862,0
141.4626,11.4774,12342.5437,3,0.8531,0.1469,0.0,0
55.0118,7.7324,30481.6638,7,0.7529,0.1637,0.0834,0
133.0257,6.5753,45168.9121,4,0.5408,0.2136,0.2456,0
893.5118,169.7833,192408.2189,43,0.6263,0.0457,0.328,1
970.2181,331.7026,459207.7836,86,0.6418,0.1836,0.1746,1
148.0146,25.5102,17306.5173,8,0.5708,0.219,0.2102,0
617.849,475.2215,283501.5604,19,0.6412,0.0003,0.3585,1
187.5039,4.1766,34217.3804,2,0.7456,0.2544,0.0,0
1067.7993,435.0412,275297.8513,96,0.8054,0.1506,0.0439,1
92.3792,46.9882,41464.1867,6,0.5275,0.2534,0.219,0
256.4389,34.033,13365.3995,18,0.582,0.2366,0.1813,0
204.9496,8.1343,7542.9467,17,0.6229,0.2136,0.1634,0
1870.258,150.3732,146166.3675,86,0.6099,0.2581,0.132,1
151.8764,8.3186,22875.3256,9,0.8088,0.0695,0.1217,0
142.3711,45.3291,19126.7626,6,0.651,0.3359,0.0132,0
155.6185,36.7965,28127.0458,2,0.7713,0.2212,0.0075,0
1537.8251,163.5589,474509.1206,36,0.7961,0.2039,0.0,1
1052.248,195.1315,87189.6777,54,0.9872,0.0128,0.0,1
200.034,1.9862,12860.4209,2,0.6659,0.1893,0.1447,0
236.4431,9.2907,31802.2078,16,0.6686,0.2344,0.097,0
206.5875,18.9634,5373.1925,8,0.799,0.0963,0.1047,0
531.9955,469.7602,113575.971,32,0.8151,0.074,0.111,1
140.4346,38.1718,15373.7522,12,0.6754,0.0688,0.2558,0
668.5198,230.4267,367829.1305,96,0.8563,0.0707,0.073,1
70.5983,36.2725,7339.0058,7,0.6042,0.252,0.1438,0
148.8753,36.1807,48799.1859,15,0.8229,0.1771,0.0,0
1226.8834,152.1884,326214.1232,86,0.9605,0.0395,0.0,1
1279.551,149.9049,400246.8221,35,0.6073,0.0925,0.3003,1
95.6409,30.2811,16091.3348,16,0.7532,0.2468,0.0,0
233.356,22.3666,38114.2363,5,0.6635,0.2907,0.0458,0
752.3182,334.6726,382640.8378,46,0.8849,0.1151,0.0,1
174.2425,43.1261,12056.0763,12,0.5538,0.0847,0.3615,0
190.0673,46.3723,26979.9962,6,0.8673,0.1327,0.0,0
289.893,27.649,18506.1061,8,0.7178,0.2822,0.0,0
234.4164,16.19,2892.8971,11,0.8375,0.1625,0.0,0
1023.1068,475.0499,156770.2714,49,0.6649,0.07,0.2651,1
1177.6679,296.2129,246679.3988,35,0.6849,0.1432,0.1718,1
108.2681,48.8613,34449.0385,6,0.646,0.1094,0.2446,0
956.749,411.5521,202914.1605,53,0.6068,0.1827,0.2106,1
239.3509,17.5085,7175.4348,5,0.6506,0.2319,0.1175,0
1944.9317,377.0282,198572.3511,29,0.9174,0.0826,0.0,1
1177.4676,209.1823,409034.5465,63,0.8981,0.1019,0.0,1
531.9183,149.9661,263321.6494,37,0.6979,0.1545,0.1476,1
277.0814,4.719,44096.3538,2,0.7901,0.2099,0.0,0
1785.2126,122.6674,298080.9246,25,0.6198,0.125,0.2552,1
229.8942,11.8434,12337.9402,2,0.8364,0.1636,0.0,0
1003.6276,450.4388,494737.8464,42,0.996,0.004,0.0,1
285.2833,36.3482,46124.2752,14,0.553,0.2082,0.2388,0
20.263,47.6736,8568.7787,16,0.8594,0.1406,0.0,0
1210.8981,399.9431,385163.6022,26,0.9826,0.0174,0.0,1
229.928,22.0421,1041.7932,3,0.8477,0.1523,0.0,0
770.391,237.6824,169861.8474,67,0.6307,0.2649,0.1044,1
89.2946,25.9186,16965.9476,14,0.7965,0.2035,0.0,0
1933.6678,453.3786,421057.955,66,0.6613,0.2414,0.0972,1
167.2857,34.2314,15536.8944,15,0.5305,0.3407,0.1288,0
765.0764,85.6737,473408.2121,62,0.6301,0.1283,0.2416,1
133.6424,49.6408,10649.6752,17,0.7606,0.217,0.0224,0
225.964,23.4354,7811.5789,7,0.822,0.1136,0.0644,0
128.3032,18.0064,11023.1097,6,0.6414,0.2697,0.089,0
281.3097,9.5639,15378.4938,5,0.8931,0.1069,0.0,0
157.8968,14.316,32305.1919,4,0.5404,0.093,0.3665,0
974.5317,199.0956,345553.7781,17,0.9115,0.0345,0.054,1
39.8523,5.7909,37349.6183,15,0.857,0.143,0.0,0
113.48,6.3081,46746.1795,16,0.5885,0.332,0.0795,0
269.0078,36.0384,6985.7797,15,0.5999,0.114,0.2861,0
194.2745,14.0831,28322.1489,16,0.5464,0.0989,0.3547,0
176.8525,32.4832,25489.4498,3,0.7823,0.2177,0.0,0
132.4816,47.358,33890.74,2,0.5689,0.3342,0.0969,0
135.0338,27.9652,26793.7887,17,0.6838,0.3162,0.0,0
420.8315,245.7602,93877.0461,37,0.9212,0.0788,0.0,1
21.2841,25.5135,9214.3535,15,0.7849,0.0884,0.1267,0
288.1707,41.1785,12977.0409,4,0.752,0.0697,0.1783,0
291.2464,44.5968,786.804,7,0.838,0.162,0.0,0
67.0718,26.7305,28552.6033,9,0.6784,0.2986,0.0231,0
550.7446,371.4698,84873.0441,59,0.8907,0.0962,0.0131,1
230.8372,42.5928,37168.2514,2,0.7142,0.2858,0.0,0
212.9844,29.8023,5490.4358,9,0.6367,0.0864,0.277,0
15.9069,47.7199,32789.9269,1,0.5859,0.2749,0.1391,0
28.8346,29.5718,18694.0866,12,0.5968,0.3945,0.0086,0
78.656,39.067,21443.9538,13,0.6972,0.3028,0.0,0
29.3021,28.6275,20465.1198,2,0.6419,0.2935,0.0646,0
418.7339,331.6598,476198.3098,79,0.9115,0.0885,0.0,1
295.3079,3.8938,39762.0123,17,0.7864,0.2136,0.0,0
25.6758,4.7573,41186.8277,16,0.6496,0.1936,0.1568,0
135.3743,18.1035,41049.3458,7,0.7798,0.1361,0.0842,0
1244.3877,136.1679,271366.0158,74,0.6095,0.2585,0.132,1
39.8501,49.6312,47857.5632,5,0.6889,0.3026,0.0085,0
37.1391,26.9972,17739.5302,7,0.7145,0.0996,0.1859,0
126.4113,13.3636,1953.9555,19,0.7749,0.1503,0.0748,0
293.7519,37.3272,45469.5971,18,0.6693,0.2841,0.0466,0
130.8524,14.7935,46513.2268,10,0.527,0.0804,0.3926,0
73.2633,12.039,27884.5579,11,0.5414,0.0935,0.3651,0
54.8699,11.1351,44067.7057,1,0.6005,0.1397,0.2598,0
1260.1766,453.4532,306737.4963,59,0.6979,0.1137,0.1884,1
1779.3932,250.3997,82923.4506,71,0.9402,0.0155,0.0443,1
19.0704,25.587,39073.3069,6,0.6135,0.2471,0.1394,0
98.3643,15.9102,31260.054,6,0.7753,0.2247,0.0,0
210.9038,48.5492,954.531,15,0.5158,0.1423,0.3418,0
60.1662,49.2102,40238.6639,2,0.8582,0.1418,0.0,0
237.9586,35.9162,2920.5836,12,0.7076,0.0626,0.2299,0
229.9807,14.098,30778.8079,6,0.8314,0.1686,0.0,0
951.8996,133.3607,117545.9325,24,0.6209,0.1409,0.2383,1
1033.4198,172.5375,445646.1327,25,0.7683,0.2317,0.0,1
291.7571,40.5924,36153.1766,15,0.7413,0.0881,0.1706,0
29.9,34.8395,2895.0947,7,0.5302,0.0606,0.4092,0
37.51,18.7024,42937.6612,11,0.5958,0.1771,0.2271,0
1767.3478,365.6841,207362.1036,22,0.6787,0.0981,0.2231,1
262.0256,47.4943,8245.5578,3,0.6427,0.1354,0.2219,0
1752.5329,387.6851,265409.2166,90,0.6168,0.2419,0.1412,1
255.8727,42.1824,23071.5633,8,0.5242,0.3556,0.1202,0
173.1046,9.9055,35337.5944,2,0.7471,0.2361,0.0168,0
1783.7574,152.7321,95804.8258,51,0.904,0.096,0.0,1
286.6165,45.0718,4364.2796,13,0.716,0.284,0.0,0
91.4937,21.9764,34298.9283,16,0.73,0.223,0.047,0
857.8924,345.563,499548.8087,30,0.9291,0.0709,0.0,1
1333.8252,449.5829,369930.9046,30,0.6813,0.2794,0.0393,1
152.8853,24.6574,28032.3179,10,0.6904,0.2556,0.054,0
84.6424,9.3278,48245.1654,11,0.5999,0.1856,0.2145,0
1786.2296,488.0417,358626.9363,17,0.8349,0.0149,0.1502,1
19.6867,25.5552,25812.8535,12,0.8756,0.1244,0.0,0
42.5873,13.0901,8396.5456,14,0.5039,0.1264,0.3697,0
276.4502,5.8916,48989.1036,17,0.6613,0.0512,0.2876,0
140.3643,34.1223,35399.2186,16,0.6713,0.2399,0.0888,0
98.1485,23.8785,15724.4208,5,0.6624,0.1398,0.1979,0
74.7989,12.1385,39060.4425,2,0.8206,0.1794,0.0,0
534.5154,293.104,264384.3022,17,0.9631,0.0369,0.0,1
86.1916,49.3448,6798.9955,13,0.7118,0.2168,0.0714,0
89.6588,28.8827,41578.2505,8,0.5479,0.3065,0.1456,0
1560.8882,94.7029,156281.0779,84,0.6367,0.0239,0.3394,1
260.8791,47.5571,15003.1166,7,0.8947,0.1053,0.0,0
170.4001,22.9883,36935.6655,16,0.7994,0.2006,0.0,0
245.1606,39.282,38771.7912,9,0.6591,0.2398,0.1011,0
64.7324,33.8042,39609.8133,17,0.6228,0.365,0.0121,0
220.4586,36.731,40825.6894,10,0.7626,0.2374,0.0,0
31.898,45.4566,20104.6301,5,0.6451,0.3098,0.045,0
1123.3526,482.4344,258122.7735,49,0.9369,0.0631,0.0,1
34.6089,2.7927,5275.4694,18,0.6625,0.1713,0.1662,0
35.4185,45.8021,49843.2479,2,0.6426,0.1809,0.1765,0
192.4674,29.4288,33168.9927,3,0.7527,0.2473,0.0,0
26.4771,9.044,5352.9179,6,0.7864,0.1843,0.0293,0
226.9171,14.3659,34849.3061,5,0.615,0.3065,0.0786,0
81.6496,27.4232,42395.2899,3,0.6421,0.2936,0.0642,0
287.2535,21.2307,48553.8485,2,0.6587,0.1617,0.1796,0
1447.221,348.979,158790.5798,45,0.8812,0.1188,0.0,1
41.6886,6.2906,16445.8609,4,0.5375,0.3073,0.1552,0
176.8276,38.8757,48226.6834,14,0.7595,0.1839,0.0565,0
114.7767,13.4079,3760.7664,6,0.7689,0.2311,0.0,0
107.2764,15.8593,45065.424,16,0.8457,0.1543,0.0,0
133.1797,16.8256,20540.6084,7,0.7728,0.0635,0.1637,0
112.0215,37.3132,27588.2931,5,0.8405,0.1498,0.0097,0
149.946,41.5444,37570.2169,7,0.5746,0.2696,0.1558,0
1312.1248,291.2037,82718.0392,73,0.6931,0.1799,0.127,1
80.898,32.9845,43829.353,4,0.6474,0.3526,0.0,0
193.7932,23.7404,42342.5387,11,0.7403,0.2597,0.0,0
178.0299,11.5145,27272.2692,19,0.8976,0.093,0.0094,0
766.5103,232.2953,141803.9486,42,0.9987,0.0013,0.0,1
45.8736,7.1533,8456.1396,17,0.5531,0.2173,0.2295,0
165.6802,9.8127,34983.1999,17,0.5912,0.1935,0.2152,0
219.5334,10.7615,7886.419,5,0.8703,0.0791,0.0507,0
856.6321,266.8204,369632.481,80,0.8911,0.1089,0.0,1
489.6582,410.9385,397907.44,20,0.6657,0.0384,0.2959,1
229.152,14.8996,34074.6031,6,0.8866,0.1134,0.0,0
1226.4293,457.2932,255438.1578,39,0.913,0.087,0.0,1
81.2142,16.1959,16426.1192,6,0.7615,0.2279,0.0106,0
67.7245,42.2305,14548.8897,3,0.6076,0.1776,0.2148,0
245.4082,17.6669,34900.4254,6,0.5075,0.34,0.1524,0
114.3805,35.5576,36929.9729,10,0.5088,0.1239,0.3674,0
1864.9727,380.2866,94554.9469,45,0.6073,0.2651,0.1277,1
25.0074,34.6222,39243.4401,10,0.5377,0.3898,0.0725,0
288.1595,47.7045,46561.4159,8,0.8337,0.1663,0.0,0
200.8294,21.9362,43017.2538,15,0.5506,0.2536,0.1958,0
172.6113,46.1021,19250.5284,9,0.7143,0.2857,0.0,0
432.9113,164.5318,426423.1193,53,0.6879,0.1899,0.1222,1
908.8454,290.9734,425675.3255,94,0.9029,0.0731,0.024,1
1994.7907,372.4559,144419.1922,73,0.9013,0.0987,0.0,1
1790.0489,393.9304,457559.6363,22,0.8517,0.0374,0.1109,1
1055.7305,461.9494,293943.7468,27,0.688,0.1325,0.1795,1
239.4286,1.0338,43808.1413,13,0.7367,0.0627,0.2007,0
223.9613,33.0679,31289.4911,12,0.8277,0.1723,0.0,0
137.7093,32.1485,43114.4103,10,0.7389,0.1779,0.0832,0
465.2401,402.5124,299855.6151,37,0.6941,0.1642,0.1418,1
1546.0566,450.9375,98985.5709,46,0.8587,0.0547,0.0866,1
457.9557,420.8931,421457.3717,42,0.6511,0.1059,0.2431,1
1670.7773,430.9962,284992.5022,42,0.7701,0.065,0.1649,1
218.6006,30.4429,35642.1594,8,0.5934,0.3223,0.0843,0
22.5208,30.6378,24581.103,4,0.7941,0.2059,0.0,0
570.9437,390.6046,443452.189,82,0.7828,0.1545,0.0627,1
260.2486,14.9833,27265.8824,14,0.886,0.0749,0.0391,0
227.1339,22.6706,1254.8937,10,0.684,0.2313,0.0847,0
1152.6781,190.1788,246401.5941,27,0.9593,0.0407,0.0,1
1269.8665,254.674,204322.3794,81,0.8436,0.0553,0.1011,1
164.1092,28.9081,24572.5161,15,0.6387,0.2544,0.1069,0
14.0415,33.4474,25646.5376,1,0.6336,0.2564,0.11,0
179.383,8.8002,49959.9768,7,0.7367,0.1811,0.0822,0
130.1626,16.1739,28790.0068,4,0.7203,0.218,0.0617,0
199.2306,23.8045,20477.5601,6,0.5084,0.0855,0.4061,0
248.5491,45.9631,8863.1565,6,0.7888,0.2112,0.0,0
503.7843,386.9229,209800.8431,27,0.8601,0.1399,0.0,1
1945.2873,434.3308,226439.4059,97,0.7446,0.2554,0.0,1
60.6941,36.5701,29861.5969,8,0.5909,0.3991,0.01,0
76.7621,43.4877,15959.3,6,0.8742,0.1258,0.0,0
112.4245,30.8856,7681.2507,16,0.7846,0.2154,0.0,0
271.3426,4.1618,13472.8619,5,0.7555,0.2445,0.0,0
872.9319,183.9555,117299.358,64,0.9534,0.0466,0.0,1
187.5441,11.9991,17245.1467,2,0.5512,0.3597,0.0891,0
198.0852,2.3236,30590.1136,9,0.6275,0.3725,0.0,0
743.1347,336.4413,446356.4219,94,0.6946,0.1788,0.1266,1
136.0983,42.2295,35603.4631,7,0.8838,0.1162,0.0,0
224.159,43.6749,25253.8402,3,0.7641,0.1449,0.0911,0
47.6296,7.9983,43640.805,14,0.5755,0.0978,0.3267,0
35.2675,25.3515,47747.8116,18,0.6946,0.2708,0.0347,0
1219.5198,229.0565,290454.3001,60,0.7438,0.0367,0.2195,1
68.7766,32.298,6271.208,13,0.7227,0.199,0.0784,0
554.4757,408.7713,199387.2542,66,0.9929,0.0071,0.0,1
949.2805,166.8967,120786.7139,56,0.8701,0.0791,0.0508,1
653.6511,484.4949,124120.8576,80,0.6708,0.2869,0.0422,1
21.1409,20.999,32315.4455,12,0.7222,0.1507,0.1271,0
89.7416,19.481,34283.8416,14,0.705,0.295,0.0,0
66.4577,30.7229,42435.7541,15,0.5359,0.1089,0.3552,0
770.3142,441.1593,341664.4076,31,0.9318,0.0682,0.0,1
21.304,17.8637,37023.0711,19,0.5869,0.2982,0.1149,0
779.5592,238.4942,181979.9568,44,0.7949,0.2051,0.0,1
286.101,28.8309,4723.6495,16,0.5391,0.216,0.2449,0
151.1459,20.4611,40138.3147,5,0.5923,0.0832,0.3245,0
884.9404,355.8302,499063.3152,15,0.981,0.019,0.0,1
68.5415,2.7709,14715.7621,8,0.7606,0.2394,0.0,0
114.4154,7.02,16265.1941,16,0.5829,0.2222,0.1949,0
267.1272,28.7128,40263.7176,4,0.723,0.1304,0.1466,0
178.7009,13.0049,28017.1695,1,0.5356,0.3237,0.1407,0
118.4294,36.5234,32346.9631,9,0.6279,0.3397,0.0324,0
73.1728,23.683,13608.0073,13,0.8784,0.1216,0.0,0
212.5443,43.9396,44646.0221,14,0.5497,0.3352,0.1151,0
55.0987,6.7801,11334.8537,13,0.8627,0.1373,0.0,0
1981.0143,311.6635,129649.6221,54,0.9184,0.0816,0.0,1
153.4341,35.1044,45002.9674,4,0.819,0.181,0.0,0
147.9391,40.9796,36774.748,14,0.748,0.1479,0.1041,0
1020.1089,204.0734,284887.6597,58,0.644,0.2013,0.1547,1
13.0154,28.3309,39383.3645,7,0.5431,0.3619,0.0949,0
1722.3218,84.6075,379970.8183,23,0.7227,0.2773,0.0,1
139.6664,30.838,35694.9937,14,0.6945,0.2591,0.0464,0
280.8923,37.2311,20595.3193,4,0.5347,0.0578,0.4075,0
84.638,26.211,7672.5329,3,0.5519,0.3831,0.065,0
1635.8635,365.1566,446616.1333,64,0.802,0.0306,0.1675,1
1238.4345,117.8838,390752.9118,55,0.9313,0.0687,0.0,1
1088.1633,258.3995,421988.2035,54,0.9984,0.0016,0.0,1
23.738,25.8317,37945.6639,14,0.7376,0.093,0.1693,0
1995.6667,251.1478,161740.5396,15,0.6605,0.2883,0.0513,1
193.6133,15.2054,34506.3895,15,0.7332,0.1635,0.1033,0
1849.0895,86.6537,474592.9414,91,0.8395,0.0511,0.1094,1
140.3935,48.8167,18787.72,17,0.5957,0.1704,0.2339,0
1698.0681,282.7602,316218.0552,17,0.6175,0.2959,0.0866,1
23.0396,31.1932,8036.6648,9,0.8858,0.1142,0.0,0
1445.0185,227.1669,373771.7468,95,0.8111,0.1889,0.0,1
89.499,2.1407,46585.5407,11,0.7693,0.1374,0.0933,0
1411.7093,115.1858,170350.7767,78,0.7757,0.064,0.1602,1
36.8993,31.9833,3023.8426,14,0.6153,0.2681,0.1167,0
994.7132,117.8772,463886.4996,94,0.9084,0.0433,0.0483,1
198.7569,49.6806,22802.4017,3,0.5668,0.2787,0.1545,0
38.0214,45.5946,20514.9783,15,0.5807,0.0923,0.327,0
1406.2832,490.1815,450422.658,90,0.6188,0.0289,0.3523,1
241.4483,42.7917,23401.3314,16,0.8404,0.1596,0.0,0
115.6636,20.6656,2604.9509,6,0.5595,0.3471,0.0934,0
133.8102,42.1635,31098.5991,17,0.5473,0.192,0.2607,0
171.2311,6.7421,19071.1325,18,0.5834,0.1673,0.2493,0
1492.0463,305.2737,244804.0596,28,0.998,0.002,0.0,1
1816.2061,171.1374,250543.3004,62,0.7034,0.1052,0.1914,1
89.3459,46.4434,39002.6088,10,0.8385,0.1615,0.0,0
825.0913,472.6269,298517.9804,63,0.7892,0.0085,0.2024,1
50.1032,36.0941,17325.5253,3,0.5461,0.0607,0.3932,0
1698.7931,144.5065,110799.5577,98,0.9332,0.0668,0.0,1
1579.3889,400.9113,339450.4164,45,0.9748,0.0181,0.0071,1
124.8305,49.7163,4873.7466,8,0.5167,0.2194,0.2639,0
108.3193,26.0656,13996.765,6,0.5677,0.2535,0.1787,0
297.2734,40.2452,48997.4745,18,0.7926,0.1859,0.0215,0
1543.7414,444.3769,479058.3966,33,0.9476,0.0524,0.0,1
123.2295,6.3068,47799.3486,5,0.8718,0.1282,0.0,0
1620.3008,473.3541,412259.8543,86,0.6597,0.1486,0.1917,1
159.8066,34.7705,11971.7984,11,0.7732,0.2268,0.0,0
269.7619,17.2098,28711.4268,15,0.5331,0.0725,0.3945,0
80.8195,48.3429,21937.0821,16,0.6048,0.1366,0.2586,0
180.669,21.3625,34235.6832,15,0.8167,0.0584,0.1249,0
117.4304,20.769,18110.9797,15,0.8237,0.1763,0.0,0
82.0053,13.939,26431.4143,3,0.7573,0.1208,0.1219,0
1746.7451,322.2254,187874.3525,78,0.9138,0.0862,0.0,1
115.0304,47.8666,4838.5205,10,0.7219,0.2781,0.0,0
1261.5698,369.5566,144324.829,87,0.675,0.0921,0.233,1
20.6869,1.8684,4678.6451,5,0.8875,0.1125,0.0,0
17.2093,15.8146,45666.5962,17,0.8142,0.1858,0.0,0
285.5177,48.1338,21726.2422,1,0.5915,0.3072,0.1013,0
137.3618,44.5412,33290.3288,13,0.6979,0.3021,0.0,0
727.661,179.6915,334113.3456,22,0.9982,0.0018,0.0,1
28.0204,14.0238,16339.9173,2,0.6279,0.165,0.207,0
291.2338,5.2564,35428.9381,4,0.5637,0.3429,0.0934,0
181.316,19.9917,39252.5215,3,0.6627,0.3103,0.027,0
132.8137,5.2041,48126.2935,16,0.5546,0.3519,0.0935,0
133.4827,29.461,49810.1619,9,0.7802,0.1317,0.0881,0
500.2906,434.4309,277155.9966,68,0.7167,0.0384,0.2449,1
59.8084,19.0567,32324.896,4,0.8848,0.1152,0.0,0
284.098,22.3703,12395.3666,9,0.8353,0.1165,0.0482,0
110.3585,14.1382,45557.9239,11,0.8939,0.1061,0.0,0
1730.2891,133.3818,412185.2526,92,0.6745,0.1414,0.1841,1
161.0829,43.2959,43086.5878,8,0.7441,0.2082,0.0476,0
169.7284,12.4471,8219.134,9,0.7205,0.2795,0.0,0
270.2233,5.9858,16838.645,1,0.5248,0.1751,0.3001,0
154.5286,1.5669,20233.8425,15,0.8978,0.0573,0.0449,0
128.3654,37.9653,23118.343,1,0.6088,0.1781,0.2131,0
1257.5806,356.5906,279926.0458,56,0.7637,0.0202,0.2161,1
1337.045,439.3821,445629.9029,34,0.9573,0.0427,0.0,1
255.4395,13.4191,49621.0549,1,0.6788,0.3212,0.0,0
263.779,15.0863,9055.9491,14,0.5329,0.2944,0.1727,0
60.1489,41.126,3178.1358,7,0.6901,0.0845,0.2254,0
73.6562,10.9427,38113.0856,15,0.552,0.161,0.2871,0
22.3128,42.3004,17456.93,3,0.5466,0.2035,0.2498,0
1834.018,265.0445,278660.8665,17,0.9763,0.0237,0.0,1
54.4057,9.2158,46068.6872,4,0.8386,0.0587,0.1027,0
55.8687,11.4541,6253.3227,18,0.8731,0.065,0.0619,0
236.1623,23.2983,1231.6569,14,0.5045,0.2042,0.2913,0
1120.8494,150.1266,270976.2803,79,0.7075,0.1268,0.1657,1
57.3299,26.8238,12741.66,17,0.7446,0.0975,0.1579,0
102.6054,45.3173,11056.3265,17,0.5516,0.1807,0.2677,0
1261.1805,159.1513,436365.6905,73,0.872,0.0672,0.0607,1
1566.8699,323.1442,306187.7427,62,0.8839,0.1161,0.0,1
25.8051,40.0687,18216.4922,15,0.5097,0.1027,0.3877,0
909.0805,130.3231,254972.8269,43,0.7412,0.0394,0.2194,1
429.4193,172.8872,352408.973,50,0.8214,0.1786,0.0,1
119.1214,11.7527,2321.9885,19,0.631,0.2277,0.1414,0
1925.9685,98.1733,90066.8395,86,0.9097,0.0903,0.0,1
82.187,33.5295,706.1375,18,0.6342,0.2048,0.1611,0
176.8669,27.4007,42273.2267,12,0.7378,0.2622,0.0,0
978.9992,491.4708,493287.2752,82,0.9292,0.0708,0.0,1
27.206,32.1866,10884.1785,10,0.6512,0.1821,0.1666,0
1748.9557,89.8885,409840.7676,74,0.8312,0.1603,0.0085,1
295.3295,38.0262,45970.2466,19,0.711,0.1145,0.1745,0
1528.3715,369.4825,459511.9791,69,0.7409,0.1537,0.1055,1
69.3688,6.3434,49308.9029,5,0.5138,0.0834,0.4027,0
247.6259,16.3966,12241.869,11,0.7349,0.2491,0.0159,0
263.1663,20.1601,25856.6258,18,0.5358,0.3241,0.1401,0
291.5024,33.1349,34500.7564,6,0.6971,0.2082,0.0948,0
155.6998,19.8106,7413.6913,6,0.6575,0.3425,0.0,0
49.161,21.2196,42231.2869,10,0.6084,0.2819,0.1097,0
1625.6011,152.6636,498040.289,72,0.9604,0.0396,0.0,1
1340.0695,456.169,393733.0869,46,0.8985,0.1015,0.0,1
198.9841,6.7924,2414.7389,9,0.5709,0.0902,0.3389,0
153.7255,9.0123,27512.3343,10,0.7462,0.2538,0.0,0
144.7348,35.5836,8764.8891,1,0.5316,0.1979,0.2705,0
1589.0881,217.898,478724.739,97,0.7312,0.1917,0.0771,1
150.4515,37.7998,25380.4574,8,0.5546,0.1681,0.2772,0
221.4887,5.1239,40014.7347,12,0.6208,0.1951,0.184,0
1998.1609,316.2657,184404.0123,74,0.9257,0.0743,0.0,1
288.361,30.646,35243.8143,16,0.8119,0.1881,0.0,0
17.1002,48.42,6109.2018,19,0.7291,0.22,0.0509,0
181.7313,49.9536,8171.9928,1,0.6846,0.1407,0.1747,0
163.2866,34.6638,26094.7478,15,0.7,0.209,0.091,0
1617.941,171.9683,281426.9036,42,0.6081,0.0994,0.2925,1
1238.4976,496.0862,344207.5409,44,0.9836,0.0164,0.0,1
1742.7519,255.1731,156908.9611,47,0.9536,0.0464,0.0,1
11.305,13.9756,17663.6343,7,0.5511,0.2032,0.2457,0
262.8771,31.491,11850.4961,18,0.745,0.0597,0.1953,0
233.6735,34.5731,42560.5696,16,0.6878,0.281,0.0312,0
832.0365,215.3663,111689.7195,44,0.7941,0.2059,0.0,1
131.0506,41.2294,34775.4872,13,0.6783,0.3217,0.0,0
1554.1411,82.7851,402513.3857,23,0.6868,0.1212,0.192,1
250.7731,4.9658,10088.8834,16,0.7541,0.2459,0.0,0
1798.9732,418.6105,303420.4463,47,0.7895,0.1136,0.0969,1
170.7817,47.4506,43511.375,3,0.6608,0.1951,0.1441,0
1783.9003,258.7325,377982.187,59,0.664,0.0784,0.2576,1
22.2784,30.3176,43699.1555,1,0.6753,0.3247,0.0,0
76.3908,33.5071,21564.651,6,0.8629,0.1371,0.0,0
139.9827,17.4766,8014.7413,10,0.6983,0.3017,0.0,0
109.5548,5.5608,1774.1572,6,0.5217,0.0721,0.4061,0
206.925,38.3566,28541.5785,12,0.7024,0.1579,0.1397,0
256.8651,25.9565,42155.1576,10,0.5636,0.1929,0.2435,0
242.3121,41.5125,13377.5315,17,0.7444,0.1216,0.134,0
25.4718,5.7292,35922.9737,8,0.6533,0.0562,0.2905,0
26.5471,1.5448,22609.9874,17,0.8581,0.1419,0.0,0
294.5661,30.7982,9766.9313,5,0.8403,0.1597,0.0,0
80.6349,46.1276,1469.8916,6,0.8676,0.0815,0.0509,0
293.2344,31.1845,31887.8233,12,0.6775,0.1611,0.1614,0
1684.7677,370.5515,166193.9905,41,0.9964,0.0036,0.0,1
117.9559,37.6142,35871.9012,6,0.7907,0.2093,0.0,0
1208.6253,187.401,491759.8536,27,0.9351,0.0314,0.0336,1
1389.3254,407.9166,319789.9283,49,0.8544,0.0111,0.1344,1
77.9254,16.8274,23754.0865,14,0.5482,0.3633,0.0885,0
705.8006,450.9906,341021.1415,17,0.8428,0.1572,0.0,1
83.7364,21.9241,10081.5244,6,0.6186,0.3814,0.0,0
1294.4875,184.8536,153027.6991,95,0.6177,0.2589,0.1234,1
183.4056,48.9656,34968.3944,8,0.5302,0.1325,0.3374,0
56.479,45.3598,8809.3885,10,0.5465,0.2618,0.1918,0
957.5286,147.3623,476484.6325,71,0.7957,0.1703,0.034,1
264.1545,38.8418,24318.8675,15,0.5991,0.2627,0.1382,0
29.5829,12.1615,23996.3508,16,0.7313,0.2687,0.0,0
1061.1903,370.6857,152308.7675,36,0.9684,0.0316,0.0,1
1668.7771,332.8612,104445.3699,89,0.8008,0.1992,0.0,1
55.3195,23.7009,17652.0129,10,0.7756,0.2244,0.0,0
848.9137,436.3007,361046.8675,20,0.9116,0.0335,0.0549,1
214.4971,43.5056,19200.6032,14,0.848,0.152,0.0,0
149.6616,4.627,11567.7786,15,0.512,0.2379,0.2501,0
1008.9106,191.1053,435181.8936,20,0.8414,0.1586,0.0,1
1673.304,363.8094,326325.2828,67,0.706,0.2787,0.0153,1
262.9102,44.3943,35026.2775,4,0.5826,0.331,0.0863,0
1986.7055,99.2695,209085.0179,53,0.9326,0.0674,0.0,1
92.0641,38.502,26708.0357,15,0.6188,0.3546,0.0266,0
187.0407,22.0037,5325.4005,2,0.8841,0.1159,0.0,0
164.4337,41.2817,4964.1269,13,0.5213,0.3837,0.0951,0
53.0485,20.9469,36066.5041,5,0.8983,0.1017,0.0,0
55.1083,25.9141,6247.448,1,0.8873,0.1127,0.0,0
1123.7642,205.2602,174986.0248,23,0.7283,0.0895,0.1822,1
947.2802,338.2167,139300.7952,72,0.9078,0.0922,0.0,1
746.8444,473.6559,214373.9173,74,0.6768,0.1493,0.1739,1
39.3315,34.0548,34252.8824,7,0.6198,0.1637,0.2164,0
232.0938,31.1714,45667.5803,9,0.5737,0.3876,0.0387,0
101.965,29.0783,5140.8655,10,0.6826,0.2621,0.0553,0
131.3964,21.6517,35163.0072,2,0.7878,0.2122,0.0,0
1663.4522,174.7879,215654.9974,66,0.8293,0.1707,0.0,1
160.995,28.0029,19416.0152,8,0.7406,0.1525,0.1069,0
24.6554,11.8136,42859.9263,15,0.6084,0.1009,0.2907,0
1723.3609,458.8302,361780.4456,64,0.9144,0.0856,0.0,1
247.7369,36.1875,46487.2806,13,0.7107,0.1383,0.1511,0
902.9458,473.6277,225367.8586,53,0.7103,0.2185,0.0712,1
166.7739,47.4748,1925.9074,9,0.7972,0.2028,0.0,0
281.8939,11.9277,37667.8669,7,0.8067,0.1933,0.0,0
182.4811,32.2668,49634.8997,2,0.6323,0.1585,0.2092,0
258.9194,6.6735,21612.6362,12,0.6006,0.2186,0.1807,0
1780.5897,95.6393,217647.4577,30,0.7754,0.1822,0.0424,1
273.3006,11.4072,48371.4091,9,0.8656,0.1054,0.029,0
896.8944,268.5533,247335.5805,72,0.9785,0.0215,0.0,1
1220.7411,439.0326,470991.4191,49,0.6802,0.2524,0.0674,1
1418.2756,162.3986,227616.3635,44,0.9529,0.0471,0.0,1
165.6184,29.8033,21095.072,1,0.6006,0.2906,0.1088,0
527.8404,210.7246,269012.4084,18,0.8444,0.1556,0.0,1
71.043,40.7355,19230.6033,17,0.6259,0.2377,0.1363,0
171.5393,14.7352,15707.8792,15,0.5774,0.3086,0.1139,0
62.5246,18.2485,35884.1446,8,0.7715,0.2285,0.0,0
191.8162,40.9995,14530.6759,2,0.8264,0.1445,0.0291,0
478.6898,269.5292,150835.9578,59,0.9026,0.0231,0.0743,1
1809.9409,230.9655,309322.7696,74,0.8785,0.0608,0.0607,1
1039.225,297.5099,485949.7882,73,0.9501,0.0499,0.0,1
101.1083,13.7403,36906.7313,7,0.7695,0.0996,0.1309,0
879.409,207.2731,386266.782,58,0.8638,0.0665,0.0696,1
198.0353,21.9824,18993.2808,10,0.6849,0.1065,0.2086,0
66.6587,4.0123,4673.1109,15,0.813,0.187,0.0,0
126.0193,2.9714,20860.1139,19,0.5937,0.3811,0.0252,0
1682.8401,167.8665,425141.632,36,0.79,0.0203,0.1897,1
292.1876,3.3017,7282.245,8,0.5366,0.2867,0.1767,0
990.1794,326.5582,309713.0739,27,0.9209,0.0791,0.0,1
1886.1993,394.541,160830.2899,93,0.8138,0.1388,0.0474,1
289.8912,31.6515,43961.9774,7,0.675,0.325,0.0,0
764.1981,319.039,193794.7267,42,0.9452,0.0342,0.0206,1
182.1784,27.4218,18071.6961,11,0.7001,0.2564,0.0436,0
753.429,443.4608,376460.0066,95,0.6327,0.2172,0.1501,1
180.5948,17.2091,13591.1229,9,0.6967,0.0597,0.2436,0
17.7882,12.5982,3024.9812,19,0.7094,0.1888,0.1017,0
170.8296,47.2141,43818.8882,7,0.8152,0.0981,0.0867,0
69.4647,37.1536,18402.8929,5,0.807,0.104,0.089,0
125.607,43.7219,22053.0415,2,0.8935,0.1065,0.0,0
268.557,36.7364,18136.1997,7,0.5867,0.3379,0.0754,0
186.9071,40.1103,4493.1628,8,0.8437,0.1563,0.0,0
258.0758,20.1296,20857.1398,8,0.8448,0.0579,0.0973,0
55.2424,6.6156,26788.3801,9,0.5593,0.3744,0.0663,0
183.5584,18.9061,1906.3817,2,0.6521,0.0795,0.2684,0
1434.548,269.9525,162300.6294,27,0.8348,0.0879,0.0772,1
910.9195,251.8651,245635.5571,19,0.6999,0.0642,0.2358,1
81.9698,16.9603,24081.4595,11,0.6323,0.3677,0.0,0
85.2372,16.3398,47408.9973,1,0.8607,0.0538,0.0855,0
55.8346,5.9065,46931.6729,1,0.8779,0.1121,0.01,0
240.7024,23.8324,44803.2364,13,0.832,0.168,0.0,0
274.578,8.21,45263.0132,2,0.7394,0.1063,0.1543,0
254.3683,1.4879,28802.3182,13,0.7414,0.2586,0.0,0
894.2457,398.6069,345172.1292,15,0.9588,0.0412,0.0,1
221.6475,20.109,8595.6466,17,0.7415,0.0574,0.2011,0
1953.9353,337.5721,274713.6751,26,0.7065,0.0706,0.223,1
20.8496,13.104,44345.0998,18,0.6058,0.1859,0.2084,0
901.4412,318.4144,93469.0153,84,0.9808,0.0192,0.0,1
1465.3066,465.2211,355494.6149,86,0.6736,0.0504,0.276,1
1145.0539,416.3659,469703.6864,18,0.6232,0.2701,0.1067,1
113.3279,1.956,49243.8143,10,0.534,0.2432,0.2227,0
1309.1101,372.2756,421903.3444,51,0.8861,0.1139,0.0,1
105.1716,14.5097,1337.6387,8,0.8635,0.1365,0.0,0
1781.4442,400.0716,97727.8515,59,0.6103,0.2312,0.1585,1
183.5455,35.6106,3949.3481,11,0.7333,0.2667,0.0,0
257.7027,31.9865,44291.6973,1,0.8716,0.1284,0.0,0
260.5495,49.1046,41326.7494,10,0.7714,0.2286,0.0,0
176.0603,26.4206,35975.0953,13,0.8078,0.1922,0.0,0
178.7234,15.8358,26986.1901,8,0.7815,0.2185,0.0,0
110.8814,45.498,48876.198,10,0.568,0.2455,0.1865,0
13.1186,33.7898,37198.6817,1,0.6084,0.3209,0.0707,0
99.2123,12.0001,35795.0984,9,0.565,0.0979,0.3371,0
219.2702,40.8117,4003.1438,13,0.5866,0.3964,0.017,0
287.9432,11.9724,1944.2495,16,0.8521,0.1479,0.0,0
194.4166,34.6873,24744.0529,12,0.7699,0.2301,0.0,0
221.7771,19.7139,8003.0027,9,0.5957,0.1562,0.2482,0
64.8988,39.7925,570.2296,5,0.8099,0.1901,0.0,0
89.1133,27.8945,16533.4205,3,0.7105,0.2254,0.064,0
294.4914,27.6942,15441.5555,5,0.5351,0.1406,0.3243,0
19.0722,7.1058,25213.906,3,0.5141,0.1732,0.3127,0
258.1256,33.1234,30428.8231,18,0.7986,0.2014,0.0,0
19.6942,48.9387,37515.614,14,0.5674,0.3147,0.1179,0
80.2462,5.2789,40068.6274,17,0.5935,0.295,0.1115,0
84.2223,11.1059,16092.8911,15,0.7345,0.2655,0.0,0
96.5773,42.0757,24759.8721,13,0.7828,0.177,0.0402,0
420.8939,448.1166,232073.3212,83,0.6708,0.285,0.0442,1
643.1302,229.5106,356374.6664,32,0.8676,0.0991,0.0333,1
177.9177,10.7982,24583.9178,17,0.5603,0.1807,0.259,0
1090.4593,111.5977,380854.4903,17,0.9554,0.0446,0.0,1
100.0897,36.8355,5486.9779,3,0.6915,0.1123,0.1963,0
165.0342,33.3807,25576.7715,3,0.7125,0.2875,0.0,0
99.6012,29.2903,13517.2713,17,0.7701,0.2299,0.0,0
261.9664,34.8222,14477.1282,3,0.8855,0.1145,0.0,0
81.3039,26.6168,11190.0506,9,0.5804,0.1445,0.275,0
1268.0525,330.0462,310325.2695,27,0.8702,0.1254,0.0043,1
244.4503,41.9385,8661.4111,1,0.8618,0.1382,0.0,0
1632.621,234.5294,289004.8128,64,0.8298,0.1702,0.0,1
289.042,26.3469,24378.1287,18,0.5635,0.1332,0.3033,0
1116.6786,119.793,464377.1955,93,0.8662,0.1338,0.0,1
70.43,4.6056,5660.89,13,0.683,0.2869,0.0301,0
165.8456,43.9645,46789.427,18,0.5855,0.1986,0.216,0
111.4998,38.0437,37121.5316,5,0.8447,0.1553,0.0,0
1454.1277,321.286,100224.5231,42,0.9775,0.0225,0.0,1
24.0634,41.6263,36603.0271,4,0.7537,0.2463,0.0,0
166.8484,21.8004,37608.0392,2,0.7146,0.2789,0.0065,0
1118.1653,320.7798,139430.6723,68,0.9762,0.0238,0.0,1
299.8519,33.9236,19835.2078,1,0.6399,0.2103,0.1498,0
1987.5447,287.9301,463435.1897,47,0.8558,0.1442,0.0,1
15.9575,42.7171,12388.5749,1,0.6482,0.0684,0.2834,0
244.5282,34.3599,27519.4537,2,0.6643,0.2281,0.1076,0
1389.4396,457.2911,358402.6601,41,0.7191,0.204,0.0769,1
217.4095,8.5004,42386.8034,11,0.7556,0.2028,0.0417,0
541.6383,94.8078,132992.0139,48,0.8011,0.0301,0.1688,1
251.3726,17.6532,961.393,19,0.8409,0.0779,0.0812,0
106.7295,10.7767,45231.5691,6,0.8628,0.1372,0.0,0
1528.0709,240.21,476466.9477,68,0.9004,0.0996,0.0,1
266.2632,34.4937,8350.0762,18,0.5911,0.1881,0.2208,0
203.5544,44.4268,28521.3707,8,0.8013,0.1987,0.0,0
189.1579,17.5062,46714.1376,6,0.5261,0.0542,0.4197,0
169.2046,41.0497,41118.2482,10,0.7983,0.2017,0.0,0
268.0004,30.0965,9549.081,5,0.5619,0.1381,0.3,0
1394.412,391.8707,238876.4726,69,0.7661,0.1064,0.1275,1
256.0524,25.5295,48655.6567,12,0.6341,0.1813,0.1846,0
1970.2793,84.1376,196805.7803,68,0.9353,0.0647,0.0,1
168.5769,28.1753,37736.7539,14,0.7776,0.1989,0.0235,0
1780.5161,356.1738,98516.7266,61,0.8052,0.1122,0.0826,1
603.9548,268.9902,267064.7865,40,0.9047,0.0953,0.0,1
77.4921,2.7126,15742.4481,13,0.6101,0.1807,0.2092,0
84.5736,31.7491,21522.1509,1,0.6439,0.2608,0.0954,0
193.0729,18.6383,49819.3856,13,0.8955,0.1045,0.0,0
80.4123,31.1888,7291.8852,16,0.8729,0.1271,0.0,0
259.5828,13.1222,5012.6381,13,0.6481,0.3149,0.0369,0
289.0801,17.8664,30170.4904,9,0.7145,0.2855,0.0,0
188.2737,41.3417,26509.818,2,0.5129,0.3417,0.1454,0
189.8425,13.6349,36540.7211,8,0.5563,0.2702,0.1736,0
1893.8019,260.5077,386439.7049,92,0.8163,0.0663,0.1175,1
203.6979,17.2899,20418.1446,17,0.5452,0.0688,0.3859,0
1589.4668,126.6968,131207.4344,16,0.6326,0.1782,0.1892,1
17.9211,33.1906,19997.0709,11,0.7415,0.1406,0.1179,0
126.3194,47.7612,8171.799,10,0.6391,0.3385,0.0224,0
90.9128,11.8655,5143.1068,11,0.6685,0.0888,0.2427,0
1645.2509,444.0765,145167.5314,51,0.7087,0.0728,0.2186,1
274.4428,26.3616,5337.532,15,0.8017,0.1489,0.0494,0
165.8859,12.9465,5914.4958,18,0.8004,0.1107,0.0889,0
190.8233,49.3973,14143.7187,1,0.6033,0.2156,0.1811,0
248.6096,6.8134,5853.4576,8,0.5441,0.1594,0.2965,0
217.678,30.254,5308.0695,14,0.5648,0.3072,0.128,0
1081.381,96.6535,390525.5752,25,0.9003,0.0137,0.086,1
895.4573,196.6289,215247.9735,15,0.6168,0.1656,0.2177,1
119.9186,28.8721,27987.2272,10,0.8314,0.1686,0.0,0
30.2607,43.5862,12922.8172,17,0.7649,0.2351,0.0,0
203.1162,33.6971,36284.1386,9,0.5719,0.3098,0.1183,0
1118.3534,106.6816,425103.6379,67,0.7124,0.2438,0.0438,1
235.303,39.7021,17975.7053,13,0.7737,0.2263,0.0,0
72.1144,22.1562,7295.8165,8,0.8198,0.1802,0.0,0
507.347,192.7102,458046.9742,39,0.6316,0.2972,0.0712,1
159.5494,37.1624,21948.1504,4,0.6032,0.1837,0.2132,0
204.5672,47.442,43576.5322,14,0.5392,0.2462,0.2146,0
1037.1944,148.6704,156430.8974,18,0.8072,0.0593,0.1335,1
34.3934,12.9447,47326.9676,3,0.6024,0.2698,0.1278,0
460.7841,316.8217,478734.2371,21,0.6028,0.2171,0.1801,1
801.6453,378.4677,345292.4085,40,0.9948,0.0052,0.0,1
36.6359,39.6567,15994.3841,2,0.7219,0.1786,0.0996,0
78.5241,15.1276,25168.3048,3,0.5644,0.3652,0.0704,0
627.9541,493.906,163253.2459,53,0.7024,0.2844,0.0132,1
54.5445,10.0447,23708.9361,18,0.8023,0.1977,0.0,0
1188.6163,389.6009,185168.5372,33,0.7529,0.1785,0.0685,1
276.5744,46.487,11126.587,8,0.6153,0.1824,0.2024,0
535.8334,335.2392,450183.4506,28,0.7743,0.2257,0.0,1
124.5795,25.3506,7987.6413,9,0.6544,0.1809,0.1647,0
1564.0947,480.038,257263.8635,23,0.9513,0.0487,0.0,1
1081.2751,414.6117,418278.7265,66,0.9267,0.0733,0.0,1
154.2923,48.4225,40962.2453,10,0.6543,0.3457,0.0,0
170.1534,15.6602,13522.0436,11,0.6665,0.2074,0.126,0
1601.3889,256.9941,311874.8202,47,0.6549,0.1738,0.1713,1
49.8483,1.4167,43784.8823,15,0.7611,0.1732,0.0657,0
105.6378,12.2249,15675.4762,5,0.702,0.132,0.166,0
1481.3042,420.7119,248789.8144,61,0.6788,0.2589,0.0623,1
144.8499,28.9915,47404.8163,17,0.8,0.2,0.0,0
248.1985,33.8235,49406.83,14,0.7805,0.2195,0.0,0
241.8128,41.1266,39663.3109,8,0.6833,0.0659,0.2508,0
210.6467,20.481,30190.6393,18,0.8603,0.1397,0.0,0
1385.673,156.2685,263795.7313,81,0.6872,0.1824,0.1304,1
147.1074,13.0894,24048.0631,10,0.5227,0.0722,0.4051,0
287.7018,9.6831,36251.8114,18,0.5581,0.1669,0.2751,0
149.4634,13.5827,36748.9599,10,0.5673,0.1983,0.2344,0
11.9667,31.529,40548.2989,12,0.6967,0.1913,0.112,0
91.1935,22.0679,12283.4467,7,0.7214,0.2786,0.0,0
255.5818,1.8916,27698.6825,15,0.5487,0.3473,0.104,0
137.2843,37.436,11776.3412,18,0.5438,0.1147,0.3415,0
130.7161,7.2441,19067.9803,1,0.5589,0.301,0.1401,0
1355.9179,251.128,149835.8159,38,0.7234,0.0792,0.1975,1
405.3333,251.2903,473117.0608,34,0.6158,0.0685,0.3157,1
1671.3641,158.76,89100.5025,73,0.9388,0.0612,0.0,1
756.5404,499.0235,372803.7236,61,0.8312,0.1688,0.0,1
111.0666,20.6344,49271.5868,3,0.5751,0.2851,0.1397,0
274.4764,11.9024,19084.1737,9,0.7257,0.114,0.1603,0
196.2549,16.3295,26784.2684,17,0.6509,0.1939,0.1552,0
145.5407,13.7555,48218.2801,11,0.6678,0.2154,0.1168,0
1528.5262,487.4646,184141.3485,47,0.6843,0.193,0.1228,1
261.848,7.2316,21265.366,12,0.7196,0.2006,0.0798,0
834.771,369.1017,366646.6371,50,0.9669,0.0331,0.0,1
236.4665,35.2493,24631.3304,16,0.5854,0.2753,0.1393,0
20.7215,20.5154,9373.1443,16,0.784,0.216,0.0,0
40.688,34.0829,42374.5985,10,0.7003,0.0589,0.2408,0
277.7578,23.7285,2768.5599,19,0.6506,0.2765,0.0728,0
243.6869,17.9141,48364.5884,7,0.5133,0.2784,0.2083,0
738.8037,253.7518,251212.1273,79,0.6981,0.2002,0.1017,1
782.2222,485.6883,220047.2554,48,0.8719,0.1281,0.0,1
1740.9005,178.733,240892.1444,62,0.6845,0.1679,0.1475,1
918.1243,187.4862,117189.9535,31,0.769,0.1856,0.0454,1
113.4409,10.5774,46262.8423,13,0.6386,0.3614,0.0,0
967.0541,99.1348,490317.4448,66,0.8903,0.1097,0.0,1
299.7216,37.0417,26808.5533,3,0.7109,0.27,0.0191,0
427.5742,426.6541,487676.5824,43,0.6264,0.0743,0.2994,1
183.0506,19.4584,20779.1547,10,0.6976,0.054,0.2484,0
1303.7358,341.2149,446645.9174,16,0.6236,0.1217,0.2547,1
777.4369,316.9041,217628.0193,83,0.7348,0.0671,0.1981,1
1551.9538,109.5448,248778.3226,40,0.9916,0.0084,0.0,1
297.869,22.2722,15724.294,15,0.7563,0.1716,0.0721,0
1876.5264,340.63,442355.9145,73,0.8988,0.0363,0.0648,1
578.3722,183.5601,274645.7966,32,0.7321,0.2679,0.0,1
1449.9238,248.266,424055.6166,44,0.8197,0.1087,0.0716,1
1369.468,202.8653,109641.694,37,0.7759,0.2241,0.0,1
226.3597,11.3068,3841.4702,16,0.6175,0.2416,0.1409,0
102.63,36.1303,43608.2595,6,0.8713,0.1287,0.0,0
30.4887,24.1373,18214.8951,12,0.5631,0.1618,0.2751,0
1959.4131,356.8799,417672.8771,54,0.8092,0.0254,0.1655,1
24.6101,28.5999,912.599,12,0.588,0.3683,0.0437,0
1558.8658,210.0604,187649.9288,36,0.8206,0.0932,0.0862,1
228.7647,9.1887,15043.6104,1,0.6757,0.3243,0.0,0
1067.613,256.6147,154444.4011,91,0.9092,0.0908,0.0,1
205.6776,35.3814,24798.6114,15,0.6396,0.1566,0.2038,0
237.309,23.0056,12409.2786,2,0.8706,0.1294,0.0,0
626.4036,468.3443,276890.0045,31,0.6415,0.1887,0.1697,1
176.022,26.3911,4298.5327,5,0.551,0.2736,0.1754,0
283.8994,44.8282,14615.261,3,0.7095,0.2473,0.0431,0
257.4869,21.4092,23494.4881,13,0.5496,0.2782,0.1721,0
183.9617,1.7171,32301.1035,18,0.6744,0.1139,0.2117,0
95.4213,16.0626,9725.876,15,0.8763,0.1237,0.0,0
102.0021,25.8606,43563.8844,4,0.8848,0.1152,0.0,0
1472.8077,423.5188,219311.6404,82,0.8525,0.0797,0.0678,1
170.1336,29.1138,21077.9994,8,0.7041,0.2852,0.0107,0
102.9152,8.1555,46377.2712,14,0.5193,0.0729,0.4078,0
624.3078,458.0005,296901.4516,66,0.7048,0.1106,0.1846,1
16.8894,8.8137,8302.4088,15,0.6746,0.1152,0.2102,0
88.7918,15.8014,1356.1773,6,0.6846,0.248,0.0674,0
120.3922,23.501,1177.8826,9,0.7124,0.2876,0.0,0
747.7979,490.3552,264979.9479,34,0.9259,0.0741,0.0,1
150.9859,19.6943,49890.0177,1,0.5991,0.3869,0.014,0
173.6739,32.5259,4618.1549,3,0.5524,0.3933,0.0544,0
1231.6175,289.0505,200585.0502,21,0.7548,0.2422,0.003,1
467.4756,467.7243,495163.7277,47,0.6664,0.2868,0.0467,1
498.0822,373.9543,182022.8406,39,0.6593,0.2469,0.0938,1
1332.4213,124.8092,494480.8557,75,0.7869,0.0209,0.1923,1
204.1407,26.3419,2774.246,5,0.6801,0.1668,0.1531,0
12.177,34.8519,24864.6779,12,0.7074,0.2877,0.0049,0
1764.4262,261.4333,180538.7281,76,0.7689,0.0872,0.1439,1
1069.3858,462.7999,376486.5986,51,0.6791,0.1015,0.2193,1
1626.5397,186.3216,476395.6551,85,0.6415,0.0344,0.3241,1
134.3398,33.4125,8263.6734,18,0.8449,0.1551,0.0,0
40.8821,47.4504,20053.0431,7,0.5799,0.3946,0.0256,0
24.5309,41.0701,9579.8403,17,0.7053,0.1906,0.1041,0
246.363,12.7644,28922.9015,16,0.5971,0.2375,0.1653,0
1547.2934,302.4699,397661.7944,72,0.8677,0.0021,0.1302,1
278.1635,17.4869,9533.0361,11,0.864,0.0779,0.0581,0
279.6033,23.4266,25792.4788,5,0.633,0.3082,0.0588,0
157.0979,28.2097,17139.8569,9,0.7539,0.2461,0.0,0
180.6088,32.0817,48787.3414,2,0.5881,0.322,0.0898,0
1400.2156,265.8217,155027.4679,53,0.8539,0.1461,0.0,1
1026.6598,350.9656,444005.425,97,0.9261,0.0695,0.0044,1
120.1186,16.741,13803.5376,4,0.8613,0.1387,0.0,0
78.1342,40.3906,39918.6426,16,0.6002,0.1484,0.2514,0
928.3622,290.1832,88383.7576,54,0.6292,0.2692,0.1016,1
225.5139,15.3395,35646.4411,7,0.6756,0.1112,0.2132,0
215.8786,39.0565,16575.904,7,0.7071,0.2929,0.0,0
102.5942,31.6181,30196.4142,3,0.7309,0.1184,0.1507,0
151.2432,34.2519,19211.4246,6,0.6648,0.1441,0.191,0
208.0851,28.9603,7351.7103,8,0.5822,0.0799,0.3379,0
285.5154,43.1212,14579.1833,3,0.5802,0.3588,0.061,0
1842.3408,284.3019,424531.9872,86,0.9569,0.0431,0.0,1
173.1737,13.9662,14240.587,13,0.7798,0.1676,0.0526,0
244.2718,15.7592,16791.4828,1,0.5695,0.1285,0.302,0
138.7434,1.9491,17294.3682,5,0.7187,0.2037,0.0776,0
14.6157,10.1923,14524.2004,5,0.5846,0.3489,0.0665,0
658.0149,367.9763,481322.2836,50,0.7547,0.1539,0.0914,1
1521.9358,456.842,322974.0828,81,0.814,0.0979,0.0881,1
230.3051,45.5713,26064.6431,2,0.8497,0.1503,0.0,0
423.9211,438.7179,477006.4269,35,0.663,0.2312,0.1058,1
49.448,34.7828,33006.5176,19,0.8889,0.1111,0.0,0
123.1801,49.4131,26599.9346,2,0.5458,0.0921,0.3621,0
1983.6049,143.6201,238562.0382,46,0.6706,0.2082,0.1212,1
173.4089,6.046,15368.1677,15,0.8975,0.0809,0.0216,0
72.2163,4.1756,19475.9636,2,0.7133,0.2867,0.0,0
274.9274,14.7586,31602.1789,1,0.8779,0.1221,0.0,0
253.2027,20.3054,4120.8861,5,0.7415,0.0741,0.1845,0
460.7719,300.4635,163544.4876,25,0.8534,0.1466,0.0,1
82.6476,37.9658,24771.6067,9,0.7899,0.2101,0.0,0
140.0237,34.7281,47170.6538,18,0.8493,0.1507,0.0,0
1340.6378,412.1853,170703.5623,64,0.9314,0.0686,0.0,1
170.7428,31.8144,7825.6065,14,0.6657,0.2294,0.1048,0
1190.8119,492.8158,471098.9182,17,0.9661,0.0339,0.0,1
143.1613,11.9162,1852.1056,12,0.5421,0.2313,0.2266,0
57.2257,27.5493,38907.1042,5,0.8964,0.1036,0.0,0
250.8841,7.2006,6809.9789,3,0.6502,0.2661,0.0838,0
274.1568,21.3214,19797.9418,17,0.704,0.296,0.0,0
720.1614,102.2075,340797.9053,31,0.7686,0.0535,0.1779,1
17.5769,39.9023,41288.0916,12,0.8991,0.1009,0.0,0
53.5376,45.123,25192.2712,19,0.854,0.146,0.0,0
432.2019,163.5421,450052.9592,26,0.7228,0.1927,0.0845,1
102.12,46.2214,8334.536,12,0.7901,0.2099,0.0,0
117.0514,44.4442,15900.6093,7,0.6434,0.3066,0.05,0
123.5327,42.9877,11660.1416,14,0.5455,0.3472,0.1074,0
951.6747,336.064,470043.5038,41,0.9881,0.0119,0.0,1
142.837,27.2329,38110.5676,8,0.7191,0.2809,0.0,0
234.4424,39.0015,43402.9663,16,0.6425,0.3575,0.0,0
218.5834,41.1518,30063.9013,15,0.6875,0.2004,0.1121,0
1914.5508,463.1613,225517.8804,49,0.9255,0.0072,0.0672,1
1578.7233,195.1702,444806.8822,71,0.7153,0.2847,0.0,1
1661.5654,335.9852,81091.1933,33,0.9481,0.0519,0.0,1
1784.5823,394.8753,88642.1261,86,0.6701,0.0613,0.2686,1
54.7816,45.1185,35372.2154,9,0.589,0.27,0.141,0
788.3276,380.2646,107278.4155,59,0.6312,0.1553,0.2135,1
963.4343,292.8886,294646.2817,57,0.739,0.0577,0.2033,1
551.8095,86.9551,126333.7956,98,0.667,0.243,0.09,1
223.064,19.5124,6238.223,6,0.8812,0.1188,0.0,0
46.4425,26.1254,21445.0501,1,0.773,0.1163,0.1107,0
12.9399,5.603,32045.3442,19,0.7685,0.2,0.0315,0
184.7727,49.8681,24565.9684,2,0.5513,0.1206,0.328,0
151.1309,9.9491,43018.79,13,0.8127,0.1788,0.0084,0
551.0721,310.3827,349442.3378,88,0.9468,0.0063,0.0469,1
1620.0961,240.1182,433268.6231,37,0.8589,0.1411,0.0,1
272.6086,31.349,47386.3661,15,0.5594,0.1284,0.3122,0
277.6677,32.8137,37261.4186,10,0.8504,0.1373,0.0123,0
85.7765,8.2758,1547.0242,19,0.7959,0.2041,0.0,0
271.5669,26.2613,11525.235,17,0.6342,0.3658,0.0,0
1948.9175,477.0246,384879.2601,57,0.893,0.107,0.0,1
92.3334,2.1585,44811.9207,6,0.587,0.1061,0.3069,0
203.6612,6.8124,43714.8106,18,0.5904,0.2397,0.1699,0
1857.6535,136.1971,204064.2561,96,0.7397,0.2603,0.0,1
671.7837,429.2048,229382.7036,34,0.9939,0.0061,0.0,1
767.0897,194.4817,442900.9574,97,0.9744,0.0256,0.0,1
1612.0749,455.8384,308234.8471,84,0.7691,0.0159,0.215,1
269.1834,28.3995,4227.3156,6,0.63,0.3001,0.0699,0
235.7078,32.202,31845.6763,19,0.8512,0.1488,0.0,0
84.8552,9.2903,23059.9885,19,0.55,0.168,0.282,0
278.7618,25.508,46835.7366,3,0.8177,0.1823,0.0,0
155.4819,2.1178,11277.982,2,0.6604,0.3308,0.0088,0
116.6923,34.4367,48840.7896,15,0.6068,0.1769,0.2163,0
40.2326,15.0551,23079.5727,5,0.7663,0.153,0.0808,0
186.0902,46.8358,42590.0955,11,0.7646,0.2354,0.0,0
141.1514,35.913,32276.2021,18,0.8175,0.1825,0.0,0
1129.9443,120.0269,413150.8247,38,0.9366,0.0634,0.0,1
187.0181,15.3142,24218.1118,14,0.533,0.3493,0.1177,0
1791.1242,99.8577,150754.4488,93,0.6361,0.2895,0.0744,1
210.1073,28.8791,22199.9435,12,0.7439,0.1232,0.1329,0
31.3474,47.3614,6953.2785,10,0.6151,0.3707,0.0142,0
454.9453,316.5439,179966.3738,35,0.6573,0.1105,0.2323,1
691.992,362.5559,380717.006,49,0.9102,0.0092,0.0806,1
78.5445,30.1486,22370.3796,2,0.8112,0.1888,0.0,0
437.3283,498.8106,213650.7212,19,0.7841,0.2159,0.0,1
72.8703,18.2977,8792.4611,19,0.7061,0.2939,0.0,0
1884.3566,271.576,306293.5121,79,0.8915,0.1,0.0084,1
1637.5882,243.8234,498705.928,76,0.8007,0.1788,0.0205,1
632.4748,400.8902,387623.013,37,0.9437,0.0563,0.0,1
67.0632,7.5644,37850.6993,9,0.8926,0.1074,0.0,0
288.947,15.6859,42323.9284,5,0.8999,0.1001,0.0,0
267.3526,40.4249,42921.2154,16,0.632,0.368,0.0,0
513.6817,231.3873,128037.8449,16,0.9126,0.0164,0.071,1
36.5991,27.8081,34893.6611,16,0.5814,0.3676,0.0511,0
1107.0969,208.658,481476.6928,36,0.8902,0.1098,0.0,1
242.4857,25.7625,2673.5608,19,0.5228,0.1333,0.3439,0
50.4909,32.9461,35945.4177,16,0.8734,0.1266,0.0,0
297.7517,36.982,31315.853,11,0.7589,0.2411,0.0,0
1560.9031,95.0369,170785.6704,29,0.9428,0.0572,0.0,1
271.8669,11.6006,27143.9903,4,0.8617,0.1383,0.0,0
784.9049,251.8175,134183.5767,27,0.8149,0.0822,0.1028,1
27.9983,33.5732,29185.2822,15,0.6157,0.2893,0.095,0
283.1996,13.0418,12193.6673,12,0.5606,0.255,0.1844,0
160.5756,49.6178,3234.0252,16,0.829,0.171,0.0,0
232.6786,25.9564,19955.1816,12,0.6788,0.3212,0.0,0
1326.0109,228.166,168474.3505,30,0.7937,0.1553,0.051,1
76.0217,48.0449,4826.4522,12,0.8662,0.1171,0.0167,0
295.5297,45.1958,37998.9211,1,0.881,0.119,0.0,0
727.8573,286.1842,444334.3429,56,0.7163,0.2252,0.0586,1
467.1972,384.9879,321490.4527,78,0.7948,0.1404,0.0647,1
176.0128,39.0692,18273.4062,10,0.8038,0.1962,0.0,0
137.4115,34.2142,9248.7835,5,0.8216,0.1188,0.0596,0
281.326,43.9142,37438.6471,13,0.8097,0.1903,0.0,0
1237.2665,226.2608,345536.365,58,0.7471,0.2364,0.0165,1
31.1588,20.3742,23917.6946,9,0.5351,0.1933,0.2716,0
72.3489,20.0594,27728.1734,10,0.6044,0.0836,0.3121,0
165.5301,43.2878,19514.3704,13,0.5506,0.1955,0.2539,0
1171.497,98.2447,429746.4288,46,0.8813,0.1187,0.0,1
249.0351,45.0487,42590.5687,6,0.7072,0.2595,0.0333,0
263.5512,36.1155,28614.6322,5,0.8501,0.1499,0.0,0
140.6565,33.5173,23310.9778,3,0.7023,0.0925,0.2052,0
1924.8801,180.5917,350529.1372,85,0.9019,0.0981,0.0,1
218.9332,37.5678,37504.7861,8,0.8346,0.1654,0.0,0
113.2901,26.0618,38092.482,17,0.6412,0.2658,0.093,0
1726.3578,215.2013,202054.9658,64,0.7311,0.0069,0.262,1
808.1677,339.1699,477208.4355,37,0.7253,0.2747,0.0,1
1567.2161,93.5657,470636.3264,98,0.7597,0.1508,0.0895,1
72.8466,16.5609,40711.1132,13,0.5663,0.2256,0.2082,0
21.8523,28.7655,3848.2231,12,0.8981,0.1019,0.0,0
109.0022,44.4474,19871.5346,2,0.8701,0.1299,0.0,0
469.8162,370.4352,245427.8865,91,0.7088,0.1316,0.1596,1
886.9564,231.3847,453659.6883,85,0.8359,0.1641,0.0,1
157.7477,13.4681,45643.8375,1,0.5906,0.1658,0.2436,0
42.1146,17.2795,22789.5322,19,0.536,0.3242,0.1398,0
221.4799,5.5721,16765.5474,8,0.7301,0.2138,0.0561,0
136.9074,42.8906,23158.8995,1,0.8844,0.1156,0.0,0
93.8342,36.6291,43001.3718,17,0.7689,0.2311,0.0,0
613.3508,296.8516,279708.6707,92,0.6171,0.2534,0.1295,1
1882.6631,93.7358,465630.5887,99,0.8419,0.1581,0.0,1
15.7114,45.0445,12970.8087,11,0.8108,0.1876,0.0016,0
108.0448,31.4367,44295.1596,3,0.5869,0.1155,0.2975,0
1574.2857,484.0988,108708.7732,36,0.9074,0.0589,0.0337,1
629.7151,219.9072,219820.2008,75,0.6425,0.1199,0.2377,1
20.5972,11.816,7900.6567,11,0.5251,0.1539,0.321,0
501.1432,425.3582,304987.6733,99,0.9822,0.0178,0.0,1
11.662,16.1172,6123.4166,10,0.6505,0.2707,0.0789,0
272.629,45.174,16899.2836,4,0.5594,0.3623,0.0783,0
286.9205,43.4434,1463.3016,12,0.7037,0.0576,0.2387,0
157.8508,49.3824,43579.6689,6,0.5725,0.2172,0.2102,0
153.0307,42.7295,47226.7474,16,0.514,0.3343,0.1517,0
17.6548,40.6609,6033.3096,12,0.7729,0.2271,0.0,0
48.1863,39.1769,6997.0625,12,0.6705,0.0546,0.2749,0
267.5074,29.3261,26917.3583,17,0.5819,0.2414,0.1767,0
957.4062,300.5496,181263.5354,46,0.9347,0.0653,0.0,1
147.0463,41.8663,31604.7172,12,0.6414,0.09,0.2686,0
212.8006,37.3463,5839.6707,3,0.8606,0.084,0.0554,0
240.226,20.1913,26261.5097,9,0.7285,0.2715,0.0,0
55.7175,39.5082,3231.3129,11,0.7101,0.2423,0.0476,0
1455.0867,471.3616,408088.84,28,0.8685,0.1315,0.0,1
1358.0503,441.6435,263926.9616,71,0.733,0.1623,0.1048,1
143.6485,33.5758,21465.7861,2,0.6676,0.1027,0.2297,0
871.9996,255.2864,424201.6789,62,0.9921,0.0079,0.0,1
1922.407,309.2728,432757.7589,64,0.8269,0.1731,0.0,1
49.0607,15.4743,27257.8803,11,0.8951,0.1049,0.0,0
94.7703,49.2974,22234.0454,12,0.7882,0.175,0.0368,0
37.0017,17.0171,2208.3961,2,0.6768,0.2294,0.0938,0
515.8295,495.1249,313194.1468,62,0.8122,0.0446,0.1432,1
233.028,34.9436,13127.8414,8,0.6236,0.098,0.2783,0
1094.7596,122.1325,390142.3406,83,0.9748,0.0154,0.0098,1
27.2511,33.3993,33458.0411,9,0.7716,0.2284,0.0,0
762.8706,427.7194,178364.8774,65,0.6632,0.1806,0.1561,1
290.956,14.4288,35426.4741,12,0.6434,0.2359,0.1207,0
156.221,43.0211,1774.358,17,0.6136,0.1561,0.2303,0
181.0689,15.276,36634.7807,18,0.7666,0.2334,0.0,0
167.2029,29.7529,4624.6941,3,0.5538,0.3222,0.124,0
25.75,39.7311,42925.0564,7,0.7999,0.2001,0.0,0
62.6345,30.8029,18390.6319,16,0.5994,0.1557,0.245,0
1568.4763,96.9064,90072.2121,63,0.9699,0.0301,0.0,1
840.1666,331.3897,331996.9773,78,0.9025,0.0975,0.0,1
170.7808,38.4874,14087.7743,7,0.8557,0.1443,0.0,0
217.3259,31.3561,31230.633,2,0.7489,0.2511,0.0,0
22.34,36.1116,3523.6229,14,0.7677,0.2323,0.0,0
688.2668,96.473,92392.3288,54,0.6211,0.0311,0.3477,1
47.1353,20.7018,22901.8442,19,0.6413,0.2548,0.1039,0
21.8746,40.9935,27420.6301,8,0.7055,0.0709,0.2236,0
412.5732,199.769,378434.339,53,0.9654,0.0346,0.0,1
17.8828,16.7563,37271.6375,12,0.5681,0.3523,0.0797,0
281.4035,12.6031,46642.5023,9,0.887,0.113,0.0,0
63.9326,39.7871,14423.6542,1,0.5714,0.0533,0.3753,0
978.2857,371.5401,100074.0806,89,0.9252,0.024,0.0508,1
491.4681,353.1421,242684.6889,76,0.9316,0.0684,0.0,1
252.7884,26.3957,48315.8494,6,0.5619,0.3757,0.0624,0
122.1446,30.9938,45332.1475,13,0.5802,0.1884,0.2314,0
969.1955,302.2393,449908.0966,27,0.9598,0.0402,0.0,1
256.229,4.9453,22291.6341,11,0.6529,0.1925,0.1546,0
11.2655,33.5548,35646.6302,4,0.5598,0.3848,0.0553,0
170.4951,45.151,33502.624,11,0.7613,0.2387,0.0,0
871.9628,329.0546,380668.392,23,0.6596,0.0292,0.3113,1
50.4848,45.5982,25036.9601,2,0.7014,0.2986,0.0,0
270.9109,39.6866,2809.4097,15,0.5499,0.2097,0.2404,0
156.3895,4.8306,36648.7166,1,0.5393,0.3255,0.1352,0
183.9361,40.3115,23056.1459,2,0.6536,0.3199,0.0265,0
269.9502,14.1634,49647.0684,2,0.7759,0.1134,0.1107,0
1296.436,143.6251,318228.2235,82,0.8935,0.1065,0.0,1
70.9479,29.2599,42554.5563,12,0.6958,0.3042,0.0,0
1321.8554,420.8986,99687.7763,95,0.6485,0.0874,0.2641,1
791.7965,106.6801,136991.6299,97,0.6861,0.1005,0.2133,1
253.8256,18.8773,3018.1957,5,0.6088,0.3524,0.0387,0
242.1304,32.4038,38347.1226,2,0.6004,0.3155,0.0841,0
16.1329,44.5734,8909.6985,17,0.878,0.122,0.0,0
242.5973,4.8775,16138.5277,4,0.8471,0.1529,0.0,0
43.0331,31.5791,15524.4753,10,0.8006,0.1743,0.0251,0
189.7172,18.2221,4274.3472,3,0.6934,0.3066,0.0,0
129.2344,21.7983,9095.1287,9,0.8628,0.1372,0.0,0
865.8194,246.1618,153318.7292,79,0.7108,0.1753,0.1139,1
89.2696,39.0299,42907.513,15,0.5403,0.1799,0.2797,0
1914.6661,426.0353,469451.3532,97,0.9744,0.0205,0.0051,1
183.9685,11.1423,41952.2264,13,0.7896,0.172,0.0384,0
286.1382,12.4571,13531.3773,8,0.8023,0.0808,0.1169,0
1951.7033,404.3932,404022.6074,78,0.781,0.2095,0.0095,1
187.8017,20.9637,39813.7483,16,0.6165,0.3708,0.0127,0
245.4705,39.1846,39543.8079,3,0.6532,0.1387,0.2081,0
112.8926,17.514,23450.9285,14,0.6532,0.3124,0.0344,0
134.9566,25.374,17121.33,9,0.6922,0.3078,0.0,0
167.8074,33.1633,40560.8399,13,0.8066,0.1934,0.0,0
1948.0675,331.3488,353407.7424,67,0.6093,0.2397,0.151,1
259.5003,5.7574,4106.3725,9,0.6198,0.0933,0.2869,0
125.2391,27.6789,3298.38,9,0.5519,0.2629,0.1852,0
248.6009,15.4247,28608.5206,8,0.568,0.2832,0.1488,0
1458.3373,497.6029,99956.5174,69,0.9559,0.0441,0.0,1
60.8024,48.6128,32931.8774,18,0.6098,0.1004,0.2897,0
208.7122,15.4118,24883.4094,7,0.7535,0.2367,0.0097,0
99.9007,48.918,39160.8654,13,0.564,0.0681,0.3679,0
55.7074,34.1124,18965.4508,18,0.599,0.2849,0.1162,0
889.389,112.2009,193229.1939,72,0.9078,0.0922,0.0,1
132.8522,24.9878,37357.4354,19,0.6794,0.0503,0.2703,0
115.8266,24.0201,27577.1495,4,0.7284,0.1495,0.122,0
1086.4362,431.0472,165514.3109,92,0.7335,0.1648,0.1017,1
45.9311,10.2315,29184.9487,9,0.8968,0.1032,0.0,0
105.1406,13.5855,41208.4717,18,0.5748,0.2064,0.2188,0
286.8843,43.8796,44740.7401,5,0.7101,0.0849,0.2049,0
81.9046,10.82,35180.1254,8,0.5784,0.1559,0.2657,0
100.1788,18.1794,6795.624,1,0.834,0.166,0.0,0
257.132,31.9432,43251.7851,14,0.5621,0.2014,0.2365,0
109.5459,17.9161,32266.8275,19,0.6484,0.3516,0.0,0
1788.2001,436.9392,131232.7587,18,0.7927,0.0977,0.1096,1
252.0652,10.3877,15171.705,14,0.6099,0.1682,0.2219,0
485.236,166.8372,437938.6418,24,0.8903,0.1097,0.0,1
1981.7143,481.0805,396086.7863,38,0.9842,0.0158,0.0,1
62.1338,34.8343,42697.6916,17,0.8217,0.0925,0.0858,0
1510.0697,267.1682,290258.8484,40,0.9853,0.0147,0.0,1
283.8498,48.8579,46175.2636,15,0.7821,0.2179,0.0,0
118.3414,36.1777,39364.4973,6,0.5504,0.0866,0.363,0
294.1938,16.9804,49349.0598,10,0.8693,0.1307,0.0,0
790.5775,482.2483,432050.5349,22,0.8473,0.1527,0.0,1
267.5168,16.2188,39022.0843,13,0.7148,0.0638,0.2214,0
49.7874,31.6509,10601.1935,19,0.7866,0.2134,0.0,0
20.1763,44.7284,8849.0894,12,0.543,0.0695,0.3876,0
1325.4094,322.6816,114119.2889,39,0.649,0.0695,0.2815,1
1758.8897,421.1446,242671.3948,64,0.6743,0.0629,0.2629,1
139.9932,29.0898,766.2055,8,0.8767,0.1233,0.0,0
1292.985,224.0332,306870.2013,39,0.9477,0.0523,0.0,1
220.8284,15.6984,38505.8788,7,0.6862,0.212,0.1018,0
141.7939,44.8287,17071.3778,8,0.5007,0.3079,0.1914,0
1928.3445,193.1029,408139.0565,99,0.7764,0.1178,0.1058,1
173.8357,39.6623,31627.045,8,0.731,0.269,0.0,0
29.9166,3.3289,49622.735,6,0.7574,0.0918,0.1508,0
132.0169,37.149,48234.7313,13,0.5735,0.1558,0.2707,0
621.4728,135.8537,118720.5364,53,0.6141,0.0229,0.363,1
1368.7038,182.7797,429680.5241,34,0.7677,0.1298,0.1025,1
299.8231,18.2188,23068.4711,2,0.5928,0.27,0.1372,0
1225.408,154.9305,398305.4888,34,0.656,0.2641,0.0799,1
89.1525,48.1119,36825.6214,14,0.7865,0.2135,0.0,0
267.1017,45.9183,12880.2847,5,0.8527,0.1473,0.0,0
50.7047,17.9574,23568.0468,15,0.8217,0.1532,0.0251,0
131.7451,22.3666,35426.1999,10,0.5201,0.1381,0.3418,0
138.7652,18.1323,14628.2485,12,0.5653,0.1728,0.2619,0
121.676,7.3028,43746.4552,11,0.8731,0.0892,0.0377,0
152.4137,14.826,21097.7221,6,0.7189,0.0593,0.2218,0
151.7805,42.1434,33723.5748,8,0.6359,0.1705,0.1936,0
216.3087,10.464,11628.6745,17,0.8709,0.1291,0.0,0
624.5762,465.6496,320037.733,19,0.686,0.1198,0.1942,1
264.7569,9.9035,39817.0003,5,0.7721,0.2279,0.0,0
1515.1763,235.8476,459636.8459,54,0.8551,0.056,0.0889,1
243.3183,36.398,19186.306,8,0.6389,0.0838,0.2772,0
59.3989,48.3237,9287.2908,9,0.583,0.1276,0.2894,0
299.6606,23.5231,30335.6114,18,0.5457,0.1305,0.3238,0
104.277,23.6144,43181.6142,1,0.6174,0.1307,0.2519,0
160.3884,34.4393,34533.5031,5,0.7763,0.06,0.1637,0
63.4383,9.566,23383.0765,14,0.6136,0.1764,0.2099,0
215.9484,31.3886,9870.8212,11,0.7972,0.2028,0.0,0
197.392,44.3336,15366.6956,6,0.6521,0.3479,0.0,0
106.8977,22.1339,25598.7503,17,0.794,0.206,0.0,0
228.5163,8.8355,24706.7193,18,0.8851,0.1149,0.0,0
678.3007,253.8948,388841.8676,87,0.9272,0.0728,0.0,1
112.8125,42.2989,49891.7696,3,0.6577,0.2288,0.1135,0
161.3836,5.6463,24116.2759,8,0.5751,0.1746,0.2503,0
206.521,37.5153,23793.3785,1,0.5002,0.394,0.1058,0
237.3835,13.4076,17454.3546,17,0.7898,0.1779,0.0322,0
250.1774,38.259,35884.4541,16,0.7574,0.2156,0.0271,0
1238.5961,336.4291,248610.3282,40,0.9762,0.0238,0.0,1
1269.2151,274.1017,102958.693,68,0.677,0.0095,0.3135,1
87.869,10.2299,24470.331,18,0.8504,0.1335,0.0161,0
408.8663,444.074,102419.5344,61,0.6827,0.1102,0.2071,1
147.6137,25.4271,21524.5184,17,0.8282,0.1718,0.0,0
64.7943,1.5173,9792.846,8,0.8514,0.1486,0.0,0
1470.416,147.0575,195481.8538,79,0.8975,0.0607,0.0418,1
62.4687,17.1529,26960.0055,3,0.5107,0.354,0.1353,0
543.4178,423.0241,320638.9025,95,0.7606,0.2061,0.0333,1
249.8323,18.7978,2903.6563,16,0.7556,0.1766,0.0678,0
199.5096,3.9658,44924.581,18,0.6405,0.097,0.2625,0
293.6333,26.8275,28050.9212,9,0.8807,0.1193,0.0,0
23.3293,1.1483,35257.7544,3,0.8492,0.1508,0.0,0
24.1226,23.6593,14390.7007,4,0.5311,0.322,0.1468,0
176.0842,42.7885,18411.0694,18,0.6442,0.2408,0.115,0
1944.0143,497.2394,200012.1559,50,0.6498,0.0752,0.275,1
1776.6016,285.1304,489595.4361,88,0.6905,0.2622,0.0473,1
675.4376,351.9709,432130.6778,95,0.8379,0.1621,0.0,1
954.4134,219.1316,209641.151,62,0.6708,0.1342,0.195,1
1578.0546,247.7637,484904.2156,20,0.9349,0.0543,0.0108,1
217.8982,14.6889,10347.5977,17,0.7551,0.1613,0.0836,0
278.0413,14.4171,49828.127,19,0.8007,0.1993,0.0,0
92.3749,18.615,48021.8838,10,0.5253,0.2313,0.2434,0
155.303,35.7295,39422.7749,3,0.5383,0.2926,0.1691,0
80.5816,12.8981,26001.4371,10,0.6538,0.0948,0.2514,0
206.6234,40.4965,8662.8192,6,0.568,0.2846,0.1473,0
49.9601,17.509,28357.6195,6,0.6276,0.1641,0.2084,0
211.0214,21.8546,42121.5958,13,0.7905,0.1157,0.0938,0
257.6843,39.9633,22324.5871,17,0.7953,0.2047,0.0,0
278.2391,41.5952,18225.5,14,0.5336,0.3847,0.0817,0
170.4855,10.3907,508.4732,15,0.535,0.2636,0.2013,0
137.2747,9.3032,22231.7169,2,0.5176,0.0794,0.403,0
173.743,41.7684,40738.5884,13,0.5934,0.0808,0.3258,0
37.8624,34.5728,33659.4388,11,0.8355,0.1645,0.0,0
914.1749,254.2784,80250.6017,90,0.6652,0.124,0.2108,1
1236.2581,378.6047,377255.6856,64,0.9327,0.0673,0.0,1
158.5638,45.1375,10160.6523,8,0.5707,0.3395,0.0897,0
938.7741,146.4008,221999.4481,55,0.9858,0.0142,0.0,1
596.0124,426.6841,264185.7027,96,0.7288,0.0784,0.1928,1
205.2652,22.1005,46493.2872,15,0.8847,0.1153,0.0,0
1895.7908,284.5653,325755.2807,83,0.8622,0.0726,0.0651,1
1460.6177,140.9543,196105.4842,66,0.8144,0.1856,0.0,1
35.6332,9.416,27207.0139,14,0.6664,0.3235,0.0101,0
243.1961,4.4205,31367.6276,15,0.6941,0.2333,0.0726,0
234.1518,38.8965,31029.0076,9,0.5541,0.281,0.1649,0
217.9465,17.7879,15329.4399,10,0.5925,0.3722,0.0352,0
1138.8625,477.4944,493265.503,50,0.9739,0.0261,0.0,1
279.4572,31.321,6578.2956,2,0.591,0.3713,0.0377,0
1025.015,304.6844,221970.7626,92,0.7773,0.0339,0.1888,1
121.5904,49.8307,15181.2871,2,0.5342,0.1321,0.3337,0
132.53,31.0777,27988.181,10,0.8764,0.1236,0.0,0
1970.4934,436.3664,377580.2312,60,0.7252,0.1775,0.0973,1
43.5011,26.7614,3561.6269,18,0.7189,0.2256,0.0555,0
1713.1505,315.9218,199121.766,25,0.8882,0.0726,0.0392,1
707.3933,457.3783,465798.8002,53,0.7459,0.0609,0.1932,1
1641.9335,88.9296,245081.3445,67,0.8756,0.1244,0.0,1
127.2048,18.2401,22173.2955,4,0.5087,0.2183,0.2729,0
111.2112,8.2245,2657.8937,13,0.5619,0.2818,0.1563,0
905.7121,303.2474,464318.3021,71,0.7417,0.2001,0.0582,1
125.5802,41.5024,40244.652,13,0.7624,0.1531,0.0845,0
1789.3852,126.3028,81691.5284,98,0.7284,0.0857,0.1859,1
570.5891,356.0629,101597.0676,76,0.9022,0.0978,0.0,1
229.9707,46.5066,13747.0626,4,0.6845,0.3155,0.0,0
192.187,29.5412,7327.283,9,0.8332,0.0839,0.0829,0
911.0464,185.1191,340310.7651,97,0.6742,0.1052,0.2206,1
1398.0356,150.2195,375843.6466,46,0.8143,0.1857,0.0,1
1177.7965,225.7214,437688.6201,95,0.875,0.089,0.036,1
496.5293,88.0383,327513.9939,67,0.8606,0.0039,0.1356,1
563.8195,401.0557,80578.8389,72,0.9684,0.0316,0.0,1
36.1004,27.4213,812.7532,13,0.5181,0.2412,0.2406,0
241.55,7.583,1666.1337,4,0.7383,0.1736,0.0881,0
50.3115,41.2906,42796.3031,13,0.8809,0.1191,0.0,0
287.9445,37.6878,42266.3639,14,0.5172,0.2534,0.2294,0
124.0212,39.8573,24374.2921,2,0.865,0.0651,0.0699,0
104.0776,37.069,32258.3597,17,0.5617,0.0711,0.3672,0
21.7447,38.9721,16189.9143,5,0.5387,0.0586,0.4027,0
68.8467,3.7703,43052.5467,2,0.662,0.2864,0.0516,0
562.947,144.6421,480520.4518,85,0.8988,0.0669,0.0343,1
267.1737,18.9424,17208.1672,6,0.8198,0.1802,0.0,0
163.6262,4.4241,2051.5697,7,0.8213,0.1438,0.0349,0
265.4329,38.8822,22782.9388,15,0.7434,0.0853,0.1713,0
130.5482,8.5196,44557.7899,18,0.8293,0.1707,0.0,0
203.6763,47.1669,23805.7805,3,0.5895,0.2667,0.1439,0
1948.4647,121.1951,409669.3422,92,0.7038,0.2962,0.0,1
781.3918,113.9043,86399.6575,90,0.8271,0.1137,0.0592,1
93.1557,3.1943,7401.8528,5,0.7523,0.0683,0.1794,0
103.3899,22.0644,47712.6826,19,0.8298,0.143,0.0272,0
215.2693,27.8798,22152.0426,12,0.5371,0.2218,0.241,0
979.6483,491.5665,328158.5484,57,0.9566,0.0434,0.0,1
185.8543,42.2247,22191.5475,7,0.611,0.2764,0.1126,0
163.2112,14.7467,11720.2539,10,0.7493,0.2507,0.0,0
86.7333,48.988,22978.3253,15,0.8007,0.0782,0.1211,0
200.2538,47.8157,1194.0429,14,0.8486,0.1514,0.0,0
760.1255,337.779,492914.1832,78,0.8135,0.1865,0.0,1
86.2451,1.4273,6980.3967,16,0.7545,0.2455,0.0,0
1154.1544,97.7687,268913.7288,30,0.7607,0.0592,0.1801,1
1957.335,194.8932,137209.8671,70,0.7584,0.1718,0.0698,1
130.0676,15.3348,24462.1297,3,0.5472,0.1416,0.3112,0
1033.1171,463.4288,344438.5,52,0.7628,0.2372,0.0,1
189.0307,11.9252,36008.4894,3,0.6902,0.0913,0.2184,0
1234.0932,469.7015,360002.0055,27,0.661,0.2959,0.043,1
259.2727,34.4082,29247.5693,8,0.5514,0.3239,0.1246,0
285.8712,41.1464,6549.3964,4,0.5382,0.1569,0.3049,0
230.4043,31.0297,8554.8378,14,0.8066,0.1934,0.0,0
227.1378,19.0146,33832.7113,11,0.5522,0.2641,0.1837,0
223.1064,26.5598,37710.1886,19,0.8651,0.1349,0.0,0
227.3123,7.4824,22778.1173,10,0.8078,0.1922,0.0,0
270.6569,23.9778,39770.9257,1,0.5488,0.1626,0.2886,0
210.128,11.27,39069.2512,6,0.64,0.2856,0.0743,0
180.9568,26.1305,42118.8513,13,0.7669,0.1465,0.0865,0
109.2971,12.7464,41767.3211,3,0.6855,0.3145,0.0,0
292.6053,36.7348,33604.6891,2,0.7109,0.1562,0.1329,0
229.8261,17.2924,4757.4667,8,0.5019,0.1011,0.397,0
48.6457,7.0256,1232.5211,9,0.6918,0.0735,0.2347,0
289.7285,9.3421,23868.8071,8,0.5533,0.3882,0.0585,0
106.2073,22.1245,47655.443,4,0.8561,0.0898,0.054,0
184.5791,35.6618,29572.0122,13,0.6032,0.3968,0.0,0
1176.6751,493.2986,132489.4836,85,0.652,0.1,0.248,1
259.5653,48.8707,38587.9166,4,0.7622,0.0861,0.1517,0
70.7339,41.2628,2279.6858,17,0.7769,0.2231,0.0,0
1004.6868,478.77,124905.7867,68,0.7037,0.2306,0.0657,1
55.7044,49.6625,28616.5123,16,0.5891,0.1514,0.2595,0
75.8037,46.9391,17594.0323,1,0.8982,0.1018,0.0,0
268.7688,28.7302,35445.362,9,0.7541,0.2459,0.0,0
1760.2057,417.8535,483596.63,21,0.7495,0.0114,0.239,1
973.7779,178.7772,192371.4214,53,0.6237,0.1549,0.2214,1
172.5738,48.0139,6654.2598,16,0.748,0.252,0.0,0
866.2175,251.528,374026.2393,21,0.9053,0.0947,0.0,1
82.6981,1.074,14608.7941,3,0.6282,0.2552,0.1166,0
1914.5753,473.2677,482789.3119,70,0.7479,0.0167,0.2354,1
100.0683,35.1304,46514.4674,16,0.8724,0.1276,0.0,0
1366.7613,144.8211,272782.902,64,0.8574,0.0661,0.0765,1
193.1723,30.9487,37526.2429,15,0.8799,0.1201,0.0,0
125.4057,41.9122,34083.2348,12,0.7967,0.2033,0.0,0
219.7888,43.126,40337.4615,15,0.6828,0.0569,0.2604,0
1616.5297,487.719,138679.7903,73,0.6386,0.2167,0.1448,1
207.4803,18.2049,10266.5066,1,0.5061,0.3876,0.1064,0
1940.5792,390.274,98748.1984,67,0.7608,0.0604,0.1788,1
131.9107,14.0487,27429.7423,14,0.5675,0.3116,0.1209,0
229.8205,21.0535,44309.6,19,0.5372,0.1891,0.2736,0
113.7482,43.9861,46197.1521,16,0.5724,0.243,0.1846,0
168.9993,9.7648,32078.2864,9,0.7522,0.2478,0.0,0
135.6253,44.1126,43952.8327,13,0.8666,0.1235,0.0099,0
177.0044,19.1055,49488.9626,6,0.7635,0.1881,0.0484,0
186.0695,33.3607,9380.9905,13,0.5505,0.1117,0.3378,0
252.8412,12.2847,29130.2138,3,0.7491,0.2509,0.0,0
1388.7899,328.6716,180988.2889,29,0.8084,0.159,0.0326,1
140.2466,47.4397,23128.3906,4,0.6219,0.2915,0.0866,0
1467.2267,399.426,427333.3401,22,0.8839,0.1161,0.0,1
36.5999,28.5905,4198.6366,9,0.7265,0.1226,0.1509,0
299.9933,31.8834,4875.8355,4,0.5452,0.2051,0.2497,0
243.7954,37.2948,36482.4749,6,0.7926,0.0825,0.1249,0
1371.981,443.9267,299226.9609,74,0.7403,0.165,0.0947,1
127.9248,24.0072,49568.6855,11,0.8602,0.1398,0.0,0
156.3126,33.9414,39626.2315,18,0.7595,0.1451,0.0954,0
280.5918,20.318,17682.881,12,0.6105,0.3515,0.038,0
1038.4803,332.059,388641.5219,85,0.729,0.1523,0.1187,1
620.06,341.5587,86531.8347,86,0.7824,0.1385,0.079,1
53.6742,13.7089,10573.9555,7,0.6831,0.3169,0.0,0
254.8989,20.1189,22373.3527,4,0.729,0.271,0.0,0
292.9634,1.4255,34854.0216,5,0.7807,0.054,0.1652,0
827.3056,324.597,419473.8403,78,0.7488,0.2512,0.0,1
200.7493,44.6383,15293.9578,16,0.5553,0.2879,0.1568,0
88.4565,6.8257,13157.7869,16,0.8059,0.0978,0.0963,0
102.5554,7.2064,41575.1311,5,0.8368,0.1632,0.0,0
153.1067,41.6218,27283.7184,1,0.71,0.0987,0.1913,0
597.7617,475.2357,257121.8709,86,0.9224,0.0776,0.0,1
132.86,13.2924,39085.4803,16,0.7327,0.1469,0.1204,0
143.7506,43.0144,6173.2085,1,0.6022,0.2445,0.1533,0
1878.2922,401.9792,313275.3933,51,0.6518,0.2488,0.0995,1
178.9046,35.9406,12391.4008,12,0.7237,0.0713,0.2051,0
1480.6701,114.8273,441526.4634,49,0.6413,0.2976,0.0611,1
254.6367,39.8385,43514.9551,9,0.5128,0.3982,0.089,0
657.8989,421.7242,429105.6438,25,0.7228,0.0973,0.1799,1
1960.6536,175.0744,219689.7339,54,0.7172,0.2828,0.0,1
598.3374,129.2909,300730.8434,26,0.7374,0.0195,0.2431,1
268.837,4.0063,31661.3008,17,0.6032,0.204,0.1928,0
679.9383,348.9553,234214.4804,52,0.6386,0.155,0.2063,1
108.5021,5.5939,25420.2395,7,0.542,0.1537,0.3043,0
1838.7953,169.9638,285980.6533,89,0.7071,0.2604,0.0325,1
64.7985,32.4544,18871.6267,7,0.7867,0.2133,0.0,0
1609.1309,397.8847,254769.5867,87,0.8844,0.1156,0.0,1
171.381,33.7749,21976.5623,14,0.8019,0.1956,0.0025,0
784.7081,173.0546,83069.3372,45,0.6293,0.161,0.2097,1
200.9457,8.5866,10057.0606,14,0.8755,0.1245,0.0,0
63.3044,40.7843,11167.292,19,0.5787,0.3252,0.096,0
721.197,94.7637,324642.9516,61,0.8949,0.1051,0.0,1
94.6972,33.9851,29450.9119,15,0.6487,0.0595,0.2918,0
613.3551,419.1754,454390.1264,24,0.6482,0.2081,0.1436,1
62.6218,25.5075,17621.3202,18,0.8847,0.0718,0.0435,0
108.1915,48.6841,1936.8065,19,0.7545,0.2455,0.0,0
240.7806,41.4833,26047.6274,10,0.7087,0.2913,0.0,0
273.8401,37.4879,27223.6982,11,0.7999,0.2001,0.0,0
595.2495,245.1955,365822.5083,51,0.762,0.1857,0.0524,1
19.1586,37.3657,27478.6017,4,0.7531,0.1683,0.0786,0
43.96,14.226,21656.323,4,0.7354,0.1515,0.1131,0
106.8165,46.3643,47927.1543,9,0.5391,0.0773,0.3836,0
147.4405,32.935,33452.2261,6,0.8936,0.1064,0.0,0
254.839,47.886,49811.6108,3,0.5394,0.0957,0.3649,0
103.4034,48.5722,16965.3715,10,0.8569,0.0997,0.0434,0
12.499,13.2403,24824.4644,17,0.7496,0.1774,0.0731,0
100.3023,30.6149,4321.6337,18,0.7444,0.1536,0.102,0
241.4315,12.3199,29618.0126,10,0.8342,0.1658,0.0,0
1633.3145,482.0442,295389.9046,64,0.8757,0.1243,0.0,1
177.9035,43.1154,34153.9812,19,0.7684,0.2316,0.0,0
970.6955,386.9747,303372.3296,89,0.8127,0.0843,0.1029,1
164.1142,14.1802,40004.4379,14,0.7038,0.1141,0.1821,0
201.5647,33.1745,31297.556,1,0.7799,0.1359,0.0842,0
26.8041,17.9881,12011.3692,1,0.5852,0.0926,0.3222,0
509.9146,310.3051,300020.855,29,0.9636,0.0364,0.0,1
123.8932,40.664,38573.6208,11,0.7341,0.1785,0.0874,0
84.7091,9.9779,7293.3069,12,0.5045,0.0933,0.4022,0
208.8656,3.7499,2624.4703,13,0.6628,0.3372,0.0,0
416.6103,185.3493,243071.8282,76,0.7221,0.1037,0.1742,1
127.4578,5.8762,21743.5375,10,0.8331,0.1669,0.0,0
90.1114,8.2139,15592.8784,15,0.8839,0.1161,0.0,0
100.8644,5.7359,39857.2448,9,0.881,0.119,0.0,0
624.664,144.4725,90424.7482,80,0.7812,0.0187,0.2001,1
124.0425,36.3653,46254.5913,8,0.6179,0.2592,0.1229,0
1806.0592,419.4385,264389.4481,25,0.9597,0.0403,0.0,1
285.3153,6.4553,14564.7261,1,0.8806,0.1194,0.0,0
630.4769,120.1973,224722.2878,49,0.9446,0.0554,0.0,1
179.2131,17.237,29033.245,14,0.7338,0.0893,0.1769,0
161.3473,8.544,40161.8656,1,0.8604,0.1396,0.0,0
52.1479,47.6076,47343.1654,13,0.7063,0.202,0.0918,0
157.9945,24.094,47406.0304,5,0.817,0.183,0.0,0
103.2446,29.1089,40165.6887,13,0.5643,0.1269,0.3088,0
87.4565,8.8738,43866.2078,18,0.8818,0.1182,0.0,0
459.9013,229.649,436652.2655,77,0.8889,0.0006,0.1106,1
282.6055,34.6172,20762.641,7,0.6943,0.3057,0.0,0
632.3852,476.207,161168.2353,69,0.71,0.1651,0.1248,1
1975.1173,329.5027,387170.6106,44,0.6711,0.1411,0.1878,1
1255.4138,255.749,289592.0361,81,0.7505,0.1706,0.0789,1
796.8609,279.8079,195963.4962,24,0.664,0.2788,0.0572,1
156.898,44.1657,10511.1987,12,0.5931,0.3284,0.0785,0
1139.0646,111.858,412193.1376,32,0.8775,0.0095,0.113,1
1495.3471,372.4868,187807.0272,71,0.6257,0.1332,0.2412,1
284.6482,18.0039,27564.3689,14,0.8087,0.1848,0.0065,0
228.8262,1.7319,49854.3625,16,0.6814,0.3186,0.0,0
143.9272,22.9472,37839.6001,4,0.6818,0.2511,0.0671,0
135.0121,9.8708,20517.2843,11,0.5949,0.1461,0.2591,0
245.0507,1.3731,46159.5408,18,0.7356,0.2644,0.0,0
51.2621,43.4786,7604.2051,12,0.6421,0.1656,0.1923,0
956.9675,447.9648,351567.7544,51,0.8841,0.1159,0.0,1
80.6431,35.4669,48930.9293,4,0.7857,0.1553,0.059,0
43.8484,15.7912,38513.0413,5,0.7058,0.2942,0.0,0
74.3512,26.96,40358.6751,7,0.7595,0.2405,0.0,0
189.4549,26.4739,13866.8866,10,0.7637,0.2363,0.0,0
272.1374,26.1147,8736.7852,13,0.5293,0.305,0.1657,0
767.2635,144.0405,145770.7457,48,0.9143,0.0857,0.0,1
1998.7508,338.5442,494773.6251,72,0.9388,0.0612,0.0,1
1154.3107,260.7829,291374.017,71,0.7054,0.2265,0.068,1
249.9578,2.6284,47661.3937,14,0.601,0.3472,0.0519,0
235.1573,37.2583,32359.3108,8,0.8925,0.1075,0.0,0
868.7102,461.341,114441.3616,88,0.6303,0.0422,0.3275,1
1393.622,404.3931,382360.4825,52,0.7348,0.0597,0.2055,1
169.3531,49.9536,27076.0418,11,0.7309,0.2691,0.0,0
62.6417,43.2244,39225.7048,2,0.7455,0.2545,0.0,0
81.3593,13.6027,47156.3455,5,0.6028,0.0572,0.3401,0
246.4271,30.9251,32548.9387,8,0.8938,0.1062,0.0,0
58.6406,18.4979,49087.8864,5,0.6927,0.3054,0.0019,0
174.9618,5.8558,9516.2456,12,0.743,0.257,0.0,0
157.4198,28.5101,3655.338,14,0.8046,0.1954,0.0,0
10.6993,14.872,7886.7302,19,0.8717,0.1283,0.0,0
283.0463,21.6159,6559.2841,2,0.8425,0.0931,0.0644,0
46.7035,31.533,35113.4817,10,0.6367,0.1876,0.1758,0
252.5111,3.4034,48556.2906,2,0.7915,0.1196,0.0888,0
215.8601,9.2723,4009.3159,7,0.6813,0.0514,0.2672,0
23.0833,45.2442,41616.384,14,0.7507,0.2103,0.039,0
292.2711,13.4072,14559.1643,11,0.5649,0.1985,0.2366,0
454.0232,371.087,228377.1286,86,0.7819,0.1821,0.0361,1
184.2902,1.4426,46249.6211,10,0.5384,0.1407,0.3208,0
52.5103,44.8287,22742.2343,1,0.7165,0.175,0.1086,0
168.2359,25.2365,34843.2088,17,0.562,0.2986,0.1394,0
291.4498,34.4988,8524.3099,2,0.7939,0.2061,0.0,0
163.2771,39.7321,30160.727,7,0.5872,0.2007,0.2121,0
85.1525,7.2788,41741.7384,8,0.508,0.1842,0.3077,0
86.6533,46.6464,16218.4422,11,0.8378,0.1622,0.0,0
403.9137,341.5483,448006.7553,77,0.6358,0.0633,0.3009,1
210.9977,31.6659,42180.0285,17,0.7289,0.2711,0.0,0
221.6078,21.5949,40140.205,12,0.6541,0.3459,0.0,0
1219.3629,234.3744,137622.124,33,0.6791,0.2701,0.0508,1
1445.8828,353.0534,162197.7978,36,0.8684,0.1316,0.0,1
907.3544,131.1856,139264.5635,89,0.8298,0.1702,0.0,1
1928.728,409.9882,217215.4498,22,0.9535,0.0465,0.0,1
1525.0932,151.5829,401905.4599,31,0.6178,0.1352,0.247,1
657.1791,212.1015,143609.9129,50,0.9718,0.0282,0.0,1
168.1018,32.0532,49980.265,1,0.7833,0.2167,0.0,0
177.3699,39.8718,36254.6312,13,0.8523,0.1477,0.0,0
88.7026,31.6166,31815.5304,17,0.7732,0.0984,0.1284,0
267.4509,49.7578,29832.9302,14,0.6406,0.1097,0.2496,0
1552.8186,248.0937,124139.0237,94,0.7293,0.1032,0.1675,1
1311.1038,295.1082,407089.929,88,0.6018,0.1512,0.247,1
891.4586,160.7106,163333.4867,19,0.8586,0.1414,0.0,1
36.1343,9.9828,26444.9448,19,0.5966,0.286,0.1174,0
218.8407,39.133,23481.6967,9,0.6416,0.2335,0.1248,0
87.4229,25.7109,42363.4282,15,0.7709,0.2291,0.0,0
223.4341,1.149,27232.0066,19,0.8968,0.1032,0.0,0
132.1712,25.2242,26540.7969,9,0.5148,0.2571,0.228,0
1729.4611,390.1881,445487.1358,29,0.7665,0.0586,0.175,1
259.6323,28.2785,37948.9787,2,0.6557,0.2749,0.0695,0
296.4178,24.3136,15162.4352,13,0.7558,0.1693,0.0749,0
296.5712,2.104,49454.9734,5,0.7263,0.2737,0.0,0
174.5346,7.2496,26249.7649,8,0.6828,0.1008,0.2163,0
173.1332,7.2119,6195.2171,12,0.7363,0.2592,0.0045,0
203.8537,44.3563,48662.998,14,0.7466,0.2534,0.0,0
1122.3901,299.6882,484209.3958,49,0.8539,0.0904,0.0557,1
215.2624,9.829,29398.5806,15,0.8731,0.1269,0.0,0
167.1362,28.6621,19501.0366,5,0.8309,0.1691,0.0,0
806.588,271.5055,225466.406,76,0.8694,0.0704,0.0602,1
234.581,16.5775,30749.1265,6,0.5032,0.2997,0.1972,0
215.1075,42.7151,13678.2413,13,0.7285,0.1174,0.1541,0
60.646,18.1303,12822.9544,15,0.7616,0.2384,0.0,0
1397.1339,323.5703,471164.0564,98,0.9879,0.0121,0.0,1
110.0011,14.8596,40336.2074,9,0.8867,0.1133,0.0,0
1956.8297,175.2707,355619.0993,27,0.8493,0.1507,0.0,1
1581.2555,480.8208,487419.4962,48,0.7492,0.1405,0.1103,1
174.6493,40.0333,31381.8722,5,0.52,0.1919,0.288,0
510.6229,274.4921,347859.9766,27,0.9001,0.0013,0.0986,1
232.1497,42.6932,4595.3463,8,0.8744,0.1256,0.0,0
139.9912,35.0734,14182.4332,3,0.8159,0.1841,0.0,0
173.2601,4.7491,5557.2628,5,0.8532,0.1468,0.0,0
615.7107,126.7256,82007.5052,88,0.6096,0.118,0.2724,1
813.3749,202.0192,120964.5222,64,0.6454,0.0509,0.3037,1
539.0827,428.7601,469170.6949,75,0.7235,0.2454,0.0311,1
1796.3723,344.2246,206496.3394,78,0.8193,0.1768,0.0039,1
95.7718,18.0677,22884.1706,17,0.7109,0.2891,0.0,0
38.1236,37.2777,35248.6656,17,0.7044,0.2956,0.0,0
660.5931,157.2468,89934.3277,32,0.9127,0.0142,0.0731,1
16.8708,20.9732,16824.5287,4,0.7853,0.1293,0.0854,0
81.7237,47.5201,34198.3583,1,0.5639,0.317,0.119,0
76.9496,1.7409,40479.0102,5,0.8917,0.1083,0.0,0
101.967,22.561,39104.459,3,0.8867,0.1133,0.0,0
93.84,12.4252,38035.1637,16,0.8352,0.141,0.0238,0
185.8127,27.1411,13538.6695,5,0.5404,0.374,0.0856,0
59.472,32.4606,44832.5302,17,0.8495,0.1505,0.0,0
125.521,49.9424,29529.5099,5,0.8195,0.1805,0.0,0
30.3332,22.1478,48346.2633,8,0.7508,0.2149,0.0343,0
216.2991,29.854,37472.2079,17,0.6688,0.2625,0.0687,0
211.7101,34.0209,1373.1171,11,0.5722,0.3099,0.1179,0
1549.3452,274.8516,444212.8972,26,0.7308,0.0812,0.188,1
75.1894,2.5893,19445.3836,9,0.5173,0.3813,0.1014,0
293.7274,13.8563,925.2678,11,0.8779,0.1221,0.0,0
93.5862,48.7366,33069.7112,2,0.7324,0.0827,0.1849,0
1242.2255,109.8722,90289.6287,39,0.9445,0.0555,0.0,1
136.0803,1.028,19163.2444,10,0.6279,0.173,0.199,0
153.2338,29.6506,12517.6292,3,0.8721,0.1279,0.0,0
231.77,14.1218,48874.1481,3,0.5603,0.0695,0.3702,0
1133.3001,440.7411,387174.0451,71,0.6586,0.2418,0.0996,1
280.124,18.3973,16779.0803,14,0.6608,0.1448,0.1944,0
129.9449,43.7558,10793.9045,2,0.5285,0.1419,0.3296,0
151.2248,16.033,9172.6826,3,0.8107,0.1893,0.0,0
183.083,13.2388,509.3878,2,0.5774,0.1913,0.2313,0
204.8377,12.0487,36731.6024,5,0.6703,0.3297,0.0,0
1482.7447,361.7442,314627.3289,32,0.7502,0.2426,0.0072,1
163.5235,27.1699,30190.3244,6,0.5238,0.2086,0.2675,0
1097.3565,219.7745,90682.9589,87,0.8884,0.1116,0.0,1
222.3723,47.6826,3806.59,18,0.755,0.245,0.0,0
154.2129,16.318,42265.6338,17,0.7895,0.2105,0.0,0
1321.4105,158.4321,438502.8191,45,0.9786,0.0214,0.0,1
99.3568,19.312,6815.472,19,0.8854,0.1131,0.0014,0
194.7514,44.3832,32390.8501,2,0.6544,0.1549,0.1907,0
1311.2043,385.7918,229528.7319,43,0.8063,0.034,0.1598,1
94.3426,32.0849,18475.6577,7,0.7816,0.1461,0.0723,0
89.0449,24.6521,19724.1387,4,0.6336,0.3664,0.0,0
988.403,381.0972,287313.7618,43,0.6468,0.1297,0.2235,1
128.4942,20.196,29797.4117,15,0.6545,0.3455,0.0,0
740.1537,401.3388,162675.3348,63,0.707,0.2215,0.0716,1
203.8424,8.192,10827.2805,8,0.7837,0.2163,0.0,0
280.0342,10.5152,38698.2669,10,0.7579,0.1908,0.0513,0
777.1605,197.2729,377082.7857,34,0.7567,0.1202,0.1231,1
103.8363,3.6704,38005.6589,9,0.6653,0.3022,0.0325,0
887.0247,269.4685,476186.5518,78,0.9176,0.0824,0.0,1
12.9309,22.6384,45229.7186,2,0.7934,0.1606,0.046,0
105.1616,5.3444,28120.8291,4,0.5597,0.0594,0.3809,0
831.6792,298.426,271340.5981,20,0.8515,0.0415,0.107,1
199.038,37.7845,25057.8835,12,0.7635,0.2365,0.0,0
67.4144,6.1122,1948.2077,6,0.5101,0.069,0.4208,0
168.9373,2.9203,20321.0043,11,0.6653,0.316,0.0187,0
195.7274,24.3289,33919.0195,6,0.5923,0.3358,0.0719,0
1000.8392,341.1261,97407.298,40,0.6268,0.091,0.2822,1
1954.4704,461.9054,135834.3415,61,0.7574,0.1454,0.0972,1
34.503,39.4631,29808.6189,5,0.659,0.1918,0.1492,0
1041.6947,405.9917,182589.833,43,0.6091,0.0303,0.3605,1
245.1792,19.8037,25066.9631,19,0.5368,0.2062,0.2569,0
705.1416,205.308,203625.9676,86,0.6321,0.168,0.1999,1
278.8123,43.1289,24966.1263,12,0.6265,0.2302,0.1433,0
90.2059,4.4094,44076.8084,12,0.6578,0.1068,0.2353,0
93.5651,18.7987,4710.0851,9,0.6255,0.3716,0.0028,0
1382.829,239.0617,451318.1395,99,0.6842,0.2242,0.0916,1
34.4995,31.1022,3916.964,6,0.5882,0.2661,0.1457,0
113.4698,42.1874,27868.1459,19,0.7956,0.2044,0.0,0
39.2758,1.0061,29976.9695,9,0.5802,0.1536,0.2661,0
991.7887,102.8702,231352.183,34,0.9863,0.0137,0.0,1
126.9493,2.701,49193.9896,11,0.8872,0.1128,0.0,0
148.329,40.7967,43591.3284,15,0.517,0.2903,0.1927,0
163.2048,8.1593,48120.9522,5,0.7557,0.209,0.0353,0
266.5369,21.6953,39154.4847,9,0.5819,0.284,0.1341,0
257.0699,22.4735,3914.2245,5,0.863,0.137,0.0,0
951.7679,372.7506,327166.8859,38,0.6984,0.2895,0.0121,1
118.1386,2.8664,4786.5093,18,0.8702,0.1298,0.0,0
188.184,8.6973,39607.5872,13,0.6147,0.2904,0.0948,0
1269.2406,482.8993,426169.8093,82,0.8591,0.0799,0.061,1
1649.7945,97.5139,376807.1582,63,0.8455,0.0941,0.0604,1
221.1299,16.0483,44847.9816,13,0.8803,0.1022,0.0175,0
221.6464,27.2777,8675.5039,4,0.5246,0.0502,0.4252,0
1196.9808,152.4902,211409.601,21,0.6816,0.2309,0.0874,1
203.8369,46.0424,40310.8493,8,0.8304,0.1696,0.0,0
259.4817,36.4811,5159.4044,8,0.8712,0.1288,0.0,0
33.2056,25.4147,37886.4522,4,0.5888,0.3712,0.04,0
26.0637,37.6361,2332.6694,18,0.7751,0.1126,0.1123,0
93.5374,41.1089,39424.1681,1,0.7744,0.2192,0.0064,0
89.4328,45.417,46465.1946,8,0.7352,0.2648,0.0,0
215.3657,5.6899,18032.0032,4,0.7772,0.2228,0.0,0
208.6012,34.8229,14856.6679,12,0.8755,0.0753,0.0492,0
170.6705,35.7994,42488.479,16,0.7402,0.1805,0.0793,0
73.1123,46.9298,46612.8361,1,0.5021,0.0518,0.4462,0
209.2005,10.4786,39456.1003,1,0.8752,0.1248,0.0,0
145.718,33.7702,32599.9669,14,0.7534,0.2248,0.0218,0
84.2737,47.8885,10300.693,7,0.7119,0.1771,0.111,0
71.4139,19.3793,15817.7746,2,0.8958,0.0814,0.0228,0
1450.6575,373.2742,464291.0816,34,0.7477,0.0862,0.166,1
23.1327,21.1928,16385.141,3,0.6918,0.2339,0.0743,0
1132.421,421.636,314359.7718,47,0.6153,0.2036,0.1811,1
1029.3257,375.7812,318999.3151,79,0.9329,0.0671,0.0,1
273.4178,39.3309,12693.7653,13,0.5279,0.2146,0.2575,0
120.7767,17.7752,41293.3629,8,0.6466,0.1368,0.2165,0
46.3445,13.1194,42502.0467,4,0.6041,0.3959,0.0,0
81.7044,26.478,17229.6105,11,0.8703,0.1297,0.0,0
251.2998,10.5112,648.9651,7,0.8511,0.1489,0.0,0
82.4962,27.1734,49193.2612,13,0.7658,0.2342,0.0,0
289.9706,9.6349,18152.7871,11,0.6161,0.3132,0.0707,0
1234.5735,97.3311,152190.7308,99,0.7757,0.1476,0.0767,1
128.6507,26.318,16822.2454,4,0.8821,0.1179,0.0,0
1579.8462,233.7655,403090.8578,92,0.6238,0.0317,0.3446,1
1199.1723,382.4622,320543.6944,29,0.9331,0.0669,0.0,1
940.9626,354.3306,358498.1106,43,0.7256,0.1755,0.0989,1
875.1931,309.1242,273540.2594,96,0.6549,0.1695,0.1756,1
510.2789,316.8862,350496.7046,16,0.8236,0.1255,0.051,1
132.965,5.1855,10508.7505,4,0.7203,0.1722,0.1075,0
57.4739,36.556,19926.9159,18,0.8068,0.1932,0.0,0
298.9865,33.6382,31685.1012,18,0.5389,0.3365,0.1246,0
851.2532,199.0413,226198.0019,96,0.9628,0.0372,0.0,1
49.6812,4.7373,43280.8197,7,0.7726,0.1968,0.0306,0
129.028,28.4997,46861.6788,17,0.7267,0.2733,0.0,0
214.6811,11.508,18430.5802,4,0.5776,0.1787,0.2437,0
182.3536,15.8051,24502.1178,8,0.5675,0.1634,0.2692,0
62.7635,18.5433,11091.5607,14,0.5301,0.3654,0.1045,0
614.1404,411.424,159907.2079,30,0.7721,0.2279,0.0,1
65.0328,26.0643,2318.3878,15,0.8958,0.1042,0.0,0
1401.0375,158.3037,185086.6315,69,0.9368,0.0632,0.0,1
1216.1039,86.6186,345953.3635,22,0.8892,0.0738,0.037,1
184.7009,4.6333,19055.3666,6,0.622,0.2399,0.1382,0
63.1623,40.8344,1071.5468,6,0.5087,0.1016,0.3897,0
464.3414,189.6426,388217.1344,51,0.7185,0.2815,0.0,1
1802.7198,142.915,249151.3863,35,0.9659,0.0341,0.0,1
287.4977,18.6209,17448.9928,10,0.8257,0.1743,0.0,0
1781.7733,419.6822,343301.4463,83,0.8837,0.0844,0.0319,1
246.9149,35.3779,28706.5915,12,0.5854,0.2696,0.145,0
258.8563,4.2109,20809.4194,11,0.8916,0.1084,0.0,0
1520.2237,109.9198,277239.1439,26,0.9073,0.0927,0.0,1
123.0679,20.4858,4369.6204,13,0.5119,0.1247,0.3635,0
288.0753,33.3425,2966.5161,16,0.7447,0.2277,0.0276,0
129.0801,45.2775,13489.54,2,0.7097,0.2903,0.0,0
244.8828,16.2793,34575.9944,14,0.8055,0.1945,0.0,0
216.7354,25.9226,41962.3245,7,0.7884,0.1658,0.0459,0
160.6191,10.3199,1360.4536,2,0.5505,0.3572,0.0924,0
29.5152,40.2502,39213.1574,7,0.7477,0.2523,0.0,0
1957.8751,387.2106,297506.3503,37,0.865,0.1261,0.0089,1
277.9238,1.9747,34112.4212,17,0.7728,0.1086,0.1186,0
47.2045,14.5615,45861.4714,9,0.5998,0.1571,0.2431,0
1380.788,95.5214,204274.3707,60,0.934,0.066,0.0,1
570.7297,476.7222,426925.9759,40,0.8909,0.0708,0.0384,1
1997.2709,288.5955,208376.7052,15,0.8768,0.1232,0.0,1
26.9078,14.8679,34581.5625,5,0.6853,0.3147,0.0,0
1309.4404,193.6794,247761.1087,30,0.6766,0.1446,0.1788,1
472.6126,437.5457,225163.5968,46,0.9609,0.0391,0.0,1
1208.4215,288.9792,335767.0841,79,0.9847,0.0153,0.0,1
1756.5229,346.0757,308544.9842,54,0.6427,0.1561,0.2012,1
14.7068,44.8692,23414.1895,4,0.7517,0.1017,0.1466,0
136.7269,46.5327,26294.0622,2,0.7909,0.1461,0.063,0
173.175,6.649,32700.5496,3,0.7429,0.2571,0.0,0
61.1567,9.533,21890.2428,8,0.6148,0.3444,0.0408,0
275.011,24.1845,10593.0939,1,0.6491,0.1687,0.1823,0
249.7691,16.0443,10802.7437,18,0.5344,0.3669,0.0988,0
1263.2835,316.1845,458367.8899,95,0.853,0.147,0.0,1
1200.4126,367.8256,382175.7571,82,0.9434,0.0566,0.0,1
285.6928,45.5434,21542.4928,11,0.7146,0.2854,0.0,0
249.7647,20.6043,34322.4477,15,0.5789,0.3403,0.0808,0
220.8332,39.0415,39027.4008,18,0.7384,0.2616,0.0,0
253.9248,36.6603,47855.8504,15,0.7803,0.0924,0.1273,0
96.8174,28.0206,6990.9715,2,0.7573,0.1255,0.1172,0
54.3158,29.6168,35202.502,1,0.5366,0.3387,0.1247,0
755.6853,327.314,313269.4785,58,0.6217,0.1678,0.2104,1
216.9401,29.6004,3004.5423,18,0.6608,0.3392,0.0,0
108.9998,37.8965,23992.2354,5,0.8428,0.1572,0.0,0
97.5118,19.4026,27993.5828,16,0.8431,0.1569,0.0,0
1540.2398,154.4549,243189.6364,15,0.6373,0.1697,0.193,1
1944.7345,365.5199,457481.5904,45,0.7352,0.0085,0.2563,1
70.3696,7.1721,22066.7503,1,0.5123,0.2624,0.2252,0
180.906,20.8954,49423.0807,7,0.6851,0.1185,0.1964,0
46.5476,2.4306,3962.7865,18,0.6422,0.3495,0.0083,0
231.3151,24.3531,701.0377,10,0.6213,0.3181,0.0606,0
1305.7602,386.5783,392215.1445,74,0.9524,0.0476,0.0,1
228.9576,29.5957,17006.2075,6,0.5137,0.3317,0.1546,0
1873.7109,286.3111,198826.7118,84,0.7303,0.2175,0.0522,1
133.2447,16.3272,14514.856,8,0.7412,0.0942,0.1646,0
22.8752,8.0656,47158.5509,14,0.687,0.1426,0.1703,0
264.2306,38.9129,14589.6196,8,0.7508,0.2288,0.0204,0
215.6764,43.4744,43109.5326,4,0.5507,0.2268,0.2225,0
1527.8713,461.8906,251347.7316,96,0.8389,0.1611,0.0,1
1075.4533,292.6155,115110.3396,91,0.9215,0.0785,0.0,1
295.8974,48.9869,30604.6657,16,0.6685,0.3315,0.0,0
25.247,39.6978,30011.0118,14,0.8683,0.1317,0.0,0
1564.8624,401.416,461389.5446,15,0.8841,0.1159,0.0,1
10.2878,19.019,16125.9866,9,0.7447,0.0938,0.1615,0
132.8398,20.1227,41830.5792,14,0.6162,0.3193,0.0644,0
148.1225,16.8651,43862.2377,11,0.8194,0.1806,0.0,0
84.9816,4.4708,32956.4421,5,0.5281,0.1677,0.3042,0
1312.4247,312.5834,385162.6414,38,0.6413,0.1775,0.1812,1
119.9871,42.0866,4379.6353,18,0.6825,0.205,0.1125,0
243.3655,15.4067,41044.8642,4,0.6494,0.3312,0.0194,0
129.9347,10.8114,44322.3489,19,0.5784,0.0895,0.3321,0
95.479,17.3474,40838.3766,15,0.884,0.0841,0.0319,0
137.4803,24.9492,37334.0645,12,0.7803,0.2197,0.0,0
157.7546,40.9196,35974.2803,16,0.6901,0.3099,0.0,0
205.6541,13.3843,12741.9679,13,0.5444,0.0748,0.3808,0
29.9341,41.2083,5722.6731,8,0.8481,0.1519,0.0,0
83.1527,26.2793,46375.9134,3,0.5603,0.102,0.3378,0
13.5952,19.4672,42955.4991,19,0.8863,0.1137,0.0,0
750.3907,150.0585,255258.5243,41,0.7962,0.0374,0.1663,1
279.6665,48.4849,47082.2252,10,0.5789,0.3312,0.0899,0
420.3116,473.6276,246028.281,79,0.66,0.1059,0.2341,1
1533.2758,233.0008,94604.5019,28,0.7593,0.232,0.0086,1
188.2358,37.7326,9579.0506,12,0.8029,0.1971,0.0,0
264.7113,49.752,37333.4185,7,0.7983,0.2017,0.0,0
68.14,34.6407,19034.2325,2,0.5663,0.1775,0.2562,0
89.7974,11.2261,13237.9663,6,0.8052,0.1948,0.0,0
131.334,8.1049,11695.4576,12,0.8476,0.1524,0.0,0
283.3277,20.1018,4325.8212,15,0.6516,0.0744,0.274,0
280.6826,31.0903,45435.2954,9,0.5575,0.2589,0.1836,0
67.4609,20.936,12647.8727,4,0.7399,0.2601,0.0,0
1554.0038,126.114,174483.3954,29,0.8121,0.1256,0.0623,1
1427.6001,426.1504,224094.6711,88,0.7067,0.0159,0.2774,1
134.7657,46.7101,11659.6678,9,0.6813,0.1825,0.1362,0
124.8883,30.2607,9362.713,14,0.5402,0.2248,0.2351,0
11.9476,42.0324,13813.3891,2,0.7694,0.173,0.0576,0
404.1682,127.2129,471406.235,92,0.9544,0.0456,0.0,1
214.3854,14.2702,26910.6858,16,0.6444,0.3001,0.0555,0
214.498,10.6949,39867.5564,12,0.6794,0.1503,0.1704,0
172.1802,13.3206,46129.5817,12,0.7654,0.2346,0.0,0
35.7715,2.3017,25872.6367,10,0.5132,0.3093,0.1774,0
1374.1606,121.3714,136058.6115,45,0.9467,0.0533,0.0,1
29.3795,7.0095,16907.2699,12,0.8492,0.1508,0.0,0
179.4966,11.8542,7465.7818,4,0.8493,0.1098,0.0408,0
34.2153,24.7364,28354.1235,16,0.6562,0.1408,0.2031,0
111.8914,45.5086,11602.4123,12,0.7495,0.2505,0.0,0
55.3595,43.0311,9498.1031,5,0.5155,0.1607,0.3238,0
72.6725,45.4952,42566.1404,14,0.8278,0.1722,0.0,0
597.3054,456.7438,251256.5632,23,0.8649,0.1351,0.0,1
273.1059,16.3797,46144.8912,16,0.7903,0.2097,0.0,0
1792.2567,396.3893,157091.6619,56,0.8123,0.1827,0.0049,1
1439.8183,241.2078,218920.4704,38,0.6583,0.1378,0.204,1
24.9581,8.2601,41415.2178,10,0.8996,0.1004,0.0,0
38.9869,44.6526,18293.2534,1,0.8866,0.1134,0.0,0
100.6572,46.0324,5945.3782,5,0.5444,0.2221,0.2334,0
42.0825,8.9641,7119.0026,15,0.7851,0.186,0.0289,0
279.7306,43.2458,6775.2924,11,0.827,0.173,0.0,0
1629.5989,473.4677,282242.2784,17,0.8182,0.1818,0.0,1
91.2118,21.2852,1296.7575,6,0.5552,0.1154,0.3294,0
1150.2051,88.0773,368338.3291,82,0.708,0.1926,0.0993,1
863.9264,427.3313,93505.4408,15,0.6506,0.0699,0.2795,1
222.67,47.4993,21485.1486,1,0.7038,0.1927,0.1035,0
1129.6962,456.7371,181007.868,92,0.8153,0.1744,0.0103,1
297.353,18.7895,8172.84,17,0.8826,0.1174,0.0,0
19.0102,44.9111,25241.2509,12,0.7666,0.2334,0.0,0
1655.6717,318.0982,91071.709,20,0.8699,0.1301,0.0,1
82.0379,25.8429,17412.8165,10,0.6901,0.3099,0.0,0
215.792,44.4016,29645.1453,11,0.6688,0.1867,0.1445,0
40.6675,38.5995,37780.5382,13,0.7587,0.0745,0.1668,0
938.088,130.941,287118.1166,19,0.7801,0.2199,0.0,1
403.6016,400.6732,490422.5583,22,0.6386,0.0691,0.2923,1
277.3503,37.4797,37854.0702,2,0.5767,0.0565,0.3669,0
454.6659,301.2679,135868.2869,43,0.7895,0.2105,0.0,1
187.9422,4.1852,8688.7429,17,0.8572,0.1428,0.0,0
142.9607,21.9579,47275.9494,11,0.6013,0.3622,0.0364,0
1331.2858,491.5165,265360.114,49,0.6614,0.2394,0.0992,1
10.9302,33.3077,48589.2021,6,0.6127,0.242,0.1453,0
1161.0592,202.1758,237884.313,61,0.9574,0.0426,0.0,1
80.7782,21.7698,4253.5388,12,0.8302,0.1698,0.0,0
157.55,14.7939,8860.7087,11,0.5346,0.3579,0.1075,0
228.0693,26.8052,28306.1253,9,0.5361,0.3822,0.0817,0
295.5361,29.4315,32477.3206,1,0.6736,0.3264,0.0,0
164.1364,8.6985,24360.7517,14,0.5316,0.3819,0.0865,0
286.4296,35.4057,19963.9846,13,0.7287,0.1584,0.1128,0
1920.6439,356.0582,344016.1158,94,0.9683,0.0317,0.0,1
441.5486,220.7279,243789.9916,27,0.6362,0.2023,0.1616,1
50.4547,21.8282,42682.7557,10,0.6109,0.0599,0.3293,0
296.9376,22.6323,6739.613,12,0.7344,0.1405,0.1251,0
1579.9582,309.6216,152322.7699,18,0.68,0.1168,0.2032,1
76.9613,44.0199,47976.0157,19,0.5172,0.2355,0.2473,0
74.0964,22.2575,18971.2276,4,0.7055,0.0834,0.2112,0
99.0451,47.1009,11398.7812,8,0.5122,0.2026,0.2852,0
36.8421,3.9995,6053.8235,16,0.5125,0.1251,0.3625,0
35.6367,34.4771,24788.1943,15,0.7392,0.1048,0.156,0
24.3431,47.2455,38246.0008,17,0.7484,0.0795,0.1722,0
30.5321,26.0548,17507.2589,15,0.6104,0.0963,0.2933,0
1908.9983,332.1513,319586.1557,67,0.8643,0.1357,0.0,1
27.6456,30.4189,23457.6713,13,0.6393,0.1741,0.1865,0
93.1823,26.3852,12695.3056,11,0.5168,0.2721,0.2111,0
85.6918,49.8186,18106.7023,3,0.8584,0.069,0.0726,0
1719.0427,113.5876,473239.1752,72,0.9027,0.0327,0.0646,1
1107.1461,370.1961,465124.5479,68,0.6655,0.0188,0.3157,1
133.0483,19.5322,11717.5225,14,0.5956,0.098,0.3064,0
930.2041,451.357,284002.092,47,0.7859,0.108,0.1061,1
14.0915,32.8341,2748.5825,9,0.85,0.15,0.0,0
817.976,479.7081,86802.1368,63,0.7,0.1951,0.1049,1
226.652,7.3312,5332.9979,16,0.8989,0.1011,0.0,0
162.2756,11.6738,46123.1686,5,0.7104,0.2896,0.0,0
1063.0364,107.9983,458799.1059,71,0.7241,0.2759,0.0,1
194.7272,19.0874,47106.3223,3,0.6508,0.1655,0.1837,0
140.3126,7.1982,43504.7,14,0.7674,0.2326,0.0,0
146.8913,31.1187,18502.571,19,0.7689,0.2311,0.0,0
244.8816,40.8288,12599.9756,1,0.7448,0.0711,0.1841,0
213.4063,29.9242,40790.6526,19,0.7243,0.2662,0.0094,0
660.6052,357.5409,87394.3019,51,0.809,0.0492,0.1418,1
206.9429,49.9093,37224.388,10,0.7141,0.2859,0.0,0
59.4135,22.0036,10561.0406,15,0.7503,0.1331,0.1166,0
256.9761,22.3505,46979.006,14,0.7706,0.2232,0.0062,0
53.3564,2.5122,42791.7489,11,0.573,0.3183,0.1087,0
141.8831,29.976,18354.8274,2,0.8766,0.0702,0.0532,0
66.0818,15.5775,6645.8524,6,0.6531,0.1503,0.1966,0
256.4218,34.8876,44164.6142,3,0.8266,0.1734,0.0,0
1214.5021,101.4056,123495.5328,60,0.6802,0.1729,0.1468,1
15.8757,47.9619,45120.3326,2,0.8347,0.1653,0.0,0
239.0727,7.4783,32674.0371,7,0.7706,0.2294,0.0,0
1710.7732,287.9675,482587.1841,48,0.8582,0.1418,0.0,1
144.5102,24.0928,3507.1606,1,0.5608,0.0931,0.3461,0
238.1681,12.626,36223.127,18,0.53,0.1571,0.3129,0
249.7473,39.8267,16655.7558,2,0.8214,0.1786,0.0,0
743.2853,401.7914,488162.5603,38,0.8114,0.0341,0.1545,1
72.8205,15.9359,21789.5414,18,0.695,0.1763,0.1287,0
235.7245,13.5541,24417.3656,18,0.8555,0.1445,0.0,0
49.1647,1.5813,28398.5926,16,0.8821,0.1179,0.0,0
47.8944,2.7359,18107.5754,5,0.5528,0.3408,0.1064,0
490.5653,104.4455,97181.7635,52,0.9832,0.0168,0.0,1
252.6376,41.1072,1418.467,14,0.5878,0.2158,0.1963,0
253.2048,11.5359,17930.9573,16,0.6353,0.0971,0.2676,0
792.5659,131.2423,396704.4002,48,0.941,0.059,0.0,1
1136.89,162.5088,113219.502,29,0.7795,0.178,0.0425,1
105.6598,41.2225,48148.5881,3,0.8366,0.1634,0.0,0
99.5702,23.2793,20880.6666,17,0.5774,0.1208,0.3018,0
10.5596,47.2381,45750.2422,10,0.6879,0.3121,0.0,0
292.3626,48.6239,25638.1133,9,0.6662,0.2658,0.068,0
231.5028,18.3775,37579.9284,11,0.6805,0.2287,0.0908,0
14.7825,30.2057,11618.2529,8,0.8371,0.1021,0.0608,0
77.0714,38.9784,44675.3332,13,0.7439,0.2561,0.0,0
1940.3138,256.8991,189408.6532,46,0.7118,0.1987,0.0895,1
216.7352,14.5009,25146.9396,18,0.8658,0.1131,0.0211,0
54.3344,24.4379,24871.1177,9,0.8695,0.1305,0.0,0
74.6669,3.3087,36312.3593,3,0.6139,0.2183,0.1678,0
1858.3816,351.3471,426798.2654,69,0.7327,0.074,0.1933,1
522.2672,404.4812,268460.6486,95,0.6933,0.1467,0.16,1
166.437,40.4595,38981.2502,18,0.78,0.1104,0.1096,0
1261.4101,173.6999,430555.1292,98,0.6464,0.1502,0.2035,1
1535.0421,103.5103,395973.4032,34,0.7749,0.2027,0.0223,1
240.5833,20.6727,46821.9631,3,0.6959,0.3041,0.0,0
46.8039,1.3117,17791.489,15,0.8191,0.1809,0.0,0
184.7198,33.6157,25504.2519,14,0.7488,0.1817,0.0695,0
719.6044,423.285,391198.4524,39,0.8404,0.0601,0.0995,1
35.4106,4.9649,41416.7396,5,0.5366,0.1856,0.2778,0
86.7265,4.0148,18545.6758,18,0.6785,0.3215,0.0,0
973.6451,216.3786,482035.3593,62,0.8128,0.1849,0.0023,1
32.6514,13.6662,28073.4251,13,0.8355,0.1645,0.0,0
1690.2218,101.1599,156945.0832,51,0.8759,0.1241,0.0,1
184.5387,4.8502,32847.2693,9,0.5895,0.2524,0.158,0
178.7797,47.8691,11875.7994,19,0.696,0.0719,0.232,0
97.4385,30.6506,4224.0999,13,0.7701,0.2299,0.0,0
263.0976,29.6073,20825.5658,17,0.6515,0.2655,0.083,0
85.8799,42.4153,2694.8757,8,0.6305,0.3635,0.006,0
294.5702,18.703,46460.277,14,0.5205,0.3956,0.084,0
104.8005,15.8121,36176.8864,17,0.5087,0.077,0.4143,0
1277.479,271.6445,263163.7085,87,0.6218,0.1234,0.2548,1
197.9472,16.6872,34803.8597,4,0.8243,0.1757,0.0,0
154.9877,3.1299,2670.4861,11,0.5793,0.2779,0.1427,0
146.8963,21.7174,14064.0571,8,0.7138,0.1491,0.1371,0
1603.0731,265.0799,341686.1134,36,0.6362,0.2491,0.1146,1
290.7335,16.7987,10702.65,8,0.7742,0.2258,0.0,0
277.9046,20.5312,23753.0169,8,0.5364,0.0707,0.3928,0
259.3915,21.7933,25286.5926,16,0.8009,0.0872,0.1119,0
205.7995,49.3556,38620.4374,12,0.7166,0.1897,0.0937,0
1382.7862,99.5586,478993.5885,84,0.753,0.0886,0.1584,1
265.669,40.4347,28099.8229,15,0.721,0.0502,0.2288,0
83.8193,48.8753,22674.6386,6,0.5092,0.0802,0.4106,0
183.2274,26.6193,1878.6813,11,0.8179,0.0637,0.1184,0
261.7886,18.7024,43366.5324,10,0.6646,0.1819,0.1534,0
163.9466,39.058,23375.6885,11,0.568,0.0947,0.3372,0
202.4014,45.9001,12377.27,4,0.5608,0.1347,0.3045,0
1635.8013,223.0365,81996.9988,33,0.7055,0.002,0.2925,1
103.7471,22.1608,28149.8753,4,0.6404,0.3596,0.0,0
274.0851,44.9178,21967.0851,19,0.8244,0.1756,0.0,0
188.8593,7.6464,35170.4494,12,0.5245,0.057,0.4185,0
1553.3598,203.9403,163977.2249,97,0.8032,0.1968,0.0,1
1956.1188,82.4494,99731.8766,26,0.6262,0.0878,0.2859,1
834.2376,400.1879,363200.9995,30,0.8684,0.1316,0.0,1
75.6866,30.8447,2000.5273,4,0.6908,0.0647,0.2445,0
245.4145,37.1609,18316.8669,5,0.628,0.2636,0.1083,0
238.4483,32.5332,30445.0474,6,0.8609,0.1391,0.0,0
116.6787,41.6687,45704.4089,9,0.8076,0.1924,0.0,0
55.2879,35.1336,3916.2014,18,0.7433,0.0695,0.1872,0
131.627,9.0589,27644.9803,19,0.8706,0.1294,0.0,0
250.2786,34.8278,49415.2033,2,0.8322,0.1677,0.0001,0
1143.616,234.17,417873.1323,52,0.9417,0.0583,0.0,1
129.8548,18.9828,3091.5065,16,0.6766,0.3029,0.0205,0
174.1217,12.9033,9019.3307,17,0.5152,0.0641,0.4207,0
100.5421,12.5235,24034.805,6,0.6494,0.1492,0.2014,0
35.444,32.2433,33913.1205,7,0.6154,0.3135,0.0711,0
1468.4394,91.1597,109279.111,57,0.7316,0.1061,0.1623,1
286.1629,8.4762,10723.0306,9,0.8899,0.1101,0.0,0
107.1636,20.4287,17994.2092,16,0.5593,0.0605,0.3802,0
168.3805,48.7377,24978.5158,14,0.644,0.2551,0.1008,0
267.626,10.8101,31431.7693,7,0.8153,0.1847,0.0,0
219.1018,31.1993,30340.3407,2,0.5511,0.1972,0.2517,0
82.4044,6.2332,21289.414,4,0.5384,0.1004,0.3613,0
731.2111,297.06,104635.7436,50,0.9566,0.0434,0.0,1
43.404,4.0988,27543.7285,15,0.8348,0.1652,0.0,0
55.6801,33.3899,19399.214,5,0.7114,0.0582,0.2305,0
102.5012,9.0777,21006.317,1,0.876,0.124,0.0,0
203.4575,3.3809,17416.5793,7,0.8762,0.1238,0.0,0
210.1961,36.7526,41535.9416,11,0.6797,0.3203,0.0,0
74.6177,28.829,6385.6933,8,0.5909,0.1836,0.2255,0
183.0083,9.1081,7808.3267,8,0.7037,0.106,0.1904,0
1778.135,238.3581,441021.2821,46,0.911,0.089,0.0,1
1571.7603,443.4063,379327.7028,84,0.7324,0.0992,0.1684,1
1705.6442,347.6658,349651.7899,95,0.7714,0.1543,0.0743,1
410.7231,121.332,374249.4548,46,0.6783,0.0124,0.3093,1
101.2287,34.8056,6386.0417,13,0.8697,0.1303,0.0,0
293.0772,12.5449,30136.9209,5,0.746,0.2233,0.0306,0
148.4767,43.8093,42418.1094,14,0.6389,0.2148,0.1464,0
61.1727,14.4118,27964.3983,19,0.8574,0.0536,0.0889,0
1703.957,368.4623,131155.5052,79,0.7936,0.2064,0.0,1
18.1352,43.9912,36421.3913,1,0.507,0.0728,0.4202,0
201.9558,23.0154,3454.9452,11,0.5186,0.1614,0.32,0
164.2651,1.5696,31227.8637,1,0.7171,0.2829,0.0,0
190.6907,37.0004,4091.281,8,0.7223,0.2777,0.0,0
217.2201,28.1703,38938.0846,13,0.8886,0.0877,0.0237,0
1294.2056,227.2997,439571.2476,63,0.6059,0.1302,0.2639,1
756.4512,441.6322,359367.4411,52,0.8673,0.0352,0.0975,1
284.5682,1.5934,15513.7768,16,0.6576,0.192,0.1504,0
1476.3786,303.9892,116947.8288,20,0.9333,0.0667,0.0,1
1843.4332,449.2165,180548.1001,97,0.7403,0.1243,0.1354,1
246.4494,20.0355,10932.5247,6,0.8042,0.1437,0.0522,0
160.3304,7.6349,25224.3731,19,0.6579,0.2767,0.0654,0
142.1648,37.7934,34186.3134,1,0.6057,0.1428,0.2515,0
212.6037,31.6493,34349.1473,12,0.5069,0.158,0.3351,0
145.8781,48.3745,33339.1533,7,0.5445,0.2812,0.1743,0
189.1241,11.6908,42497.5095,10,0.8962,0.1038,0.0,0
585.1776,145.4305,82201.2577,83,0.707,0.1688,0.1242,1
77.4287,4.2389,33892.4321,5,0.6529,0.122,0.2251,0
134.2919,45.6418,38229.4928,4,0.6107,0.3893,0.0,0
184.6055,47.7433,47621.7456,3,0.652,0.1905,0.1576,0
24.1295,39.6374,5021.3883,1,0.7799,0.2201,0.0,0
732.6127,454.0005,444295.8022,89,0.948,0.052,0.0,1
242.7982,35.4573,44579.5408,16,0.5771,0.1828,0.2402,0
520.8139,398.0998,387009.7123,67,0.8245,0.1755,0.0,1
243.2647,24.4587,37801.3676,5,0.6735,0.2966,0.0299,0
78.2244,15.8862,10807.8888,18,0.7842,0.1711,0.0447,0
232.812,23.5259,31320.0136,2,0.6812,0.2567,0.0621,0
1034.9405,483.6321,465427.4094,18,0.7688,0.2312,0.0,1
180.5979,24.8391,41216.1354,14,0.5151,0.2919,0.193,0
1882.9816,164.2778,102961.0592,21,0.919,0.081,0.0,1
147.8386,32.6874,14276.157,12,0.7738,0.2262,0.0,0
294.4197,5.7294,598.4427,1,0.5642,0.2251,0.2108,0
1223.3668,492.8866,142229.9283,90,0.8776,0.1224,0.0,1
511.6791,352.0479,346998.8861,84,0.8025,0.1975,0.0,1
149.7114,29.2337,47893.73,5,0.8094,0.1906,0.0,0
761.7842,489.6128,467932.0607,73,0.6975,0.1874,0.1151,1
21.2068,36.5288,5570.5775,16,0.5662,0.3574,0.0763,0
170.8994,16.8488,5867.7206,19,0.6015,0.323,0.0754,0
284.1708,48.6881,35734.9927,19,0.6526,0.1853,0.1621,0
1007.0498,461.9187,328571.5547,38,0.8468,0.1532,0.0,1
101.2681,39.1041,11522.6966,14,0.7865,0.1738,0.0397,0
540.6955,140.1136,138169.1947,18,0.6744,0.0675,0.2582,1
73.8295,19.2115,826.8215,6,0.8878,0.1122,0.0,0
52.3902,14.3552,49142.8418,9,0.5088,0.3501,0.1411,0
1206.9798,258.8997,413180.0015,46,0.7209,0.2791,0.0,1
962.9445,472.3095,411924.8574,74,0.7355,0.1918,0.0726,1
1480.6306,149.7616,333794.1277,96,0.6957,0.2622,0.0421,1
36.1397,20.0187,5952.6053,17,0.8438,0.0652,0.0909,0
244.9877,6.4611,29606.1947,17,0.8736,0.1264,0.0,0
11.5027,31.1548,7642.7025,9,0.8987,0.1013,0.0,0
29.4772,5.769,32660.3094,5,0.8638,0.1362,0.0,0
220.1969,25.9368,8290.1824,1,0.6335,0.2383,0.1282,0
277.2886,4.1003,9579.5698,14,0.5422,0.3021,0.1557,0
1791.9711,454.337,159215.4352,46,0.6923,0.2184,0.0893,1
75.4392,40.9256,8546.889,11,0.8529,0.1471,0.0,0
427.8774,468.9496,369412.052,52,0.6312,0.21,0.1588,1
35.1254,36.3087,4577.0321,15,0.5977,0.3781,0.0242,0
140.1539,16.3762,27916.0889,11,0.8748,0.0962,0.029,0
93.0694,17.811,6661.0308,4,0.639,0.3007,0.0602,0
1380.3956,231.3535,295221.5974,19,0.9267,0.0176,0.0558,1
1626.2956,421.1735,337762.5068,17,0.6826,0.1663,0.1511,1
1414.8736,365.9653,163949.928,43,0.8189,0.138,0.0431,1
261.2102,15.6168,47554.5604,2,0.6594,0.2763,0.0643,0
1159.9874,456.1079,427363.4827,16,0.7421,0.0893,0.1686,1
451.3271,166.8748,207187.5993,33,0.6975,0.0828,0.2197,1
124.5521,24.0714,25860.9808,8,0.6951,0.3049,0.0,0
185.3771,32.3976,22062.4142,19,0.82,0.18,0.0,0
279.5369,46.5623,25791.9236,19,0.635,0.3305,0.0345,0
154.7913,46.9766,2364.7437,10,0.643,0.1507,0.2063,0
218.6443,8.9777,7386.7884,14,0.5064,0.0593,0.4343,0
423.5499,313.9913,285255.8597,41,0.9622,0.0378,0.0,1
234.1109,43.887,40934.9682,8,0.666,0.334,0.0,0
160.5531,19.2765,982.5157,6,0.8749,0.1251,0.0,0
464.8283,385.6054,310722.0983,74,0.7517,0.0398,0.2085,1
16.2793,5.9375,7363.6983,12,0.7788,0.1404,0.0808,0
292.9305,41.4402,45481.1659,14,0.8409,0.1591,0.0,0
261.9363,31.8635,46840.2888,11,0.7285,0.2715,0.0,0
1217.0857,471.5621,472730.7687,86,0.8894,0.1106,0.0,1
1945.1116,185.7958,477984.5949,93,0.7815,0.0434,0.1751,1
68.45,5.7241,47038.1837,19,0.7217,0.1839,0.0943,0
191.3887,8.7056,27215.8384,16,0.664,0.1093,0.2267,0
232.6217,30.8501,15518.2072,9,0.8534,0.1466,0.0,0
1817.0165,140.3254,455269.7458,28,0.6324,0.2905,0.0772,1
924.2274,83.6987,460298.4765,66,0.8982,0.013,0.0888,1
292.7392,26.466,22502.0884,16,0.5752,0.0577,0.3671,0
1146.2425,290.7887,244285.489,33,0.9071,0.0507,0.0422,1
59.9295,33.7114,29935.8152,17,0.5725,0.1502,0.2773,0
183.3464,11.9464,26044.3764,8,0.6769,0.3231,0.0,0
1633.7783,200.8609,204195.1608,44,0.8072,0.1228,0.07,1
147.9907,32.8721,24000.2856,8,0.6435,0.3565,0.0,0
196.0772,35.8652,10155.0425,17,0.7099,0.1134,0.1767,0
90.1001,8.6997,36252.2678,3,0.8081,0.0845,0.1073,0
84.7077,42.3944,43483.5006,7,0.8219,0.1781,0.0,0
1708.8688,170.2716,182477.5211,98,0.6938,0.2958,0.0104,1
537.5333,89.9996,335851.6982,61,0.6102,0.1508,0.2389,1
1459.166,211.4739,399922.6176,44,0.6515,0.1847,0.1638,1
1601.7047,235.6603,466788.765,24,0.7856,0.1992,0.0152,1
173.5808,34.0596,14895.01,2,0.8124,0.1876,0.0,0
519.0586,232.9912,466835.9755,89,0.9159,0.0841,0.0,1
1043.7559,272.9803,93206.6234,17,0.7702,0.1473,0.0824,1
869.5124,169.7123,153744.5342,63,0.8543,0.138,0.0077,1
59.0491,28.4755,36758.6222,5,0.6569,0.1295,0.2136,0
68.3493,38.8051,46405.2922,14,0.511,0.0739,0.4151,0
176.8355,9.3565,28944.9009,5,0.6691,0.3309,0.0,0
495.3997,458.1882,155953.8114,65,0.8036,0.1097,0.0867,1
219.7629,41.0861,37067.9426,3,0.5975,0.2809,0.1216,0
239.8283,38.0096,44206.504,8,0.8385,0.1615,0.0,0
103.3158,5.5007,36827.3334,6,0.6263,0.2874,0.0863,0
158.9646,1.4532,27411.5884,2,0.6668,0.3332,0.0,0
578.9372,338.2404,360362.2651,47,0.7303,0.1149,0.1548,1
65.1177,31.9195,14809.7887,4,0.8529,0.1471,0.0,0
24.9662,35.7176,29023.8688,12,0.7431,0.2569,0.0,0
872.8028,119.1844,227479.6299,81,0.8536,0.1396,0.0067,1
1318.3876,182.4466,136479.8212,80,0.7892,0.1345,0.0763,1
995.4264,313.6,229317.4022,20,0.84,0.16,0.0,1
290.2073,1.2556,28266.9607,2,0.7643,0.2357,0.0,0
230.2517,31.7059,2656.2211,4,0.8006,0.1994,0.0,0
95.0147,28.8266,42085.4468,9,0.7277,0.2494,0.0229,0
1498.8859,256.8994,286972.5184,43,0.9191,0.0809,0.0,1
110.2521,14.1906,1407.7779,16,0.835,0.0903,0.0748,0
262.1426,3.9229,999.2343,18,0.68,0.1084,0.2115,0
107.0067,38.5172,38147.6497,7,0.5255,0.093,0.3815,0
104.5294,6.8394,5920.5579,8,0.654,0.346,0.0,0
153.2573,41.866,49718.8704,13,0.7601,0.1503,0.0896,0
275.344,25.0621,11899.3819,13,0.6052,0.2458,0.149,0
135.7873,23.91,14406.6255,18,0.8415,0.1585,0.0,0
37.4455,23.7824,11862.9195,19,0.8907,0.1093,0.0,0
144.5375,28.709,7696.4367,11,0.878,0.122,0.0,0
1294.4618,403.8251,431446.9962,46,0.6474,0.2002,0.1525,1
1860.3306,182.1972,90854.6617,82,0.9175,0.0825,0.0,1
1335.1829,133.6616,337942.9132,22,0.9403,0.0148,0.0449,1
20.6718,14.3763,38044.4448,3,0.6752,0.26,0.0648,0
176.4997,38.2346,20390.5675,13,0.7465,0.0988,0.1547,0
69.5254,47.7814,15796.8515,9,0.797,0.203,0.0,0
643.2638,428.592,469718.1873,53,0.8321,0.1679,0.0,1
125.3547,47.4093,27287.8543,3,0.5277,0.0848,0.3874,0
1445.3439,335.1095,297451.8584,95,0.7346,0.2654,0.0,1
126.4556,16.6923,28159.408,17,0.5995,0.1994,0.2011,0
204.8474,45.2402,36955.4856,10,0.6648,0.2801,0.0551,0
181.7608,35.4966,45378.7869,2,0.562,0.1584,0.2795,0
1088.9661,413.6688,97095.9926,19,0.6311,0.0588,0.3101,1
194.7614,45.7864,16889.1038,18,0.5123,0.3014,0.1862,0
283.4093,32.9554,27111.8493,5,0.6708,0.2536,0.0756,0
112.454,9.5487,12817.5404,19,0.7701,0.2299,0.0,0
98.2953,39.0565,11553.6997,7,0.8789,0.1211,0.0,0
93.9346,32.1792,24760.1567,3,0.5085,0.1749,0.3165,0
135.1786,27.5289,40643.8295,2,0.5622,0.387,0.0508,0
137.4497,37.0603,18094.0267,10,0.8547,0.1453,0.0,0
282.1971,22.7155,29563.3227,18,0.8416,0.1584,0.0,0
238.5411,37.7545,38317.8011,5,0.8255,0.1745,0.0,0
200.7804,20.5287,36028.3217,11,0.7525,0.2475,0.0,0
121.6986,22.2489,10174.08,10,0.723,0.277,0.0,0
158.7186,12.2421,14050.625,11,0.5829,0.1372,0.2799,0
1994.1866,230.908,209363.1831,37,0.66,0.0297,0.3104,1
236.4114,4.868,19976.6562,14,0.6072,0.3716,0.0212,0
234.379,18.6637,7718.7611,4,0.6469,0.2446,0.1085,0
165.4597,11.2903,43082.2227,16,0.6403,0.1931,0.1666,0
781.7416,484.3216,320564.6471,38,0.7853,0.2147,0.0,1
31.661,26.4823,4970.8204,2,0.7664,0.2336,0.0,0
66.0304,29.9411,22244.5937,14,0.8305,0.1695,0.0,0
1392.3477,494.5061,201418.5226,38,0.7089,0.0413,0.2498,1
251.095,3.424,16663.7529,19,0.5985,0.2385,0.163,0
25.0235,6.9412,10613.4448,1,0.5492,0.3723,0.0785,0
121.0694,27.7386,38613.8803,4,0.7967,0.2033,0.0,0
163.4214,20.9651,31286.4211,1,0.8472,0.1528,0.0,0
56.5348,42.4528,17617.905,1,0.6631,0.0828,0.2541,0
796.5882,114.5295,462322.4495,49,0.8098,0.181,0.0092,1
869.0413,143.2997,406438.932,57,0.9056,0.0944,0.0,1
50.2252,7.4028,19986.5826,13,0.6956,0.2405,0.0639,0
1890.6588,353.2502,222462.7207,89,0.8018,0.1982,0.0,1
1977.6376,327.8097,213240.8239,49,0.734,0.0918,0.1742,1
173.4062,11.0408,15426.398,5,0.8517,0.1483,0.0,0
175.0221,2.7553,18321.5989,18,0.7192,0.2808,0.0,0
872.9714,174.0565,402153.2386,66,0.7578,0.1404,0.1018,1
863.2838,251.8939,161099.9719,61,0.8945,0.1055,0.0,1
46.079,9.8597,22947.5745,17,0.711,0.1943,0.0947,0
13.1711,48.4702,41807.4322,15,0.6443,0.2818,0.0739,0
184.2437,17.88,5655.2738,14,0.8709,0.1291,0.0,0
95.8655,38.5517,1978.3805,9,0.8555,0.1445,0.0,0
290.018,14.5054,2075.2465,13,0.523,0.3275,0.1495,0
268.5935,36.0638,10466.221,7,0.7857,0.2143,0.0,0
51.5715,8.5673,46490.3701,3,0.8851,0.0749,0.04,0
1496.5553,153.1295,212267.6191,89,0.6631,0.2456,0.0912,1
285.6706,19.4853,2587.2579,1,0.7863,0.2137,0.0,0
988.7034,156.5934,397569.1831,63,0.7823,0.0601,0.1576,1
114.3979,38.3394,44073.9696,9,0.6182,0.3429,0.0389,0
198.5379,15.5832,5567.6645,5,0.6665,0.1187,0.2148,0
168.9026,3.0846,5366.8387,12,0.7926,0.2074,0.0,0
1091.115,438.4971,244245.5407,41,0.9368,0.0632,0.0,1
176.7129,16.7627,15126.4401,8,0.5093,0.2101,0.2807,0
30.1872,25.7092,25417.6803,6,0.8198,0.1802,0.0,0
244.1552,18.5736,7583.6032,5,0.6331,0.0743,0.2926,0
64.7459,35.4025,24332.8552,17,0.788,0.0607,0.1513,0
64.7265,44.6941,36134.4495,9,0.6221,0.171,0.2069,0
1733.837,485.3464,199267.9854,40,0.7766,0.1269,0.0965,1
1558.7669,177.1596,339987.3652,60,0.9986,0.0014,0.0,1
478.0045,418.4986,346808.1763,61,0.8333,0.1559,0.0107,1
205.2338,1.2848,28277.0577,8,0.5983,0.1474,0.2543,0
142.2356,34.7903,36859.2392,8,0.6532,0.1689,0.1779,0
29.2427,38.5194,29179.814,18,0.7397,0.2143,0.046,0
253.0684,16.5442,3775.6148,7,0.536,0.2015,0.2625,0
20.6877,3.5056,17435.6321,1,0.7072,0.1956,0.0971,0
290.4754,7.7604,35393.3285,17,0.8437,0.1563,0.0,0
216.3518,16.9431,5137.1109,13,0.6424,0.3576,0.0,0
274.683,5.0116,20645.1554,17,0.7635,0.1542,0.0823,0
138.4269,25.8866,27562.4419,16,0.7773,0.1363,0.0864,0
208.8908,49.2914,43865.1022,18,0.7524,0.1791,0.0685,0
18.1403,11.6307,31674.6697,15,0.5105,0.3008,0.1886,0
146.8179,27.267,5706.9491,19,0.7941,0.2059,0.0,0
264.9791,40.2385,44450.6018,10,0.5784,0.3252,0.0964,0
115.1848,34.0951,5937.1861,11,0.8957,0.1043,0.0,0
697.6773,298.1873,80987.5843,35,0.632,0.0418,0.3262,1
195.2391,18.1685,36694.5353,5,0.8358,0.1642,0.0,0
23.5734,17.7809,4829.4332,5,0.6985,0.3015,0.0,0
31.3765,44.4163,23230.9536,11,0.5534,0.1759,0.2707,0
144.2117,3.6666,23804.2575,1,0.6846,0.1991,0.1164,0
139.224,13.0016,34842.2368,10,0.729,0.1775,0.0935,0
170.1765,34.7384,604.8322,10,0.8943,0.0945,0.0112,0
177.9227,6.4893,21043.4354,3,0.6285,0.309,0.0625,0
149.868,47.4971,28798.8165,14,0.5251,0.0826,0.3922,0
77.2872,14.0379,44533.852,3,0.7952,0.1593,0.0454,0
138.2108,33.0922,40853.5801,4,0.7505,0.2495,0.0,0
237.5694,39.0561,21141.513,14,0.5001,0.267,0.2329,0
1014.793,390.1252,335966.896,63,0.7347,0.1026,0.1627,1
199.9312,2.3217,28579.618,7,0.7865,0.1567,0.0569,0
115.7567,11.7331,16504.5896,2,0.514,0.3559,0.1301,0
35.1563,35.4964,8080.1618,12,0.528,0.1631,0.3089,0
210.0281,31.4557,7279.6835,18,0.5835,0.2602,0.1563,0
278.6536,42.67,3039.9356,19,0.5563,0.3113,0.1324,0
1277.8443,304.5665,452660.4736,63,0.7035,0.1726,0.1238,1
101.968,45.1335,40455.4647,6,0.5248,0.0909,0.3844,0
267.4275,16.9384,22742.6112,9,0.6002,0.1649,0.235,0
154.0112,19.461,885.8075,18,0.6821,0.0657,0.2522,0
792.3494,300.7959,88983.4563,69,0.9655,0.0345,0.0,1
1115.6397,246.2985,115754.2159,37,0.8049,0.1006,0.0945,1
183.6124,9.0755,29966.5234,1,0.5188,0.135,0.3462,0
549.4667,181.7096,261437.1424,47,0.8532,0.1468,0.0,1
153.2816,48.9772,42369.8221,3,0.785,0.215,0.0,0
215.8627,34.3582,18776.1194,14,0.748,0.252,0.0,0
61.4075,36.2907,24777.3114,13,0.8889,0.1111,0.0,0
842.3452,284.862,464641.889,88,0.7614,0.0509,0.1877,1
1403.0439,431.2678,322936.4057,17,0.6609,0.0649,0.2741,1
199.1318,7.0646,1271.213,14,0.7924,0.2076,0.0,0
1243.3336,296.5875,167438.0388,71,0.7746,0.1889,0.0365,1
233.4767,28.017,37255.7487,2,0.8049,0.178,0.0171,0
1386.9281,270.2242,483578.1088,42,0.9135,0.0865,0.0,1
91.5613,12.9167,12331.244,5,0.7604,0.2396,0.0,0
223.1335,41.3219,27592.6552,11,0.5577,0.2513,0.191,0
43.4447,8.9894,49516.6363,12,0.7245,0.2047,0.0708,0
157.1021,12.0935,27347.0189,11,0.7355,0.0945,0.1701,0
18.2048,8.6414,16577.9549,5,0.7692,0.2308,0.0,0
53.0998,31.8069,44350.141,7,0.6587,0.0537,0.2877,0
85.0621,40.0372,1148.1469,9,0.8828,0.1172,0.0,0
690.0647,305.9022,281378.2932,18,0.7047,0.2303,0.065,1
16.7455,3.2885,31645.2974,13,0.8349,0.1651,0.0,0
190.8526,35.454,17374.5394,19,0.7263,0.2737,0.0,0
1958.6188,439.013,349903.206,47,0.6169,0.0577,0.3254,1
955.33,140.4039,412882.8363,33,0.8211,0.1789,0.0,1
152.049,37.9816,46393.6402,15,0.5073,0.3687,0.124,0
1988.3836,428.3853,270517.6643,46,0.8107,0.1893,0.0,1
293.8545,36.2528,4917.809,17,0.7695,0.1791,0.0514,0
80.0753,9.388,23769.3013,12,0.5833,0.1338,0.2829,0
764.0768,296.5971,226793.2875,50,0.7039,0.2366,0.0596,1
458.726,475.3062,89449.6663,84,0.6054,0.1199,0.2747,1
133.5058,32.5983,1331.0825,17,0.8042,0.0982,0.0976,0
962.3297,222.9337,335918.1784,20,0.6864,0.0865,0.227,1
255.4837,19.9566,12441.7164,19,0.8759,0.1016,0.0226,0
256.5823,23.2144,47186.7447,16,0.5983,0.0957,0.306,0
1508.5131,111.9303,114347.3811,43,0.734,0.2071,0.0589,1
1015.9063,443.8152,154535.1982,60,0.6946,0.0227,0.2827,1
144.8796,11.0799,527.6137,18,0.7393,0.0624,0.1983,0
113.1005,26.1889,42238.9459,6,0.7634,0.078,0.1586,0
81.6646,47.9565,14422.7596,13,0.6921,0.1361,0.1719,0
190.6268,5.925,14940.7508,19,0.6634,0.122,0.2146,0
173.0295,8.6085,28663.7018,10,0.5772,0.1033,0.3195,0
1119.3876,208.4994,102753.4577,36,0.898,0.0176,0.0844,1
52.5555,3.3016,47702.215,1,0.6794,0.1107,0.2099,0
246.62,7.4805,36834.3279,19,0.6594,0.2187,0.122,0
15.0533,18.0302,17758.5344,14,0.8209,0.1791,0.0,0
296.2872,8.0498,3562.143,19,0.6742,0.2065,0.1193,0
199.6563,14.651,24489.4114,15,0.6112,0.1014,0.2874,0
177.9147,45.2836,24211.8072,14,0.6547,0.1737,0.1715,0
1855.014,126.9101,238212.5053,21,0.7778,0.1406,0.0816,1
1461.8028,389.6903,468425.8729,94,0.9098,0.0902,0.0,1
132.3856,19.0423,29481.7293,5,0.6471,0.3213,0.0316,0
162.723,27.115,35306.3446,2,0.8199,0.1801,0.0,0
233.5242,8.5037,34757.6103,10,0.5142,0.282,0.2038,0
150.1461,3.5386,30306.6198,17,0.7236,0.1021,0.1743,0
1480.2641,360.4154,402364.599,47,0.6338,0.2179,0.1483,1
1541.4655,309.556,310747.0843,46,0.9266,0.0734,0.0,1
254.3923,46.4438,10886.9007,11,0.8358,0.1642,0.0,0
269.0784,16.7913,45639.6459,13,0.8856,0.1144,0.0,0
299.1401,39.3145,10938.7266,8,0.6434,0.2614,0.0952,0
119.1442,36.6051,27783.1383,18,0.8129,0.1252,0.0619,0
1540.6971,329.6103,327344.0853,47,0.6838,0.2395,0.0767,1
1898.9685,134.9727,478793.8113,98,0.6384,0.1486,0.213,1
1091.0063,335.5871,456536.7317,46,0.92,0.0735,0.0065,1
210.2166,6.4158,29664.9619,7,0.8878,0.1122,0.0,0
875.2604,335.9676,218095.3923,94,0.7812,0.0751,0.1437,1
290.4147,30.2054,4753.3233,14,0.7086,0.2089,0.0826,0
1932.3747,456.8027,179033.3065,25,0.7315,0.0067,0.2618,1
234.3477,43.8912,9449.0402,9,0.6719,0.2538,0.0743,0
172.4167,9.8505,32645.2311,2,0.5451,0.1408,0.3142,0
140.7682,30.6888,17393.922,10,0.6805,0.3195,0.0,0
151.8533,47.1857,12017.0138,8,0.5861,0.1507,0.2632,0
848.1348,299.9171,109213.5928,41,0.7445,0.0343,0.2212,1
27.0661,21.9906,40607.9594,18,0.8526,0.1474,0.0,0
475.2846,123.0927,93397.8502,20,0.7699,0.2301,0.0,1
61.3983,28.4914,29184.7165,1,0.6563,0.3437,0.0,0
170.2389,13.8217,27038.9174,6,0.8082,0.1918,0.0,0
143.8295,2.2527,738.9267,9,0.7427,0.2573,0.0,0
71.3266,10.7199,12235.0616,13,0.8969,0.1031,0.0,0
1083.0594,352.7553,378539.4611,65,0.8221,0.1361,0.0418,1
142.7432,16.6689,15918.1569,6,0.7756,0.2244,0.0,0
140.6119,34.3698,18394.9559,14,0.7561,0.0804,0.1635,0
739.5683,160.3295,164973.9202,87,0.8676,0.1324,0.0,1
233.0803,18.6142,29336.3848,4,0.7454,0.1921,0.0625,0
246.2849,21.2257,22248.4635,1,0.5622,0.2531,0.1847,0
226.3441,11.1906,10427.9799,12,0.7687,0.1921,0.0393,0
183.9135,44.1402,31761.0099,3,0.6686,0.0901,0.2413,0
208.9538,11.7883,39760.616,5,0.7364,0.232,0.0316,0
185.2491,3.3007,37929.501,7,0.6004,0.0803,0.3192,0
89.3697,2.1448,41318.875,15,0.8265,0.1735,0.0,0
101.1609,1.5849,4457.4343,15,0.7885,0.2115,0.0,0
1482.2213,283.5227,468945.7178,89,0.644,0.2551,0.1009,1
57.9403,24.0205,13955.8739,4,0.5621,0.2455,0.1924,0
49.2142,30.388,14933.7234,17,0.8857,0.1143,0.0,0
1015.8764,407.3472,468428.8535,37,0.8667,0.1333,0.0,1
274.1246,14.9675,12289.0688,13,0.8156,0.073,0.1114,0
220.2835,29.5611,34767.4399,19,0.8551,0.1449,0.0,0
35.0804,26.7235,29047.4584,8,0.5728,0.2564,0.1707,0
126.7271,22.1157,41132.9143,4,0.6111,0.1503,0.2386,0
175.8517,21.4146,11494.3168,14,0.541,0.3762,0.0828,0
235.9834,7.1502,33859.1392,15,0.8728,0.1272,0.0,0
152.478,17.2967,1841.6928,1,0.6911,0.1455,0.1634,0
249.6989,11.1308,8522.6343,2,0.6587,0.1094,0.2319,0
78.3408,19.5676,38710.2357,3,0.693,0.307,0.0,0
400.2858,146.651,191797.2951,86,0.8325,0.1138,0.0537,1
252.5282,46.7468,7876.3768,16,0.5998,0.1867,0.2135,0
232.957,41.3851,9732.4788,1,0.5174,0.2318,0.2509,0
237.0008,34.4614,43848.211,1,0.6055,0.2146,0.1799,0
147.8101,17.7964,34408.6795,13,0.7868,0.0852,0.1279,0
291.0352,25.5503,37160.2793,17,0.765,0.1736,0.0614,0
456.0851,202.7775,185284.1304,95,0.9096,0.0904,0.0,1
297.6496,8.4666,47045.5985,8,0.7927,0.2073,0.0,0
299.6356,30.2125,18464.8948,14,0.8358,0.1642,0.0,0
294.5433,31.7008,10128.0066,3,0.6905,0.1889,0.1206,0
425.7727,91.9644,138144.0811,57,0.9321,0.0679,0.0,1
1573.1899,348.2125,360893.7614,23,0.6426,0.1971,0.1603,1
52.0251,14.0177,10880.2671,17,0.8496,0.0967,0.0537,0
1832.4339,275.7231,134750.1739,82,0.7814,0.1869,0.0316,1
564.0009,152.7375,94884.2313,84,0.64,0.096,0.2639,1
98.101,1.989,17367.8796,19,0.6864,0.3136,0.0,0
243.8946,8.9843,11736.7716,1,0.7193,0.1085,0.1721,0
687.3691,311.717,179454.7054,55,0.919,0.081,0.0,1
1176.4137,94.0353,168553.9961,44,0.8513,0.1434,0.0053,1
245.5661,31.0183,49085.4432,12,0.7816,0.2184,0.0,0
283.8022,43.0406,18646.0525,5,0.834,0.166,0.0,0
213.8861,24.3339,18310.2192,7,0.7088,0.1453,0.1459,0
1720.7266,461.3606,455570.5244,25,0.7784,0.2036,0.018,1
275.3901,9.7577,24725.4378,18,0.5121,0.3514,0.1365,0
555.2531,378.8915,327401.4214,66,0.9941,0.0059,0.0,1
75.9892,14.541,11585.6707,1,0.8836,0.1164,0.0,0
12.9375,1.077,33812.9677,3,0.8105,0.1865,0.0031,0
228.7387,21.856,4438.9985,8,0.8344,0.0528,0.1128,0
253.5384,46.4048,26515.8403,12,0.831,0.169,0.0,0
965.8131,291.4992,188454.8033,52,0.9732,0.0219,0.0049,1
203.1918,9.2583,26993.9581,11,0.812,0.188,0.0,0
1630.5256,295.6699,300035.3489,86,0.8632,0.1313,0.0054,1
1888.4567,398.4079,350503.9524,84,0.8228,0.1772,0.0,1
171.112,20.6919,39910.5145,10,0.8881,0.1119,0.0,0
44.9675,29.1067,39510.7108,7,0.7083,0.1929,0.0987,0
155.0608,45.5979,41694.6174,2,0.6145,0.3301,0.0554,0
164.1348,27.0262,43836.082,10,0.8633,0.0781,0.0586,0
980.5849,138.6442,499472.1427,15,0.9535,0.0465,0.0,1
216.0042,38.0464,41210.4807,5,0.8233,0.1347,0.042,0
110.5922,46.6817,26752.1532,19,0.5717,0.0765,0.3519,0
17.4042,48.4916,22946.2964,5,0.5829,0.294,0.1231,0
179.4261,3.5176,49538.6122,4,0.6704,0.1426,0.187,0
202.4501,34.6795,34039.0341,9,0.7399,0.2584,0.0017,0
271.7907,23.9616,6912.7783,13,0.5857,0.3968,0.0175,0
46.9101,34.3569,39177.9133,17,0.6718,0.1245,0.2038,0
88.5021,3.536,3801.949,18,0.6055,0.0771,0.3175,0
160.8798,47.4345,44012.2923,8,0.7245,0.2755,0.0,0
1827.3305,107.8701,351706.894,73,0.8774,0.1119,0.0107,1
89.4796,15.6438,6947.9521,19,0.7765,0.1108,0.1127,0
246.5714,2.9055,39308.4064,15,0.8843,0.1157,0.0,0
1629.7645,118.5846,491214.0514,46,0.8725,0.0172,0.1103,1
1716.5464,494.9171,326750.4696,97,0.7281,0.181,0.0909,1
932.5495,180.5649,196499.741,72,0.8038,0.0327,0.1635,1
1921.789,323.8761,469663.7932,18,0.9725,0.0275,0.0,1
87.4218,18.0143,36571.9342,2,0.6682,0.1043,0.2275,0
1561.4603,265.3671,353544.3623,45,0.8362,0.1638,0.0,1
222.9166,1.85,16779.0997,7,0.5024,0.0677,0.4299,0
1882.9668,133.0705,412978.7295,43,0.6193,0.2768,0.104,1
234.8731,7.807,43726.5223,4,0.6269,0.0938,0.2793,0
261.9767,26.0129,20004.2063,16,0.5534,0.2613,0.1853,0
239.993,21.4142,9846.6354,11,0.7763,0.0926,0.1311,0
1950.8764,383.4448,269719.1999,42,0.9259,0.0741,0.0,1
1144.49,258.1427,474737.477,28,0.9547,0.0453,0.0,1
40.1991,3.9213,37596.2115,4,0.8588,0.1412,0.0,0
1290.041,253.2557,338508.4056,26,0.8379,0.0891,0.073,1
187.8742,15.9735,4345.4926,6,0.8867,0.0725,0.0408,0
205.5018,43.1302,19564.5877,6,0.5591,0.1777,0.2632,0
260.5161,24.234,21464.8862,8,0.6471,0.3529,0.0,0
74.4867,1.4549,29420.2905,10,0.8841,0.1159,0.0,0
206.1542,48.9061,41760.4886,1,0.6586,0.3142,0.0273,0
37.9918,36.6622,32081.1741,1,0.6279,0.069,0.3031,0
60.1769,3.4288,34485.876,10,0.5188,0.1766,0.3045,0
1046.6284,84.9757,176717.1478,23,0.7348,0.2652,0.0,1
610.9836,472.7019,344221.3449,28,0.7965,0.0832,0.1204,1
105.9077,30.6858,25397.3476,7,0.7623,0.2377,0.0,0
84.9911,33.168,17565.3477,17,0.6448,0.2717,0.0836,0
270.6942,38.9955,29165.5958,12,0.7618,0.1713,0.0669,0
1720.3791,231.5907,186896.3112,27,0.7211,0.1918,0.087,1
725.9163,288.7843,481209.3738,47,0.7606,0.0224,0.217,1
1785.0225,215.1541,193292.4051,85,0.7144,0.1591,0.1265,1
748.0987,452.3426,168950.0075,47,0.8579,0.1421,0.0,1
954.3915,331.2021,398580.526,52,0.9763,0.0175,0.0062,1
1443.0065,105.2949,304266.4254,59,0.6667,0.0027,0.3306,1
402.3579,220.8527,440462.0561,63,0.8731,0.1269,0.0,1
169.3924,17.7878,45127.8903,4,0.5626,0.0908,0.3466,0
123.7395,12.8114,32526.4956,15,0.8659,0.1341,0.0,0
247.9616,45.2541,18662.9141,6,0.7352,0.1087,0.1561,0
1300.7179,178.3868,396256.7138,27,0.6013,0.0329,0.3658,1
257.5587,34.637,4536.3883,15,0.8352,0.1648,0.0,0
1272.4906,284.7745,134316.2485,19,0.8664,0.1336,0.0,1
1229.5526,298.5618,304539.1752,38,0.9799,0.0201,0.0,1
54.2812,10.0654,16829.0462,1,0.6116,0.1143,0.2741,0
123.9463,5.7768,10794.7018,15,0.6401,0.1615,0.1984,0
203.7683,11.738,20409.9012,12,0.5283,0.2324,0.2393,0
114.6351,39.5319,9977.0247,6,0.6408,0.3567,0.0025,0
258.4519,39.0876,23785.0245,17,0.7026,0.1039,0.1934,0
157.8231,46.0206,37113.2172,13,0.8456,0.0781,0.0763,0
56.7637,36.6173,13016.4633,19,0.6251,0.252,0.1229,0
94.0686,21.1169,18221.8869,9,0.8052,0.0777,0.1171,0
167.3795,3.8687,44920.2031,9,0.7461,0.2539,0.0,0
49.9909,48.2021,42415.9441,13,0.6228,0.3772,0.0,0
202.5582,19.1674,32795.2073,1,0.5355,0.3363,0.1282,0
290.1191,8.5379,45374.064,2,0.8057,0.1943,0.0,0
39.5129,46.8143,41172.5784,4,0.5688,0.0893,0.3419,0
674.7165,101.4589,170111.7609,82,0.7224,0.2308,0.0467,1
113.7649,41.84,10144.6435,17,0.8512,0.1488,0.0,0
71.3475,21.4201,44465.2995,18,0.6088,0.2628,0.1284,0
639.8195,288.9376,112690.4299,66,0.6344,0.0866,0.279,1
128.9086,7.0922,29485.1341,8,0.7505,0.2495,0.0,0
81.5377,45.9059,3197.9809,6,0.8086,0.0519,0.1395,0
1739.6604,416.5967,144341.4738,82,0.8366,0.0069,0.1565,1
193.3466,38.8816,40954.4906,11,0.6914,0.1176,0.191,0
282.4623,4.3505,47431.0763,4,0.8031,0.1969,0.0,0
187.7333,4.923,16466.913,8,0.5519,0.0559,0.3922,0
38.3862,20.3086,21544.4983,11,0.7846,0.0742,0.1412,0
83.981,14.4126,938.6624,2,0.5158,0.3045,0.1797,0
410.9894,447.5682,336959.0126,22,0.821,0.179,0.0,1
166.2931,40.7275,27756.824,19,0.873,0.127,0.0,0
248.4169,25.7711,43198.3259,18,0.8594,0.1406,0.0,0
74.5092,22.854,41709.5835,9,0.6,0.0948,0.3052,0
151.9634,42.0749,4743.1661,16,0.6644,0.2455,0.0901,0
1229.0611,133.8647,445919.5515,78,0.8987,0.097,0.0043,1
170.6201,27.6023,41583.4571,11,0.7249,0.1943,0.0808,0
256.625,41.531,23873.0918,18,0.6274,0.1036,0.269,0
102.9099,34.9912,28171.2551,18,0.6453,0.0652,0.2895,0
1685.7681,292.5814,267517.9043,48,0.9363,0.0637,0.0,1
274.0926,13.7203,26141.2673,15,0.5261,0.3647,0.1091,0
208.6316,47.2483,26410.6814,2,0.8346,0.1654,0.0,0
1271.9184,429.1366,184231.7151,72,0.7722,0.0511,0.1767,1
182.6025,41.5834,26284.4258,1,0.7326,0.0512,0.2162,0
194.9591,31.3365,10318.4904,3,0.7652,0.2348,0.0,0
39.5493,28.8156,905.8139,3,0.5614,0.0559,0.3827,0
908.616,187.3323,465880.4277,38,0.7215,0.1391,0.1394,1
285.6439,20.7464,43209.5219,18,0.8185,0.1815,0.0,0
80.4059,41.0498,10997.3597,12,0.5516,0.0786,0.3698,0
214.9834,45.7756,21119.4191,11,0.7802,0.2198,0.0,0
32.3034,28.7441,38915.0875,9,0.6722,0.1133,0.2145,0
987.4126,173.0583,342634.6051,96,0.9466,0.0534,0.0,1
141.7522,30.0388,43454.3249,12,0.8898,0.1102,0.0,0
85.5708,5.942,40765.317,17,0.5241,0.1794,0.2966,0
1630.5477,281.4113,480185.9296,59,0.7884,0.0441,0.1674,1
298.8769,14.6066,825.639,17,0.8019,0.1981,0.0,0
161.4528,27.0193,1255.9838,1,0.5859,0.2971,0.1171,0
940.8427,106.6334,127934.5215,59,0.9585,0.0328,0.0087,1
629.4845,238.724,128066.251,83,0.9572,0.0428,0.0,1
235.3821,36.2792,23428.8193,9,0.6797,0.2489,0.0714,0
19.0352,34.02,49031.8906,11,0.7822,0.2178,0.0,0
142.3117,6.1351,6656.8744,2,0.6934,0.2745,0.0321,0
1322.6346,436.2398,142919.5415,49,0.9502,0.0498,0.0,1
190.5871,40.9292,22498.6247,7,0.6939,0.2842,0.0219,0
158.6403,23.8483,29757.4999,15,0.6082,0.1339,0.2579,0
86.5698,45.7603,40518.5506,8,0.7885,0.0799,0.1316,0
50.9652,4.1115,11423.3027,16,0.7305,0.2695,0.0,0
162.6243,32.6476,21104.0827,10,0.8155,0.1845,0.0,0
940.0379,413.674,163464.913,76,0.8249,0.1751,0.0,1
243.8556,38.8736,28889.9451,9,0.8832,0.1168,0.0,0
249.386,7.2456,11143.3978,13,0.8463,0.1537,0.0,0
156.6628,7.2029,39604.595,12,0.7184,0.2816,0.0,0
174.7685,5.609,11617.5953,18,0.7686,0.1242,0.1072,0
140.7011,24.1642,11176.8653,6,0.7906,0.2094,0.0,0
251.4335,2.5574,46427.5098,15,0.7614,0.2386,0.0,0
209.1864,47.0623,7176.2511,19,0.7259,0.2242,0.0499,0
92.205,40.2357,16765.4132,9,0.5049,0.1603,0.3348,0
90.3875,13.0212,49010.5668,5,0.7221,0.2779,0.0,0
285.51,17.3656,36275.0133,10,0.5516,0.094,0.3544,0
1751.2408,450.0875,246355.6311,28,0.7352,0.189,0.0758,1
1910.7771,386.6359,104104.2749,58,0.9414,0.0586,0.0,1
280.1972,28.6827,29843.3681,13,0.5028,0.1038,0.3934,0
141.9842,14.8084,21343.8452,2,0.6918,0.1768,0.1314,0
299.3305,29.3677,33152.9393,13,0.8609,0.0604,0.0787,0
293.0768,35.3734,48872.2934,18,0.6166,0.3099,0.0735,0
36.2278,29.7337,25608.047,5,0.8967,0.0739,0.0294,0
1522.1433,460.3741,146786.9934,33,0.8665,0.0097,0.1238,1
843.7856,358.2298,237514.131,25,0.7451,0.0219,0.2331,1
29.6155,42.0342,36716.0648,9,0.8196,0.1804,0.0,0
193.4275,14.792,22791.8774,2,0.8627,0.071,0.0663,0
15.2666,41.4627,35636.4519,17,0.7486,0.2301,0.0213,0
231.3893,44.561,34017.9511,1,0.684,0.0625,0.2534,0
32.1449,9.9154,38498.7769,19,0.6287,0.284,0.0873,0
1571.9673,209.9356,131593.5346,74,0.8509,0.1491,0.0,1
210.6081,17.5153,42340.9141,15,0.6561,0.3439,0.0,0
235.2627,39.8312,41210.3465,15,0.7,0.1309,0.1691,0
1724.3344,454.8613,370879.7383,78,0.6809,0.0374,0.2817,1
1265.7762,247.649,150465.098,98,0.6439,0.1826,0.1735,1
142.0844,16.2629,30421.9429,2,0.7572,0.2005,0.0422,0
1274.1226,294.2709,240459.2422,87,0.9884,0.0116,0.0,1
1252.5027,115.4241,276225.2393,44,0.701,0.2168,0.0822,1
1507.7618,114.8723,82621.391,77,0.6938,0.0848,0.2214,1
207.2101,39.9916,19674.2409,4,0.8902,0.1098,0.0,0
1286.0164,361.3017,356387.4052,43,0.7832,0.2168,0.0,1
1663.3087,90.5053,186191.8236,36,0.7345,0.1708,0.0947,1
57.3217,32.801,21159.4633,8,0.6929,0.0926,0.2145,0
198.6489,17.2778,36266.2847,2,0.6946,0.3054,0.0,0
221.0834,25.8274,43324.0217,19,0.6946,0.3054,0.0,0
1900.0293,422.0151,140280.0355,83,0.8307,0.1693,0.0,1
161.3792,5.9108,29411.5033,2,0.5418,0.0713,0.3869,0
125.7746,10.2139,46138.1086,4,0.7896,0.2104,0.0,0
125.9061,10.8643,14871.1405,9,0.7602,0.2237,0.016,0
122.0484,24.6779,34598.3895,14,0.6309,0.2552,0.1139,0
96.3837,42.745,17963.6906,11,0.8936,0.1064,0.0,0
90.637,41.0258,35589.9529,6,0.6292,0.1835,0.1874,0
65.3207,12.5703,22959.3475,14,0.7164,0.2836,0.0,0
207.4386,42.5272,37816.8289,10,0.5759,0.2128,0.2113,0
214.9418,24.4727,3177.1141,3,0.7996,0.1506,0.0499,0
171.9836,19.1319,7592.4397,7,0.5029,0.0694,0.4277,0
217.669,33.9153,3705.3344,3,0.5408,0.0742,0.385,0
927.3267,456.7573,256215.1453,96,0.9947,0.0053,0.0,1
210.6356,26.793,18027.5077,18,0.5176,0.3888,0.0936,0
292.3898,25.8028,10502.7,4,0.7244,0.2516,0.024,0
1195.5181,167.9169,330735.5292,16,0.6005,0.1858,0.2136,1
156.5303,41.6442,11340.0201,18,0.7792,0.2208,0.0,0
67.8672,17.8009,36181.7698,1,0.6754,0.3246,0.0,0
56.9305,1.8214,38848.7757,9,0.5008,0.3009,0.1982,0
652.5968,428.393,369824.6755,22,0.6949,0.2182,0.0869,1
216.624,32.1909,29020.1136,7,0.6307,0.2731,0.0962,0
1065.437,216.8612,363563.4856,83,0.6226,0.2718,0.1056,1
23.2421,7.7217,34670.5927,12,0.5141,0.3419,0.144,0
903.0303,333.3557,221446.221,52,0.6005,0.0206,0.3789,1
98.0571,30.6606,39066.1136,18,0.6746,0.3154,0.01,0
676.7916,331.9916,375331.758,42,0.9733,0.0267,0.0,1
1557.3455,136.2143,310372.1844,71,0.8893,0.1107,0.0,1
1726.0493,459.3978,309755.3927,93,0.634,0.0666,0.2994,1
1640.0341,149.5847,198072.7452,77,0.9395,0.0605,0.0,1
186.5113,3.96,7260.8001,7,0.8645,0.1355,0.0,0
246.9598,33.9432,39243.5259,3,0.5319,0.3911,0.077,0
85.6351,35.9261,38528.9172,5,0.6409,0.3512,0.008,0
463.203,264.3213,162882.8087,19,0.7034,0.1748,0.1218,1
119.1761,26.9075,675.5739,5,0.808,0.1799,0.012,0
217.5325,32.6434,41911.0929,7,0.7334,0.1565,0.1101,0
74.8146,9.8268,21472.2053,3,0.5428,0.1673,0.2899,0
1348.9041,479.8223,304647.8501,21,0.6622,0.1019,0.2359,1
199.4874,8.1424,42412.2092,2,0.5591,0.3778,0.063,0
1155.3833,481.7801,366112.6765,40,0.8043,0.0481,0.1475,1
67.3633,16.6289,36137.9665,2,0.7285,0.1552,0.1163,0
829.6921,474.4517,327003.6678,17,0.9441,0.0559,0.0,1
292.4641,39.3036,9098.9107,13,0.7636,0.1819,0.0545,0
283.8017,39.1941,29163.4295,2,0.7441,0.2559,0.0,0
256.9784,43.3521,27266.2675,19,0.7281,0.2719,0.0,0
1478.2377,272.1373,306830.0387,63,0.8011,0.1469,0.052,1
660.7567,493.977,93140.2515,85,0.8241,0.1759,0.0,1
469.9935,85.8362,148456.6472,99,0.6992,0.1232,0.1777,1
135.9613,24.1984,6439.8662,11,0.7233,0.2767,0.0,0
1122.4727,308.0213,93202.9502,66,0.9841,0.0104,0.0055,1
269.5262,33.2467,26706.1489,6,0.652,0.2102,0.1378,0
941.293,395.9331,476468.2859,98,0.8057,0.1658,0.0285,1
114.5639,7.9601,8823.5197,14,0.8001,0.1999,0.0,0
187.1531,16.614,6415.773,12,0.6312,0.3396,0.0292,0
154.0021,31.2743,10871.5748,10,0.5917,0.295,0.1133,0
162.9627,35.974,6153.5462,19,0.6406,0.1629,0.1965,0
242.058,21.9297,10160.2998,19,0.7852,0.2064,0.0084,0
216.398,18.0132,3346.0889,6,0.8925,0.1075,0.0,0
198.4252,29.1061,49418.3392,7,0.5375,0.1104,0.3521,0
541.7204,195.1935,431076.8235,68,0.6689,0.0199,0.3112,1
268.1471,28.3095,17525.8821,13,0.6988,0.3012,0.0,0
154.6569,27.0921,45060.682,7,0.6889,0.3111,0.0,0
423.8707,107.2665,263824.611,77,0.6495,0.21,0.1404,1
123.9288,36.9197,17156.0789,3,0.6636,0.1903,0.1461,0
40.018,15.2323,40971.5285,11,0.8693,0.1307,0.0,0
167.204,37.0891,1740.0859,16,0.8262,0.1738,0.0,0
95.9139,18.9008,15802.914,2,0.7503,0.1813,0.0684,0
153.0541,31.3052,44043.7091,10,0.8596,0.1023,0.0381,0
41.2298,13.7701,44758.5367,8,0.5099,0.2931,0.197,0
208.9664,27.0809,13779.3526,12,0.5558,0.1546,0.2895,0
1143.9045,150.6084,175169.9893,36,0.9374,0.0004,0.0622,1
26.1147,31.4116,10163.7757,15,0.5996,0.2954,0.105,0
274.6748,18.5303,16576.1699,3,0.6062,0.3794,0.0144,0
276.0447,29.0413,39176.0893,15,0.5945,0.1242,0.2813,0
1810.1332,142.0203,470257.9659,54,0.971,0.029,0.0,1
187.0172,42.4142,5966.0628,18,0.8318,0.1682,0.0,0
1902.3898,135.2157,492765.0738,29,0.8765,0.1235,0.0,1
51.7335,46.0401,48277.7537,11,0.666,0.2426,0.0914,0
117.7963,37.253,18873.5379,2,0.533,0.2683,0.1987,0
199.0941,43.2623,10935.1688,1,0.617,0.164,0.219,0
117.514,32.5339,21657.889,19,0.8591,0.1409,0.0,0
1099.7368,249.2724,417130.5477,53,0.8011,0.1126,0.0863,1
1085.7187,430.7014,256028.1479,44,0.6761,0.1162,0.2077,1
11.242,49.2707,4603.7754,8,0.6256,0.1677,0.2068,0
187.1233,4.2301,28053.6595,5,0.8644,0.052,0.0836,0
101.6868,25.0731,16400.7353,5,0.5171,0.2367,0.2463,0
115.5914,20.4638,48494.7295,8,0.8852,0.1148,0.0,0
1147.7816,485.3043,362290.8421,39,0.8737,0.021,0.1053,1
1805.162,410.3293,280670.1372,75,0.683,0.1498,0.1672,1
41.6919,15.1538,41903.0292,19,0.8996,0.1004,0.0,0
53.8793,44.2387,22220.678,9,0.53,0.308,0.162,0
55.8495,29.9023,22218.7722,8,0.8062,0.0521,0.1417,0
284.671,19.2528,7623.6949,15,0.6814,0.1141,0.2045,0
287.2078,15.7541,49663.0782,3,0.5304,0.3903,0.0793,0
165.9755,40.5952,20303.3465,14,0.7926,0.1243,0.0831,0
19.7102,5.0666,47508.9116,12,0.558,0.3494,0.0926,0
82.8079,36.3689,22305.3676,10,0.5727,0.2612,0.1661,0
601.8262,494.7102,295062.2285,38,0.7672,0.0031,0.2297,1
124.4427,42.9456,42554.279,8,0.7249,0.1276,0.1476,0
194.2469,39.3033,24458.875,7,0.8743,0.1257,0.0,0
124.8571,8.4635,11914.9834,8,0.7074,0.2926,0.0,0
38.6418,39.5056,46016.0112,10,0.6282,0.3148,0.057,0
37.3114,46.6883,7081.1472,16,0.8975,0.1025,0.0,0
38.288,48.0586,42690.2366,7,0.7839,0.2161,0.0,0
40.614,29.1361,670.9841,13,0.7458,0.095,0.1592,0
65.2217,45.0257,2281.3112,12,0.5123,0.2501,0.2376,0
1798.8303,413.5646,105158.078,18,0.7283,0.2342,0.0374,1
126.62,12.8541,42692.0852,5,0.6935,0.2608,0.0457,0
185.1207,3.5629,25749.5844,18,0.6752,0.3248,0.0,0
33.7568,18.3225,37090.0693,11,0.59,0.2384,0.1716,0
957.7737,386.8119,366812.4384,29,0.7288,0.1425,0.1287,1
179.2558,21.968,29104.4421,3,0.532,0.3868,0.0812,0
219.9019,11.4296,43596.7094,15,0.7603,0.0775,0.1622,0
297.3986,11.0011,20043.2716,3,0.7047,0.1506,0.1448,0
152.4647,26.7287,12380.6579,7,0.8211,0.1789,0.0,0
937.1896,409.337,177801.9814,61,0.8673,0.077,0.0557,1
257.0845,15.6078,21350.4311,9,0.5361,0.1549,0.309,0
192.8875,31.0139,47067.4513,6,0.8624,0.1376,0.0,0
19.0599,42.5472,26106.7671,11,0.7171,0.087,0.1959,0
274.649,39.1191,42451.302,8,0.7662,0.2338,0.0,0
728.4339,250.2509,396786.227,32,0.9917,0.0083,0.0,1
1115.536,137.6451,386619.4879,63,0.6174,0.2558,0.1268,1
94.9418,26.964,24396.2371,3,0.5986,0.356,0.0454,0
708.1398,196.7483,181062.5807,45,0.7636,0.1047,0.1317,1
295.7358,22.3394,38914.1858,17,0.6357,0.2847,0.0796,0
175.0603,45.005,17847.13,1,0.8142,0.1858,0.0,0
1896.7464,400.4045,392390.286,42,0.6736,0.1732,0.1533,1
816.7499,307.6515,318143.4147,59,0.9186,0.0043,0.0771,1
113.7035,29.9194,34057.6123,5,0.7826,0.2174,0.0,0
166.4974,8.3584,19449.5401,15,0.7603,0.2397,0.0,0
119.306,43.6117,16125.4177,11,0.6113,0.1596,0.2291,0
116.3085,40.2354,42390.4036,17,0.6912,0.3088,0.0,0
99.4984,23.7056,22604.704,12,0.7067,0.0825,0.2108,0
37.2416,24.6127,48741.3344,6,0.6441,0.3541,0.0018,0
54.5376,3.6274,2070.4651,15,0.8349,0.1651,0.0,0
186.2317,19.1481,42862.9752,14,0.8247,0.0847,0.0906,0
114.8553,3.6403,9668.8527,2,0.8349,0.1651,0.0,0
517.7238,167.4303,342606.298,30,0.9145,0.0,0.0855,1
866.3306,256.4339,243880.6953,21,0.7001,0.0848,0.2151,1
175.295,1.1645,4080.6286,17,0.5688,0.0794,0.3518,0
22.3899,27.209,18833.5396,18,0.6819,0.0891,0.229,0
57.4879,1.8727,31690.4957,5,0.736,0.264,0.0,0
105.3462,25.9118,47647.3713,9,0.5777,0.3203,0.102,0
185.5209,45.8698,31516.2259,10,0.7927,0.0604,0.1469,0
275.4258,14.4674,36158.7327,11,0.8428,0.1572,0.0,0
167.693,12.7153,7265.39,9,0.5657,0.2712,0.1632,0
25.7877,30.8708,12427.5895,8,0.7571,0.0921,0.1508,0
275.0706,37.8945,32254.3992,19,0.6427,0.3573,0.0,0
32.4612,36.338,1826.2736,11,0.6135,0.3794,0.0071,0
922.1594,420.971,249073.833,63,0.9759,0.0173,0.0068,1
295.5484,37.928,8865.9178,15,0.6048,0.362,0.0332,0
215.2747,38.6201,2029.9492,9,0.7219,0.2781,0.0,0
1045.2408,120.8774,444167.0994,36,0.7235,0.2647,0.0119,1
41.487,39.797,31802.1127,17,0.8388,0.1612,0.0,0
236.4997,47.6134,39466.5441,7,0.8482,0.1518,0.0,0
227.7425,10.2099,24231.0282,13,0.6682,0.2641,0.0678,0
155.8337,35.1516,43725.2242,19,0.6407,0.1731,0.1861,0
673.3907,100.2445,392578.5987,48,0.8466,0.1534,0.0,1
173.893,31.8791,29614.7779,2,0.8733,0.1131,0.0136,0
166.1605,45.1596,27628.8795,14,0.7122,0.0918,0.196,0
109.6759,10.9046,12515.3341,3,0.5202,0.2026,0.2772,0
106.8872,48.7694,36391.3634,2,0.5354,0.3281,0.1365,0
61.3304,33.6206,40426.8831,3,0.5202,0.056,0.4237,0
247.4235,36.2888,8197.4202,1,0.766,0.1788,0.0552,0
166.463,27.183,14141.0216,1,0.6592,0.1716,0.1693,0
55.6299,42.6375,42303.9134,4,0.8387,0.1613,0.0,0
22.5693,45.4924,41386.8665,16,0.5303,0.3032,0.1665,0
230.5223,34.9825,969.8288,8,0.6048,0.3301,0.0651,0
956.6229,303.3245,356741.165,77,0.9571,0.0429,0.0,1
134.2933,19.2648,10804.3052,17,0.8141,0.1859,0.0,0
224.7292,33.7895,26657.2189,8,0.8093,0.1907,0.0,0
256.1439,34.9312,28580.903,11,0.5948,0.3258,0.0794,0
1825.6358,310.8951,370319.1647,29,0.8804,0.0264,0.0932,1
254.9717,24.9196,8658.4748,10,0.5784,0.3619,0.0597,0
247.6631,4.2087,8492.4457,19,0.5013,0.0544,0.4443,0
296.6951,23.7611,10995.5177,15,0.5881,0.3275,0.0844,0
1091.0888,148.2927,139410.8549,32,0.6483,0.0405,0.3113,1
281.6758,26.7036,21002.7797,18,0.8235,0.1765,0.0,0
1564.3001,294.1059,252122.2357,49,0.6784,0.1803,0.1413,1
281.8345,26.609,23289.1649,12,0.6549,0.3451,0.0,0
96.8212,48.5357,12540.6834,12,0.7778,0.2222,0.0,0
1699.7705,344.4654,470712.789,48,0.6133,0.1703,0.2164,1
261.3724,6.7964,12692.048,15,0.5677,0.1575,0.2748,0
49.0201,27.9259,32702.63,4,0.7039,0.1679,0.1282,0
259.6226,39.573,2459.134,16,0.7363,0.2637,0.0,0
467.5865,409.2973,230953.7541,16,0.6688,0.213,0.1182,1
286.3475,43.9847,44036.011,15,0.8023,0.1977,0.0,0
508.0276,293.4264,299380.4883,32,0.7372,0.2611,0.0017,1
264.901,23.1934,36475.8985,4,0.5622,0.0708,0.3669,0
126.0178,12.0667,38677.0698,5,0.5448,0.0763,0.3789,0
1863.0776,375.6827,432145.3399,38,0.7682,0.1651,0.0667,1
180.4141,6.8132,38639.0161,1,0.7379,0.2621,0.0,0
561.8421,238.4781,429218.4447,96,0.6747,0.0574,0.2679,1
271.5558,25.2045,43962.3886,1,0.8955,0.1045,0.0,0
194.8459,2.2644,33951.6514,10,0.5699,0.1978,0.2323,0
292.1425,4.0829,15655.2201,8,0.5084,0.1096,0.382,0
914.587,301.4349,291698.0319,43,0.7304,0.2159,0.0537,1
147.3926,6.2856,1753.4339,4,0.7313,0.2687,0.0,0
256.7128,43.2081,15915.8059,14,0.7412,0.1244,0.1344,0
1105.7446,362.0618,318273.6237,67,0.8559,0.116,0.0282,1
49.2444,21.4189,11852.7442,13,0.5867,0.1312,0.2821,0
646.7572,313.2711,147500.7936,57,0.8631,0.014,0.1229,1
164.1804,29.29,22148.2193,2,0.5551,0.1341,0.3108,0
1013.5745,343.3474,233868.539,56,0.6041,0.1033,0.2926,1
107.8092,27.5989,17137.5619,2,0.5427,0.1329,0.3244,0
87.9274,10.5193,43047.3765,12,0.5104,0.298,0.1916,0
278.1944,3.4151,1192.2048,7,0.5029,0.1065,0.3905,0
153.6925,33.7711,36499.4172,10,0.5973,0.1174,0.2853,0
235.3743,44.3015,25234.3716,11,0.5416,0.1702,0.2882,0
654.7173,390.2775,493042.4587,90,0.8813,0.1187,0.0,1
848.3539,324.83,343005.2061,70,0.999,0.001,0.0,1
105.3478,26.7322,23000.3104,14,0.6059,0.0509,0.3432,0
223.5917,32.0651,45822.7538,2,0.8043,0.1957,0.0,0
70.9014,26.0837,7359.835,10,0.6711,0.2042,0.1247,0
104.6986,14.8477,18518.4841,13,0.8923,0.1077,0.0,0
206.9315,38.6918,10447.6859,14,0.6299,0.2786,0.0915,0
124.0357,38.5659,41910.5783,15,0.6335,0.2096,0.1569,0
1524.9974,468.745,95962.5114,42,0.8706,0.1294,0.0,1
527.5026,208.6389,277135.8256,76,0.6795,0.0988,0.2217,1
1950.9685,229.811,218639.7968,86,0.8536,0.1464,0.0,1
617.3617,147.9563,276596.0851,89,0.7838,0.2162,0.0,1
226.3239,46.6037,17277.8515,1,0.7234,0.1454,0.1312,0
148.8863,14.2398,20387.8569,8,0.5128,0.096,0.3912,0
206.2292,30.171,32705.6809,16,0.8644,0.1356,0.0,0
27.0135,30.3717,26100.1051,19,0.6637,0.2273,0.1091,0
1994.794,241.9593,113058.2718,83,0.6277,0.03,0.3423,1
145.3583,29.696,16853.0913,4,0.8849,0.1151,0.0,0
145.0265,34.3922,40838.135,7,0.5977,0.273,0.1294,0
420.4679,256.1499,234645.9516,38,0.6554,0.0876,0.257,1
41.0911,6.8358,3301.9776,10,0.8702,0.1298,0.0,0
120.9625,26.3449,26561.2241,4,0.722,0.278,0.0,0
25.5775,26.9215,17200.9772,18,0.7618,0.2382,0.0,0
244.2015,17.784,24318.4318,1,0.6026,0.3674,0.0299,0
235.434,49.1689,18534.9128,9,0.6101,0.2237,0.1662,0
883.2549,374.9542,151866.345,98,0.8863,0.0065,0.1073,1
20.5045,10.0919,2586.0124,5,0.5199,0.3579,0.1222,0
117.8811,8.6814,20740.0773,9,0.5844,0.2701,0.1455,0
263.1136,34.1908,10982.2536,16,0.8897,0.1103,0.0,0
291.2402,23.5532,28388.4158,18,0.8061,0.1939,0.0,0
44.4164,36.817,1066.0295,7,0.6199,0.152,0.2281,0
44.2217,28.2764,46762.9103,14,0.5583,0.1322,0.3095,0
1041.0278,195.9703,124674.0205,88,0.7886,0.1728,0.0386,1
86.0927,28.1978,2582.0887,15,0.6706,0.1126,0.2168,0
1850.8971,268.6776,310122.1219,72,0.8487,0.1513,0.0,1
1459.2291,233.7645,363991.8029,97,0.9977,0.0023,0.0,1
39.6851,20.2405,13426.879,15,0.6881,0.1635,0.1484,0
427.9025,274.2739,339199.6066,98,0.7209,0.2365,0.0426,1
10.3051,44.7556,22208.0886,4,0.719,0.234,0.047,0
273.2054,48.1446,21720.2103,19,0.8474,0.1526,0.0,0
698.0737,116.7443,360978.5001,56,0.9857,0.0143,0.0,1
1644.9183,289.2873,373562.5881,60,0.9192,0.0808,0.0,1
53.1272,14.5715,42429.6813,18,0.8812,0.1188,0.0,0
240.8448,35.3338,42758.1234,7,0.8803,0.1197,0.0,0
233.4622,18.1505,15555.9781,14,0.8788,0.1212,0.0,0
164.8136,8.1589,49530.0312,10,0.8391,0.1609,0.0,0
161.3742,14.1369,27075.0311,9,0.5223,0.2218,0.2559,0
593.4772,134.0495,144259.6571,58,0.9027,0.0973,0.0,1
296.1114,41.7934,45115.2782,12,0.6551,0.219,0.1259,0
165.8321,36.1903,45971.7711,4,0.8641,0.1359,0.0,0
1482.4637,318.7985,192505.6189,87,0.9066,0.0934,0.0,1
65.9941,3.7345,31161.1177,8,0.5591,0.1471,0.2937,0
64.1407,43.1309,48029.4511,17,0.597,0.2157,0.1872,0
220.4554,13.8582,21201.5065,2,0.5837,0.3274,0.0889,0
11.7662,42.4617,2551.1011,10,0.7434,0.2031,0.0535,0
107.5229,14.468,5463.053,14,0.7738,0.1383,0.088,0
1444.5537,238.3897,492412.3962,56,0.7147,0.0611,0.2243,1
1308.0055,325.6702,167182.9052,70,0.8393,0.0882,0.0725,1
915.8322,140.8443,94944.6744,24,0.7675,0.1775,0.055,1
99.9971,49.6143,40526.666,9,0.5295,0.1097,0.3608,0
1421.0837,277.1194,450279.2741,52,0.6691,0.1167,0.2142,1
214.0608,18.2772,39492.6445,2,0.5847,0.135,0.2804,0
253.4874,38.3684,27414.6524,15,0.621,0.2594,0.1196,0
129.4585,19.6327,2758.7732,9,0.5229,0.37,0.107,0
119.1191,42.7387,843.2126,9,0.6577,0.1482,0.1941,0
292.3538,5.2206,30394.6,5,0.6649,0.3351,0.0,0
49.1731,21.6412,8835.7662,19,0.8643,0.1357,0.0,0
207.7219,6.3674,17060.4827,16,0.781,0.219,0.0,0
1575.2557,80.1969,404248.2854,95,0.9948,0.0052,0.0,1
231.0529,43.5806,34186.2027,18,0.6681,0.0976,0.2343,0
142.3128,29.1056,5593.9954,6,0.6633,0.3367,0.0,0
25.4167,47.4075,48776.8998,19,0.8878,0.1122,0.0,0
188.0102,35.7626,11621.3922,13,0.5597,0.1071,0.3332,0
199.6326,45.0097,15475.7973,10,0.8099,0.0537,0.1364,0
1761.7649,378.3879,178440.603,76,0.7394,0.2606,0.0,1
282.9121,17.545,15049.8933,7,0.6405,0.3328,0.0268,0
261.3166,28.2912,16764.2753,6,0.7125,0.2875,0.0,0
53.2634,29.7217,845.8486,11,0.8483,0.133,0.0187,0
559.1852,217.5827,184505.7363,22,0.7907,0.1668,0.0425,1
126.0779,42.4653,39606.0517,15,0.8161,0.0719,0.1121,0
84.7893,32.1335,34928.1903,6,0.8014,0.1705,0.0281,0
444.1919,257.8304,349618.6202,89,0.9699,0.029,0.0011,1
20.3037,1.6457,7043.6934,18,0.5016,0.2864,0.212,0
78.1292,18.2312,15056.8604,6,0.6913,0.3087,0.0,0
263.2396,38.9181,41079.3253,15,0.8312,0.1688,0.0,0
125.1126,41.9071,5304.4726,4,0.6224,0.0571,0.3204,0
1103.0845,103.8449,387777.5651,88,0.9036,0.0964,0.0,1
131.732,30.2021,41143.044,4,0.7052,0.0897,0.2051,0
1429.9189,83.5192,289208.9059,95,0.8188,0.1812,0.0,1
188.4998,2.7123,14998.321,8,0.7224,0.2776,0.0,0
639.0668,441.7136,306789.1849,83,0.7081,0.0474,0.2445,1
1530.44,151.9163,450978.6439,73,0.9404,0.0596,0.0,1
1862.988,317.5391,273146.1386,53,0.9675,0.0325,0.0,1
290.8809,29.6014,36289.6737,15,0.7726,0.2043,0.0231,0
196.7627,20.0048,44918.1536,18,0.6654,0.3346,0.0,0
299.3496,33.9794,29199.3236,14,0.624,0.376,0.0,0
263.623,32.8225,37886.6771,3,0.8803,0.1197,0.0,0
263.3555,34.4524,15734.571,11,0.734,0.1861,0.0799,0
70.2148,47.8689,11340.4399,9,0.7226,0.1316,0.1458,0
234.94,25.034,655.8459,11,0.7259,0.2363,0.0378,0
67.4541,30.981,14394.4962,9,0.8117,0.1883,0.0,0
178.7796,14.2035,38018.0406,6,0.7909,0.0896,0.1195,0
540.8774,340.4914,345369.3299,96,0.7848,0.1019,0.1133,1
293.0094,14.5009,16538.9442,17,0.7294,0.1303,0.1403,0
1494.8905,395.2111,395510.1978,77,0.7082,0.2908,0.001,1
155.2149,15.6489,9987.0258,7,0.5631,0.1099,0.327,0
288.1313,44.7858,2099.1477,4,0.7362,0.2326,0.0312,0
192.6385,23.103,41684.0778,19,0.8853,0.1147,0.0,0
228.1279,21.3346,20893.3857,3,0.8118,0.1433,0.0449,0
1910.8317,344.2709,398827.1624,46,0.6305,0.0635,0.3061,1
210.3044,39.8098,25067.5254,9,0.7351,0.2649,0.0,0
869.3705,354.1021,245486.2806,39,0.7445,0.0454,0.21,1
129.5887,47.4163,16157.1898,2,0.5197,0.0955,0.3848,0
252.791,47.9974,17229.6664,14,0.5085,0.329,0.1624,0
248.3424,23.4471,46663.0652,19,0.6166,0.3061,0.0773,0
688.0796,125.6947,286713.9151,66,0.7034,0.2057,0.091,1
158.7473,23.4261,8131.6941,10,0.667,0.2588,0.0742,0
1605.1047,482.4978,407629.8398,63,0.9912,0.001,0.0078,1
248.026,47.5519,37665.463,8,0.7373,0.2529,0.0097,0
120.6031,48.8832,36077.2406,18,0.6987,0.2793,0.022,0
71.5227,41.4444,10494.0404,4,0.5125,0.3251,0.1623,0
24.3651,11.2105,19152.8924,7,0.5443,0.084,0.3718,0
697.1497,251.8941,86592.1215,54,0.823,0.177,0.0,1
199.4974,28.2753,5823.4699,6,0.5494,0.1545,0.2961,0
1659.9403,141.1545,335524.4008,30,0.6711,0.2314,0.0975,1
857.269,267.6554,100950.3648,75,0.7151,0.0333,0.2516,1
96.8293,19.9773,44894.3536,3,0.6415,0.3585,0.0,0
126.9728,44.933,10193.8006,3,0.5146,0.089,0.3965,0
218.4109,32.8343,29768.4552,19,0.8504,0.1496,0.0,0
208.0922,21.8496,48671.9989,4,0.7176,0.2824,0.0,0
913.9152,90.5079,240448.6812,33,0.8107,0.1815,0.0078,1
239.6867,12.4351,36717.3267,8,0.6042,0.1344,0.2614,0
201.0385,10.0995,31701.1202,6,0.8274,0.1726,0.0,0
84.6184,41.4395,2689.157,2,0.6473,0.2555,0.0973,0
229.267,16.4748,11941.911,11,0.755,0.1291,0.1158,0
127.7239,47.2034,43540.8174,1,0.863,0.137,0.0,0
82.1202,36.2436,49530.2653,7,0.6232,0.1608,0.216,0
218.42,6.7938,34295.0702,14,0.7222,0.209,0.0688,0
195.0017,41.4325,46849.6467,11,0.5646,0.2973,0.1381,0
1802.6673,388.9233,455800.8661,57,0.9819,0.0181,0.0,1
26.0961,4.529,48444.365,19,0.6164,0.2804,0.1031,0
255.2528,45.1124,46798.542,10,0.7899,0.2101,0.0,0
34.5954,39.6,11953.0429,2,0.6208,0.3792,0.0,0
99.7758,10.6544,35029.5485,10,0.5525,0.0734,0.3741,0
53.6893,14.0127,2055.0275,8,0.5048,0.3785,0.1167,0
109.5099,42.5611,34022.1688,17,0.6591,0.3409,0.0,0
47.1671,41.109,32114.1716,14,0.8054,0.1946,0.0,0
1062.695,282.1191,417666.9906,68,0.923,0.077,0.0,1
236.3489,41.3077,8024.0987,8,0.5782,0.0717,0.3501,0
881.1503,371.298,187370.1459,57,0.9717,0.0283,0.0,1
205.1776,34.9242,3255.1489,10,0.7707,0.1481,0.0812,0
1588.8358,386.0024,379952.6446,79,0.8669,0.0542,0.0788,1
124.5307,14.1644,23823.8223,18,0.5209,0.1091,0.37,0
183.2444,38.003,6062.0187,15,0.6614,0.1442,0.1944,0
72.6663,47.125,17496.0321,5,0.8316,0.1684,0.0,0
1146.8683,281.7203,364600.1478,77,0.9774,0.0226,0.0,1
717.2891,113.1737,203540.0585,74,0.6201,0.1656,0.2143,1
179.5378,28.3326,27854.0446,16,0.5142,0.2479,0.2379,0
636.9559,158.0635,109782.3497,89,0.9556,0.0444,0.0,1
1508.4581,236.6342,162789.82,65,0.7199,0.1816,0.0985,1
71.171,4.4462,23577.1,6,0.5104,0.3924,0.0972,0
11.6965,25.1076,28983.9989,5,0.5397,0.1857,0.2746,0
566.0543,394.374,335161.7624,64,0.8074,0.1926,0.0,1
1452.3241,400.8237,494149.9813,18,0.7086,0.1886,0.1028,1
205.0075,24.3658,42858.2487,13,0.8028,0.197,0.0002,0
296.2139,19.3576,15746.1814,6,0.6197,0.2788,0.1015,0
1702.1033,467.1326,186504.5253,65,0.7599,0.0882,0.1519,1
1276.0284,113.9961,394439.9504,33,0.6917,0.175,0.1333,1
1288.2081,454.8921,217865.1067,26,0.9489,0.0294,0.0217,1
1311.6729,416.3869,411138.1082,69,0.831,0.0357,0.1333,1
182.43,5.1104,28941.2617,18,0.5777,0.3365,0.0858,0
26.5048,48.0924,11001.4822,6,0.5731,0.3163,0.1106,0
722.8061,205.0611,164523.3395,19,0.9744,0.0256,0.0,1
1223.2159,490.5663,187318.5411,67,0.8823,0.1177,0.0,1
65.7624,3.4128,37819.9619,10,0.8956,0.1044,0.0,0
213.4034,48.6958,35700.9172,17,0.5957,0.0897,0.3146,0
108.7055,46.6329,24924.8476,1,0.7224,0.2037,0.0738,0
276.5564,20.8508,47935.8507,7,0.8038,0.1962,0.0,0
264.2367,36.1863,36120.4421,12,0.7766,0.2052,0.0182,0
28.488,36.5279,27876.7014,2,0.8866,0.1134,0.0,0
92.4466,41.7362,32533.9868,11,0.5487,0.2274,0.2239,0
12.5273,27.2835,42474.4211,19,0.7974,0.2026,0.0,0
291.9804,39.7383,11756.6599,9,0.675,0.204,0.1211,0
285.144,11.2216,24860.6485,16,0.8761,0.0985,0.0254,0
184.4256,17.6675,25043.6424,18,0.8861,0.1139,0.0,0
1316.3778,371.4741,207105.9028,93,0.8066,0.0854,0.1081,1
180.8559,3.6795,11390.069,2,0.6582,0.1785,0.1633,0
252.4003,20.9988,2385.3873,4,0.8566,0.1434,0.0,0
175.2808,42.659,37055.6571,17,0.5922,0.2506,0.1572,0
254.0607,41.3293,15991.5438,5,0.852,0.1341,0.0139,0
194.9066,12.0438,38978.2461,10,0.7661,0.2252,0.0087,0
191.5146,19.6957,23473.6284,13,0.509,0.1934,0.2976,0
260.4105,47.653,17152.3383,17,0.743,0.257,0.0,0
110.036,31.1709,30958.0447,16,0.6627,0.3064,0.031,0
263.6066,29.0396,10200.411,5,0.8925,0.1075,0.0,0
48.2284,11.8958,39979.9503,17,0.6124,0.2508,0.1368,0
93.6321,44.7472,13599.9874,8,0.7614,0.2386,0.0,0
29.6761,45.0822,3804.1768,1,0.593,0.3281,0.0789,0
1006.594,134.7461,452899.8301,75,0.7336,0.1102,0.1562,1
226.6565,30.2982,38424.7698,13,0.7616,0.2384,0.0,0
277.1066,39.4108,26256.2978,19,0.5623,0.1289,0.3088,0
238.9989,1.6267,5570.183,1,0.6029,0.101,0.2961,0
224.1681,34.7447,25270.603,18,0.8228,0.1772,0.0,0
207.9423,34.0208,42304.7815,7,0.7971,0.2029,0.0,0
923.7239,195.9111,229233.9652,91,0.8845,0.1155,0.0,1
95.8158,14.6587,27342.8059,17,0.8349,0.1007,0.0644,0
169.2883,7.5934,45930.9508,3,0.6539,0.078,0.2682,0
1944.8029,478.3987,264637.2312,93,0.6115,0.1619,0.2266,1
190.935,42.286,27345.5494,5,0.7424,0.2576,0.0,0
581.2021,198.462,147159.3186,57,0.6623,0.0235,0.3142,1
96.6401,14.8517,40631.3522,5,0.6223,0.1314,0.2463,0
1985.4286,169.6834,439988.751,84,0.7158,0.1417,0.1425,1
1301.2812,244.3485,149036.8486,19,0.6973,0.1754,0.1273,1
191.1806,44.9029,10472.6413,1,0.5035,0.1226,0.3739,0
29.7963,37.7654,49563.4174,15,0.8163,0.1837,0.0,0
195.8742,44.3957,27306.9681,14,0.7317,0.2683,0.0,0
139.8358,22.1111,9034.3675,5,0.6621,0.2847,0.0532,0
227.4774,7.2537,25019.6833,19,0.7876,0.2124,0.0,0
59.2828,20.3001,14856.7015,3,0.8402,0.0582,0.1015,0
67.542,39.6385,45384.8936,13,0.6287,0.0972,0.2741,0
1533.4532,328.4565,482511.6631,95,0.6848,0.1828,0.1324,1
156.1406,9.7212,16429.8455,1,0.5418,0.2228,0.2354,0
160.1445,30.325,33311.4314,4,0.8644,0.0784,0.0572,0
45.3573,42.8984,25957.8116,11,0.5964,0.0769,0.3267,0
14.2768,3.7522,1715.5219,16,0.7196,0.2632,0.0171,0
185.6216,18.9861,2476.8845,10,0.809,0.0575,0.1335,0
133.7241,30.7957,35723.0968,3,0.5376,0.2952,0.1672,0
534.9328,124.8251,261267.6081,48,0.9441,0.0559,0.0,1
58.1011,40.987,25084.6663,14,0.596,0.0515,0.3524,0
119.5729,39.4523,20441.2122,9,0.6819,0.16,0.1581,0
224.5836,22.5719,38884.4122,4,0.599,0.0636,0.3374,0
199.9488,30.5417,43975.2362,8,0.7935,0.2065,0.0,0
168.1926,15.8994,29675.5074,10,0.5486,0.0937,0.3576,0
194.0683,33.009,43701.2648,10,0.7203,0.2797,0.0,0
156.1785,1.7936,46361.3388,9,0.7257,0.2521,0.0222,0
177.4283,25.0175,42239.203,15,0.883,0.0652,0.0519,0
60.3588,11.6412,14490.0181,18,0.8843,0.1157,0.0,0
695.6304,309.7063,288810.238,23,0.7129,0.1659,0.1212,1
1789.5844,112.5094,137802.3381,68,0.8708,0.0769,0.0523,1
287.7076,11.6673,37716.605,11,0.8423,0.1577,0.0,0
90.826,44.9726,41442.3564,6,0.735,0.265,0.0,0
211.5611,48.3929,36727.8899,17,0.6588,0.2649,0.0763,0
754.0386,287.5358,422999.0718,74,0.8043,0.1957,0.0,1
186.5349,16.362,31880.2418,17,0.7024,0.0789,0.2187,0
1025.7734,131.741,193083.1755,87,0.6295,0.2516,0.1189,1
266.6058,35.4481,41042.9824,18,0.7946,0.2054,0.0,0
104.1794,13.783,21878.7052,12,0.5629,0.1346,0.3024,0
39.9103,14.2115,4961.3055,14,0.7307,0.2693,0.0,0
176.7544,3.415,32053.987,9,0.5045,0.3359,0.1596,0
211.3229,42.2538,7384.999,13,0.6095,0.0788,0.3117,0
206.6473,20.681,31253.2032,9,0.7179,0.2821,0.0,0
1936.0093,204.825,422630.0002,34,0.6504,0.261,0.0886,1
253.1104,25.3557,40639.8627,11,0.8906,0.1094,0.0,0
872.1277,265.34,453538.8099,18,0.8092,0.1754,0.0154,1
137.017,33.8074,25859.9257,14,0.5352,0.2722,0.1927,0
672.9472,176.6201,190490.7378,90,0.8286,0.1714,0.0,1
180.8934,37.8224,23103.5043,18,0.8116,0.1884,0.0,0
275.6434,12.9478,34347.6412,11,0.7398,0.1511,0.1091,0
272.0993,20.353,25005.5359,7,0.7788,0.2212,0.0,0
111.541,34.255,48553.9041,18,0.5846,0.1187,0.2967,0
1009.2191,397.5198,157917.7932,17,0.6157,0.0611,0.3232,1
258.6113,25.0251,38028.6667,17,0.7538,0.2462,0.0,0
186.3574,41.3062,26913.3748,14,0.665,0.1712,0.1638,0
482.6688,496.1977,144658.7909,92,0.8731,0.0199,0.107,1
1401.8998,247.5368,117928.7509,16,0.7602,0.0248,0.215,1
227.3894,2.68,10225.9224,19,0.8388,0.1455,0.0157,0
219.8322,5.0037,12386.0149,13,0.8041,0.1959,0.0,0
276.6643,44.5222,7505.7956,1,0.7514,0.2486,0.0,0
186.4072,44.1201,7815.2447,2,0.7829,0.2171,0.0,0
282.2536,47.9891,13946.3334,9,0.5331,0.3574,0.1095,0
894.9304,492.2778,477444.2157,55,0.7366,0.1169,0.1464,1
112.619,29.2457,24488.8563,15,0.6404,0.1786,0.181,0
212.448,13.8458,42238.9402,15,0.7181,0.1578,0.1241,0
257.4771,49.8796,26718.2399,17,0.617,0.3267,0.0563,0
1385.7204,442.7728,207606.041,22,0.8085,0.1915,0.0,1
1075.5283,144.6654,128842.5526,17,0.9737,0.0263,0.0,1
12.9712,8.6602,6498.2519,5,0.7094,0.2906,0.0,0
265.3522,49.5558,37661.7693,2,0.5377,0.1085,0.3538,0
31.7759,32.6139,5567.7877,11,0.7763,0.0595,0.1642,0
939.8904,292.7087,228325.3194,85,0.6211,0.1688,0.2101,1
67.245,47.1344,24388.0847,9,0.6088,0.3464,0.0447,0
152.923,33.8356,22066.7947,14,0.5785,0.3281,0.0934,0
212.506,32.4969,26360.0586,17,0.6778,0.2628,0.0595,0
1280.3385,415.0962,388144.3071,89,0.9451,0.0549,0.0,1
520.5188,422.3695,215014.4828,31,0.9365,0.0635,0.0,1
1838.2324,269.6315,311014.7158,37,0.9289,0.0457,0.0254,1
1537.5747,224.6621,288153.4835,96,0.7746,0.0524,0.1729,1
1214.1786,234.1902,397871.4621,63,0.7316,0.2409,0.0275,1
1419.003,200.319,480479.5885,83,0.6234,0.0418,0.3348,1
947.1661,416.852,337538.0544,92,0.7633,0.0985,0.1382,1
144.4763,32.2385,4178.7038,11,0.7911,0.2087,0.0003,0
1677.2742,379.488,268866.012,27,0.7515,0.0087,0.2397,1
1401.2249,229.5011,328102.0295,69,0.8408,0.1592,0.0,1
51.3128,34.9818,46862.8887,6,0.7131,0.266,0.0209,0
154.501,38.0599,9590.3048,4,0.7583,0.2417,0.0,0
1120.9721,147.7286,234452.0405,77,0.6641,0.1676,0.1683,1
52.7535,39.9158,14252.2325,3,0.6881,0.2007,0.1112,0
293.8039,49.7927,26012.045,5,0.5366,0.3366,0.1268,0
248.7657,21.0507,30856.2947,8,0.52,0.2666,0.2134,0
25.9311,49.3812,21209.3174,19,0.57,0.164,0.266,0
176.5462,20.6607,34883.2288,3,0.7673,0.2327,0.0,0
234.5812,21.3937,35317.6765,15,0.8843,0.1157,0.0,0
88.8931,39.2707,47008.8887,2,0.6247,0.2816,0.0936,0
86.1135,32.2327,36286.2549,15,0.6214,0.3444,0.0343,0
1023.3833,164.2424,439960.8534,66,0.8495,0.1505,0.0,1
839.1384,80.0261,419017.941,90,0.6433,0.2472,0.1095,1
64.132,3.3663,25987.1515,6,0.6065,0.105,0.2885,0
168.6265,5.1065,44950.0052,4,0.5802,0.1025,0.3173,0
213.9238,40.9173,48946.0371,8,0.6158,0.2041,0.1801,0
144.4787,25.1021,39241.4589,18,0.6171,0.3829,0.0,0
987.2105,404.2842,185863.9608,29,0.6015,0.1399,0.2586,1
1673.199,363.3038,482881.933,95,0.8992,0.1008,0.0,1
896.4549,259.4395,436707.4003,68,0.7089,0.2444,0.0467,1
240.0275,24.6785,15950.3884,4,0.8013,0.1987,0.0,0
208.7218,1.3988,41579.1616,5,0.7801,0.1154,0.1045,0
226.3702,15.7275,1857.0666,9,0.7962,0.074,0.1298,0
60.8505,40.6747,32554.5504,3,0.8996,0.068,0.0325,0
108.9593,3.1832,6575.5337,4,0.7107,0.2492,0.0401,0
132.2897,31.9543,36268.8596,10,0.7053,0.1775,0.1172,0
82.7647,30.4228,36689.9285,10,0.8785,0.1215,0.0,0
103.5144,34.5371,44361.3339,9,0.7462,0.1836,0.0702,0
268.2038,14.7251,34683.4113,11,0.8111,0.1889,0.0,0
557.0836,264.5912,278332.4531,94,0.9603,0.0397,0.0,1
189.8433,15.8527,33775.1323,11,0.7618,0.2382,0.0,0
79.1182,40.6528,17793.5793,16,0.6579,0.2386,0.1035,0
28.3767,20.3015,44355.5891,13,0.6962,0.2919,0.0118,0
1199.8244,136.8703,424115.8033,29,0.9455,0.0545,0.0,1
1654.4949,107.2983,183679.7063,19,0.8504,0.1496,0.0,1
1045.3114,308.1535,360218.5154,65,0.8582,0.1418,0.0,1
256.7003,48.6186,21730.853,18,0.6297,0.3654,0.0049,0
64.1564,43.706,25916.2714,2,0.7758,0.2242,0.0,0
198.2776,5.4263,680.7083,6,0.6702,0.2947,0.0351,0
253.1258,24.6517,31116.3126,19,0.7486,0.1766,0.0749,0
55.2114,36.3837,40354.9642,8,0.702,0.0894,0.2086,0
699.0205,246.2077,333935.4905,43,0.8722,0.1278,0.0,1
847.258,302.4528,302835.3762,65,0.9108,0.0892,0.0,1
207.6671,33.2173,6348.9945,17,0.8638,0.1362,0.0,0
172.9446,22.5571,34100.2254,19,0.6194,0.1075,0.2731,0
225.0978,49.2563,17992.3202,13,0.6858,0.1109,0.2033,0
259.4069,41.2531,30180.9175,7,0.7546,0.1343,0.1111,0
